Loan_ID,Gender,Married,Dependents,Education,Self_Employed,ApplicantIncome,CoapplicantIncome,LoanAmount,Loan_Amount_Term,Credit_History,Property_Area,Loan_Status,Age,Employment Status,Employment Years,Monthly Income,Existing Debt,Credit Score,Loan Type,Loan Purpose,Collateral Available
LP001003,Male,Yes,1,Graduate,No,1537596.5,505934.0,43000000.0,360.0,1.0,Rural,N,61,Employed,0,175641.06,33280.86,791,Personal,Wedding,No
LP001005,Male,Yes,0,Graduate,Yes,1006500.0,0.0,22000000.0,360.0,1.0,Urban,Y,56,Self-Employed,12,279381.03,79547.83,695,Home,Home Improvement,No
LP001006,Male,Yes,0,Not Graduate,No,866596.5,791109.0,40500000.0,360.0,1.0,Urban,Y,42,Employed,16,165454.31,148942.44,664,Home,Home Improvement,Yes
LP001008,Male,No,0,Graduate,No,2013000.0,0.0,47500000.0,360.0,1.0,Urban,Y,37,Employed,16,108022.32,407711.44,721,Personal,Medical Expenses,No
LP001013,Male,Yes,0,Not Graduate,No,782721.5,508618.0,32000000.0,360.0,1.0,Urban,Y,54,Employed,1,136764.54,450711.96,672,Home,Home Improvement,Yes
LP001024,Male,Yes,2,Graduate,No,1073600.0,234850.0,23500000.0,360.0,1.0,Urban,Y,50,Employed,32,146596.98,297560.08,720,Education,Study Abroad,Yes
LP001027,Male,Yes,2,Graduate,,838750.0,617320.0,36500000.0,360.0,1.0,Urban,Y,57,Employed,21,112859.95,270108.18,734,Business,Business Expansion,Yes
LP001029,Male,No,0,Graduate,No,621681.5,952820.0,38000000.0,360.0,1.0,Rural,N,29,Employed,8,101394.21,271201.54,699,Business,Equipment Purchase,No
LP001030,Male,Yes,2,Graduate,No,435814.5,364353.0,5500000.0,120.0,1.0,Urban,Y,50,Employed,10,180248.6,407878.14,659,Business,Business Expansion,No
LP001032,Male,No,0,Graduate,No,1660725.0,0.0,42000000.0,360.0,1.0,Urban,Y,46,Employed,12,254838.94,16349.14,630,Personal,Wedding,No
LP001034,Male,No,1,Not Graduate,No,1206458.0,0.0,33500000.0,240.0,,Urban,Y,65,Employed,18,208572.5,284846.78,516,Business,Equipment Purchase,Yes
LP001036,Female,No,0,Graduate,No,1177605.0,0.0,25500000.0,360.0,0.0,Urban,N,54,Employed,33,267449.95,399344.85,608,Home,Home Improvement,No
LP001038,Male,Yes,0,Not Graduate,No,1639588.5,0.0,44500000.0,360.0,1.0,Rural,N,40,Employed,8,51769.17,73815.15,707,Personal,Travel,Yes
LP001041,Male,Yes,0,Graduate,,872300.0,1174250.0,38500000.0,,1.0,Urban,Y,26,Employed,4,59412.99,62228.16,738,Personal,Wedding,No
LP001043,Male,Yes,0,Not Graduate,No,2569930.0,0.0,35000000.0,360.0,0.0,Urban,N,35,Employed,14,177043.14,151586.21,533,Personal,Medical Expenses,Yes
LP001047,Male,Yes,0,Not Graduate,No,872300.0,641140.5,39000000.0,360.0,0.0,Semiurban,N,21,Employed,1,339588.41,104276.19,441,Personal,Wedding,No
LP001050,,Yes,2,Not Graduate,No,1128957.5,643153.5,37500000.0,360.0,0.0,Rural,N,21,Employed,3,163642.47,95597.0,610,Business,Working Capital,No
LP001068,Male,Yes,0,Graduate,No,939064.5,755881.5,41000000.0,360.0,1.0,Semiurban,Y,33,Employed,9,162785.35,399941.64,650,Home,Home Renovation,Yes
LP001073,Male,Yes,2,Not Graduate,No,1417823.0,348920.0,,360.0,1.0,Urban,Y,56,Employed,12,137964.44,96800.59,666,Business,Business Expansion,Yes
LP001086,Male,No,0,Not Graduate,No,483791.0,0.0,11500000.0,360.0,1.0,Urban,N,51,Employed,12,206699.28,89838.12,704,Personal,Debt Consolidation,Yes
LP001087,Female,No,2,Graduate,,1258125.0,698846.5,40500000.0,360.0,1.0,Semiurban,Y,48,Employed,30,109876.16,280444.65,636,Personal,Debt Consolidation,No
LP001095,Male,No,0,Graduate,No,1062528.5,0.0,25000000.0,360.0,1.0,Urban,N,47,Employed,8,174823.2,105689.42,689,Personal,Wedding,No
LP001097,Male,No,1,Graduate,Yes,1574166.0,0.0,35500000.0,360.0,1.0,Rural,N,62,Self-Employed,4,124364.47,80872.72,624,Auto,Vehicle Purchase,Yes
LP001098,Male,Yes,0,Graduate,No,1174250.0,559278.5,38000000.0,360.0,1.0,Semiurban,Y,58,Employed,14,189450.01,157231.85,727,Personal,Wedding,Yes
LP001109,Male,Yes,0,Graduate,No,613294.0,446215.0,33500000.0,,0.0,Urban,N,49,Employed,16,162939.71,162067.53,614,Personal,Medical Expenses,No
LP001112,Female,Yes,0,Graduate,No,1230278.5,489494.5,48500000.0,360.0,1.0,Semiurban,Y,21,Employed,3,231811.41,82818.78,713,Auto,Vehicle Repair,No
LP001116,Male,No,0,Not Graduate,No,1257454.0,559614.0,,360.0,1.0,Semiurban,Y,32,Employed,4,173718.75,314104.39,703,Auto,Vehicle Repair,No
LP001119,Male,No,0,Graduate,No,1207800.0,0.0,27000000.0,360.0,1.0,Urban,N,26,Employed,8,344148.66,280013.72,805,Education,Tuition Fees,Yes
LP001120,Male,No,0,Graduate,No,603900.0,406961.5,16000000.0,360.0,1.0,Urban,Y,57,Employed,14,113404.73,464569.54,693,Home,Home Renovation,Yes
LP001123,Male,Yes,0,Graduate,No,805200.0,0.0,25000000.0,360.0,,Urban,Y,53,Employed,29,131204.21,636093.77,562,Personal,Wedding,Yes
LP001131,Male,Yes,0,Graduate,No,1322205.5,783728.0,45000000.0,360.0,1.0,Semiurban,Y,60,Employed,30,239626.37,69969.32,695,Auto,Vehicle Repair,No
LP001136,Male,Yes,0,Not Graduate,Yes,1575172.5,0.0,32000000.0,,1.0,Urban,Y,60,Self-Employed,17,254151.86,158333.11,711,Education,Tuition Fees,No
LP001137,Female,No,0,Graduate,No,1144055.0,0.0,29500000.0,,1.0,Urban,Y,41,Employed,0,179350.14,498823.42,791,Home,Home Purchase,Yes
LP001138,Male,Yes,1,Graduate,No,1895239.5,0.0,15000000.0,360.0,1.0,Urban,Y,54,Employed,25,144743.4,64373.28,572,Personal,Wedding,No
LP001144,Male,Yes,0,Graduate,No,1952945.5,0.0,48500000.0,360.0,1.0,Urban,Y,27,Employed,8,269297.34,186017.9,528,Home,Home Purchase,No
LP001146,Female,Yes,0,Graduate,No,887397.5,,40500000.0,360.0,0.0,Urban,N,41,Employed,5,61031.19,72804.23,625,Personal,Travel,No
LP001151,Female,No,0,Graduate,No,1342000.0,763262.5,48500000.0,360.0,1.0,Semiurban,Y,21,Employed,2,248275.5,106546.86,642,Personal,Wedding,No
LP001155,Female,Yes,0,Not Graduate,No,646844.0,551562.0,33500000.0,360.0,1.0,Semiurban,Y,21,Employed,1,261409.32,402474.21,776,Personal,Debt Consolidation,No
LP001157,Female,No,0,Graduate,No,1035353.0,0.0,40500000.0,360.0,1.0,Semiurban,Y,46,Employed,26,156724.4,154974.85,660,Education,Tuition Fees,No
LP001164,Female,No,0,Graduate,No,1419165.0,0.0,37500000.0,360.0,1.0,Semiurban,N,45,Employed,7,225122.73,565435.82,659,Home,Home Improvement,No
LP001179,Male,Yes,2,Graduate,No,1548668.0,0.0,45000000.0,360.0,1.0,Urban,N,23,Employed,0,217275.01,383941.95,704,Home,Home Improvement,No
LP001194,Male,Yes,2,Graduate,No,908534.0,391528.5,32500000.0,360.0,1.0,Semiurban,Y,53,Employed,10,87822.06,102531.97,649,Personal,Travel,No
LP001195,Male,Yes,0,Graduate,No,715286.0,533780.5,32000000.0,360.0,1.0,Semiurban,Y,49,Employed,15,78889.45,98465.27,743,Auto,Vehicle Repair,Yes
LP001197,Male,Yes,0,Graduate,No,1129293.0,,45500000.0,360.0,1.0,Rural,N,23,Employed,2,128871.79,94002.26,702,Home,Home Improvement,Yes
LP001199,Male,Yes,2,Not Graduate,No,1126273.5,959194.5,48500000.0,360.0,1.0,Urban,Y,36,Employed,9,164510.69,59959.47,741,Business,Working Capital,No
LP001205,Male,Yes,0,Graduate,No,838750.0,1273558.0,40500000.0,360.0,1.0,Urban,Y,26,Employed,2,233954.1,653049.05,639,Education,Tuition Fees,Yes
LP001206,Male,Yes,3+,Graduate,No,1016229.5,0.0,33000000.0,360.0,1.0,Urban,Y,55,Employed,12,77325.77,443235.86,594,Auto,Vehicle Purchase,No
LP001222,Female,No,0,Graduate,No,1397693.0,0.0,39000000.0,360.0,0.0,Semiurban,N,56,Employed,21,192289.82,103044.25,552,Home,Home Improvement,No
LP001228,Male,No,0,Not Graduate,No,1073600.0,756217.0,42500000.0,180.0,0.0,Urban,N,22,Employed,2,303887.2,266633.95,639,Personal,Wedding,No
LP001238,Male,Yes,3+,Not Graduate,Yes,2382050.0,0.0,42000000.0,60.0,1.0,Urban,Y,24,Self-Employed,0,118676.79,436342.78,599,Home,Home Renovation,No
LP001241,Female,No,0,Graduate,No,,0.0,45500000.0,360.0,0.0,Semiurban,N,54,Employed,12,265789.46,136700.89,619,Auto,Vehicle Repair,No
LP001245,Male,Yes,2,Not Graduate,Yes,629062.5,629062.5,32500000.0,360.0,1.0,Semiurban,Y,55,Self-Employed,9,151937.49,372070.33,789,Business,Working Capital,No
LP001248,Male,No,0,Graduate,No,1174250.0,0.0,27000000.0,300.0,1.0,Semiurban,Y,56,Employed,9,237450.91,196749.73,678,Home,Home Purchase,No
LP001250,Male,Yes,3+,Not Graduate,No,1595302.5,0.0,32000000.0,,0.0,Semiurban,N,56,Employed,13,193531.88,534031.02,528,Business,Equipment Purchase,Yes
LP001255,Male,No,0,Graduate,No,1258125.0,0.0,38000000.0,480.0,1.0,Urban,N,33,Employed,5,121343.14,318862.7,809,Home,Home Renovation,No
LP001259,Male,Yes,1,Graduate,Yes,335500.0,1013881.0,37000000.0,360.0,1.0,Urban,N,43,Self-Employed,25,152538.77,113556.68,732,Personal,Debt Consolidation,No
LP001264,Male,Yes,3+,Not Graduate,Yes,1118221.5,726693.0,43500000.0,360.0,,Semiurban,Y,42,Self-Employed,12,247074.27,156720.05,514,Home,Home Purchase,No
LP001265,Female,No,0,Graduate,No,1290333.0,0.0,37000000.0,360.0,1.0,Semiurban,Y,46,Employed,11,177838.1,438364.5,841,Home,Home Purchase,Yes
LP001275,Male,Yes,1,Graduate,No,1337974.0,0.0,17000000.0,240.0,1.0,Urban,Y,64,Employed,6,225615.85,259697.37,617,Personal,Wedding,No
LP001279,Male,No,0,Graduate,No,793793.0,849150.5,45500000.0,360.0,1.0,Semiurban,Y,27,Employed,5,165769.08,15484.03,793,Education,Tuition Fees,Yes
LP001280,Male,Yes,2,Not Graduate,No,1118221.5,671000.0,33000000.0,360.0,,Semiurban,Y,52,Employed,22,209657.76,80299.34,539,Home,Home Renovation,No
LP001282,Male,Yes,0,Graduate,No,838750.0,710589.0,35000000.0,360.0,1.0,Semiurban,Y,30,Employed,11,236820.97,337047.45,671,Personal,Debt Consolidation,No
LP001316,Male,Yes,0,Graduate,No,992409.0,972950.0,44000000.0,360.0,1.0,Semiurban,Y,22,Employed,1,62254.26,146966.9,730,Auto,Vehicle Repair,Yes
LP001319,Male,Yes,2,Not Graduate,No,1098091.5,610610.0,27000000.0,360.0,1.0,Urban,Y,52,Employed,22,291375.58,94551.24,716,Education,Tuition Fees,No
LP001322,Male,No,0,Graduate,No,1386621.5,0.0,41000000.0,360.0,1.0,Semiurban,Y,32,Employed,12,68249.68,337106.4,689,Home,Home Improvement,No
LP001325,Male,No,0,Not Graduate,No,1214510.0,0.0,8500000.0,120.0,1.0,Semiurban,Y,24,Employed,0,196172.75,180567.65,669,Personal,Debt Consolidation,Yes
LP001327,Female,Yes,0,Graduate,No,833382.0,772321.0,46000000.0,360.0,1.0,Semiurban,Y,24,Employed,0,101599.85,218321.98,565,Personal,Travel,Yes
LP001333,Male,Yes,0,Graduate,No,663283.5,334493.5,17000000.0,360.0,1.0,Semiurban,Y,25,Employed,1,83399.91,313832.34,654,Home,Home Purchase,Yes
LP001334,Male,Yes,0,Not Graduate,No,1405074.0,0.0,38500000.0,180.0,1.0,Semiurban,Y,28,Employed,10,141760.94,152930.71,663,Home,Home Improvement,No
LP001343,Male,Yes,0,Graduate,No,590144.5,1188005.5,44000000.0,360.0,1.0,Semiurban,Y,44,Employed,15,202434.34,368993.83,741,Personal,Wedding,Yes
LP001345,Male,Yes,2,Not Graduate,No,1438624.0,1094736.5,44500000.0,180.0,1.0,Urban,Y,34,Employed,5,132251.85,581254.24,673,Home,Home Improvement,No
LP001367,Male,Yes,1,Graduate,No,1023946.0,345565.0,33500000.0,360.0,1.0,Urban,Y,54,Employed,28,158283.95,214143.27,587,Auto,Vehicle Purchase,No
LP001370,Male,No,0,Not Graduate,,2460221.5,0.0,40500000.0,360.0,1.0,Rural,N,57,Employed,14,90026.07,101246.19,715,Personal,Travel,Yes
LP001384,Male,Yes,3+,Not Graduate,No,694820.5,252967.0,31500000.0,480.0,1.0,Semiurban,Y,25,Employed,7,133824.08,53070.68,686,Business,Working Capital,No
LP001385,Male,No,0,Graduate,No,1783518.0,0.0,45500000.0,360.0,1.0,Urban,Y,50,Employed,25,156140.58,131626.74,651,Personal,Debt Consolidation,No
LP001387,Female,Yes,0,Graduate,,982679.5,782721.5,46500000.0,360.0,1.0,Semiurban,Y,23,Employed,4,46144.92,103520.4,717,Personal,Medical Expenses,Yes
LP001398,Male,No,0,Graduate,,1694275.0,0.0,39500000.0,360.0,1.0,Semiurban,Y,49,Unemployed,0,18523.7,493252.58,688,Personal,Debt Consolidation,No
LP001405,Male,Yes,1,Graduate,No,742797.0,469029.0,28500000.0,360.0,,Urban,Y,64,Employed,3,205096.64,305759.0,468,Education,Study Abroad,Yes
LP001430,Female,No,0,Graduate,No,1397693.0,0.0,15000000.0,360.0,1.0,Semiurban,Y,40,Employed,10,104074.69,23994.83,695,Personal,Wedding,Yes
LP001431,Female,No,0,Graduate,No,716963.5,3012790.0,46000000.0,360.0,0.0,Semiurban,Y,48,Employed,9,186800.1,162701.18,535,Auto,Vehicle Purchase,No
LP001432,Male,Yes,2,Graduate,No,992073.5,0.0,,360.0,1.0,Semiurban,Y,61,Employed,29,137091.37,321888.46,746,Personal,Medical Expenses,Yes
LP001443,Female,No,0,Graduate,No,1238666.0,0.0,31000000.0,360.0,,Rural,Y,43,Employed,22,106181.51,110426.63,600,Auto,Vehicle Repair,Yes
LP001473,Male,No,0,Graduate,No,675697.0,647179.5,,360.0,1.0,Urban,Y,37,Employed,8,108362.8,106641.49,783,Education,Tuition Fees,No
LP001478,Male,No,0,Graduate,No,911889.0,0.0,23500000.0,360.0,1.0,Semiurban,Y,33,Employed,12,123319.06,268043.93,747,Home,Home Improvement,No
LP001482,Male,Yes,0,Graduate,Yes,1160494.5,0.0,8500000.0,120.0,1.0,Semiurban,Y,41,Self-Employed,19,115970.24,13119.12,719,Business,Equipment Purchase,No
LP001487,Male,No,0,Graduate,No,1642272.5,0.0,34000000.0,360.0,1.0,Semiurban,Y,35,Employed,0,128084.31,131178.35,770,Home,Home Purchase,Yes
LP001489,Female,Yes,0,Graduate,No,1537596.5,0.0,28000000.0,360.0,1.0,Rural,N,39,Employed,21,402435.52,67929.41,608,Home,Home Improvement,No
LP001491,Male,Yes,2,Graduate,Yes,1112518.0,1174250.0,29500000.0,360.0,1.0,Urban,Y,62,Self-Employed,31,121556.58,343628.21,615,Personal,Wedding,Yes
LP001493,Male,Yes,2,Not Graduate,No,1409100.0,479765.0,43500000.0,360.0,1.0,Rural,N,35,Employed,14,208545.28,588556.1,606,Education,Study Abroad,Yes
LP001507,Male,Yes,0,Graduate,No,905179.0,682407.0,41000000.0,360.0,1.0,Semiurban,Y,54,Employed,1,195327.33,128592.06,683,Auto,Vehicle Purchase,Yes
LP001514,Female,Yes,0,Graduate,No,781715.0,1505053.0,33500000.0,360.0,1.0,Semiurban,Y,34,Employed,12,157253.92,154628.6,774,Business,Business Expansion,Yes
LP001518,Male,Yes,1,Graduate,No,515999.0,478087.5,10000000.0,360.0,1.0,Urban,Y,33,Employed,4,277753.4,228807.61,658,Home,Home Renovation,No
LP001520,Male,Yes,0,Graduate,No,1630530.0,278465.0,42000000.0,360.0,1.0,Semiurban,Y,57,Employed,33,166592.61,270114.46,697,Business,Business Expansion,No
LP001528,Male,No,0,Graduate,No,2105933.5,0.0,39500000.0,360.0,0.0,Rural,N,32,Employed,6,83463.03,727133.33,463,Personal,Debt Consolidation,Yes
LP001532,Male,Yes,2,Not Graduate,No,765275.5,0.0,38000000.0,360.0,1.0,Rural,N,62,Employed,15,143533.66,335124.14,737,Education,Study Abroad,No
LP001535,Male,No,0,Graduate,No,1091717.0,0.0,17000000.0,360.0,1.0,Urban,Y,36,Employed,9,180015.54,152434.35,660,Personal,Wedding,No
LP001546,Male,No,0,Graduate,,999790.0,698846.5,40500000.0,360.0,1.0,Rural,Y,57,Employed,26,55442.76,122764.58,639,Personal,Medical Expenses,No
LP001560,Male,Yes,0,Not Graduate,No,625036.5,349255.5,33000000.0,360.0,1.0,Semiurban,Y,24,Employed,3,205278.5,31866.9,708,Personal,Debt Consolidation,Yes
LP001565,Male,Yes,1,Graduate,No,1036359.5,429440.0,40500000.0,360.0,0.0,Semiurban,N,58,Employed,29,194849.06,167439.46,635,Personal,Debt Consolidation,No
LP001572,Male,Yes,0,Graduate,No,3127866.5,0.0,25000000.0,180.0,1.0,Urban,Y,54,Employed,4,124156.8,141665.31,617,Auto,Vehicle Repair,Yes
LP001577,Female,Yes,0,Graduate,No,1537596.5,0.0,37500000.0,360.0,1.0,Rural,N,58,Employed,20,345420.46,131174.12,664,Home,Home Renovation,No
LP001578,Male,Yes,0,Graduate,No,818284.5,1118221.5,43500000.0,360.0,1.0,Rural,Y,50,Employed,0,126696.8,260671.6,655,Education,Study Abroad,No
LP001579,Male,No,0,Graduate,No,750513.5,0.0,21000000.0,480.0,0.0,Semiurban,N,24,Employed,6,151483.24,238386.78,539,Personal,Debt Consolidation,Yes
LP001581,Male,Yes,0,Not Graduate,,610610.0,593499.5,32000000.0,360.0,1.0,Rural,Y,47,Employed,10,175174.98,595739.98,711,Home,Home Purchase,Yes
LP001586,Male,Yes,3+,,No,1181631.0,0.0,27000000.0,180.0,1.0,Rural,N,41,Employed,20,300509.41,104576.93,756,Personal,Wedding,Yes
LP001603,Male,Yes,0,Not Graduate,Yes,1457412.0,246928.0,29000000.0,360.0,1.0,Semiurban,N,42,Self-Employed,24,63279.13,119723.96,697,Auto,Vehicle Repair,Yes
LP001606,Male,Yes,0,Graduate,No,1173243.5,658922.0,39000000.0,360.0,1.0,Rural,Y,31,Employed,11,202952.14,556331.99,645,Business,Working Capital,Yes
LP001608,Male,Yes,2,Graduate,No,686097.5,543174.5,34000000.0,360.0,1.0,Rural,Y,56,Employed,27,132219.72,393987.52,641,Auto,Vehicle Purchase,Yes
LP001616,Male,Yes,1,Graduate,No,1258125.0,0.0,39000000.0,360.0,1.0,Semiurban,Y,27,Employed,9,202289.59,384032.8,712,Home,Home Renovation,No
LP001630,Male,No,0,Not Graduate,No,782721.5,486810.5,34000000.0,480.0,0.0,Urban,N,43,Employed,10,161234.81,197067.37,583,Education,Study Abroad,No
LP001634,Male,No,0,Graduate,No,642818.0,1698636.5,22500000.0,360.0,,Rural,N,29,Employed,8,182447.78,74440.09,522,Home,Home Renovation,No
LP001636,Male,Yes,0,Graduate,No,1543300.0,0.0,24500000.0,180.0,1.0,Semiurban,Y,37,Employed,14,207359.78,122064.95,696,Auto,Vehicle Purchase,No
LP001639,Female,Yes,0,Graduate,No,1216187.5,0.0,36000000.0,360.0,1.0,Semiurban,Y,59,Employed,7,91031.69,564881.4,667,Personal,Debt Consolidation,No
LP001641,Male,Yes,1,Graduate,Yes,730719.0,0.0,22000000.0,300.0,0.0,Rural,N,60,Self-Employed,10,161040.52,579344.42,527,Home,Home Purchase,No
LP001643,Male,Yes,0,Graduate,No,799496.5,717299.0,19500000.0,360.0,,Rural,Y,43,Employed,7,356563.63,161371.3,605,Auto,Vehicle Purchase,Yes
LP001653,Male,No,0,Not Graduate,No,1638917.5,0.0,16000000.0,360.0,1.0,Rural,Y,49,Employed,4,210299.26,378815.73,655,Business,Working Capital,No
LP001658,Male,No,0,Graduate,No,1294359.0,0.0,25500000.0,360.0,1.0,Semiurban,Y,24,Employed,5,202981.19,46465.45,732,Personal,Travel,Yes
LP001664,Male,No,0,Graduate,No,1406080.5,0.0,40500000.0,360.0,1.0,Rural,Y,50,Employed,20,111992.4,513524.12,685,Personal,Medical Expenses,No
LP001669,Female,No,0,Not Graduate,No,639798.5,793457.5,40500000.0,,1.0,Urban,Y,41,Employed,18,79555.01,338152.57,747,Personal,Wedding,No
LP001671,Female,Yes,0,Graduate,No,1146068.0,944768.0,38000000.0,360.0,,Semiurban,Y,45,Employed,15,222377.77,669213.94,550,Home,Home Renovation,No
LP001674,Male,Yes,1,Not Graduate,No,872300.0,838750.0,30000000.0,360.0,1.0,Semiurban,Y,52,Employed,21,299559.03,693470.2,754,Education,Study Abroad,Yes
LP001688,Male,Yes,1,Not Graduate,No,1174250.0,363346.5,45500000.0,360.0,1.0,Urban,Y,56,Employed,10,269551.53,190347.3,601,Personal,Wedding,No
LP001691,Male,Yes,2,Not Graduate,No,1314153.5,0.0,41500000.0,360.0,1.0,Semiurban,Y,41,Employed,0,167501.51,390799.11,643,Personal,Medical Expenses,Yes
LP001692,Female,No,0,Not Graduate,No,1478884.0,0.0,40500000.0,360.0,1.0,Semiurban,Y,44,Employed,14,115371.5,101319.61,738,Personal,Travel,No
LP001693,Female,No,0,Graduate,No,1088362.0,0.0,27000000.0,360.0,1.0,Urban,Y,58,Employed,0,181865.29,296010.58,763,Business,Equipment Purchase,Yes
LP001698,Male,No,0,Not Graduate,No,1333612.5,849150.5,18500000.0,360.0,1.0,Rural,Y,46,Employed,19,160639.81,256955.0,791,Personal,Medical Expenses,Yes
LP001699,Male,No,0,Graduate,No,831704.5,0.0,20000000.0,360.0,1.0,Urban,Y,58,Employed,8,152523.28,612066.43,720,Personal,Travel,No
LP001702,Male,No,0,Graduate,No,1146739.0,0.0,42500000.0,360.0,1.0,Semiurban,N,45,Employed,18,207825.19,339855.94,741,Auto,Vehicle Purchase,No
LP001711,Male,Yes,3+,Graduate,No,1150765.0,419375.0,43000000.0,360.0,0.0,Semiurban,N,46,Employed,23,125784.23,40449.19,576,Business,Business Expansion,No
LP001715,Male,Yes,3+,Not Graduate,Yes,1913356.5,0.0,43500000.0,360.0,1.0,Rural,Y,63,Self-Employed,21,73470.24,1144306.24,813,Personal,Debt Consolidation,No
LP001716,Male,Yes,0,Graduate,No,1064541.5,1013545.5,46000000.0,360.0,1.0,Urban,Y,47,Employed,2,107860.89,483758.24,601,Auto,Vehicle Purchase,No
LP001720,Male,Yes,3+,Not Graduate,No,1291675.0,329796.5,33500000.0,360.0,1.0,Semiurban,Y,32,Employed,12,193916.64,58342.61,617,Auto,Vehicle Purchase,No
LP001722,Male,Yes,0,Graduate,No,50325.0,603900.0,45500000.0,360.0,1.0,Rural,N,35,Employed,6,217017.16,18802.35,670,Personal,Medical Expenses,Yes
LP001726,Male,Yes,0,Graduate,No,1250408.5,595512.5,44000000.0,360.0,1.0,Semiurban,Y,21,Employed,3,202623.51,318734.77,690,Personal,Medical Expenses,No
LP001732,Male,Yes,2,Graduate,,1677500.0,0.0,24000000.0,360.0,0.0,Semiurban,N,44,Employed,24,188465.94,189735.83,691,Personal,Debt Consolidation,No
LP001734,Female,Yes,2,Graduate,No,1436946.5,799496.5,42500000.0,360.0,,Semiurban,Y,58,Employed,11,147628.92,47569.27,534,Personal,Wedding,No
LP001736,Male,Yes,0,Graduate,No,745145.5,0.0,20000000.0,360.0,0.0,Urban,N,44,Employed,6,85748.65,364644.54,541,Auto,Vehicle Repair,No
LP001743,Male,Yes,2,Graduate,No,1345019.5,576053.5,39000000.0,360.0,1.0,Semiurban,Y,27,Employed,4,91522.99,117470.78,722,Business,Business Expansion,No
LP001744,Male,No,0,Graduate,No,996770.5,936380.5,48500000.0,360.0,1.0,Semiurban,Y,25,Employed,3,64054.29,81896.72,594,Personal,Debt Consolidation,No
LP001750,Male,Yes,0,Graduate,No,2096875.0,0.0,43000000.0,360.0,1.0,Semiurban,Y,27,Employed,1,154135.77,334831.06,708,Education,Study Abroad,Yes
LP001754,Male,Yes,,Not Graduate,Yes,1588592.5,0.0,46500000.0,360.0,1.0,Urban,N,61,Self-Employed,33,264156.82,659311.12,705,Personal,Medical Expenses,Yes
LP001765,Male,Yes,1,Graduate,No,835730.5,689117.0,35000000.0,360.0,1.0,Semiurban,Y,58,Employed,16,149382.02,147175.44,658,Personal,Travel,No
LP001768,Male,Yes,0,Graduate,,1246718.0,0.0,14000000.0,180.0,1.0,Rural,Y,36,Employed,11,143834.37,48186.99,745,Personal,Medical Expenses,Yes
LP001770,Male,No,0,Not Graduate,No,1069909.5,871629.0,40500000.0,,1.0,Rural,Y,58,Employed,4,222839.48,96784.05,673,Personal,Debt Consolidation,No
LP001778,Male,Yes,1,Graduate,No,1058502.5,596854.5,47000000.0,360.0,1.0,Semiurban,Y,25,Employed,2,212081.4,280730.47,719,Auto,Vehicle Repair,No
LP001788,Female,No,0,Graduate,Yes,1161836.5,0.0,41000000.0,360.0,,Urban,Y,55,Self-Employed,26,92596.3,277954.58,573,Personal,Debt Consolidation,No
LP001790,Female,No,1,Graduate,No,1278926.0,0.0,37500000.0,360.0,1.0,Rural,Y,38,Employed,9,102126.89,60813.26,644,Education,Study Abroad,Yes
LP001792,Male,Yes,1,Graduate,No,1112182.5,0.0,32000000.0,360.0,1.0,Semiurban,Y,37,Employed,4,111620.43,462764.38,808,Home,Home Improvement,No
LP001798,Male,Yes,2,Graduate,No,1952274.5,1677500.0,40500000.0,360.0,1.0,Rural,Y,26,Employed,7,99177.47,111829.81,677,Personal,Wedding,No
LP001800,Male,Yes,1,Not Graduate,No,842105.0,665296.5,47000000.0,180.0,1.0,Urban,N,43,Employed,7,219039.97,39231.28,683,Home,Home Improvement,No
LP001807,Male,Yes,2,Graduate,Yes,2096875.0,436150.0,36000000.0,360.0,1.0,Rural,Y,52,Self-Employed,15,358067.3,130828.31,705,Personal,Wedding,No
LP001811,Male,Yes,0,Not Graduate,No,1142713.0,1481903.5,41500000.0,360.0,1.0,Semiurban,Y,56,Employed,26,90807.3,634912.02,850,Personal,Medical Expenses,Yes
LP001813,Male,No,0,Graduate,Yes,2029775.0,1453721.5,40500000.0,180.0,1.0,Urban,N,45,Self-Employed,19,63093.5,536024.84,730,Home,Home Purchase,No
LP001814,Male,Yes,2,Graduate,No,3255356.5,0.0,37500000.0,360.0,1.0,Urban,Y,49,Employed,21,118040.41,464237.55,659,Personal,Debt Consolidation,No
LP001819,Male,Yes,1,Not Graduate,No,2216984.0,0.0,46000000.0,180.0,1.0,Urban,Y,60,Employed,14,133132.55,226393.81,679,Personal,Medical Expenses,No
LP001824,Male,Yes,1,Graduate,No,966911.0,,41500000.0,480.0,1.0,Semiurban,Y,46,Employed,7,124178.51,170723.06,657,Education,Tuition Fees,Yes
LP001825,Male,Yes,0,Graduate,No,606919.5,626714.0,30000000.0,360.0,1.0,Urban,Y,48,Employed,11,305525.97,371844.08,728,Home,Home Purchase,No
LP001836,Female,No,2,Graduate,No,1149758.5,0.0,46500000.0,360.0,1.0,Urban,N,46,Employed,4,224558.87,193653.76,677,Home,Home Improvement,Yes
LP001841,Male,No,0,Not Graduate,Yes,866596.5,727028.5,35000000.0,360.0,1.0,Rural,Y,32,Self-Employed,10,251536.35,328977.21,706,Personal,Debt Consolidation,Yes
LP001849,Male,No,0,Not Graduate,No,2028097.5,0.0,38500000.0,360.0,0.0,Rural,N,21,Employed,0,60048.49,274161.67,615,Home,Home Purchase,No
LP001854,Male,Yes,3+,Graduate,No,1761375.0,0.0,31500000.0,360.0,1.0,Urban,N,34,Employed,10,207401.8,191108.5,743,Auto,Vehicle Purchase,Yes
LP001864,Male,Yes,3+,Not Graduate,No,1654350.5,0.0,43000000.0,360.0,,Semiurban,N,54,Employed,29,192001.35,283452.79,526,Home,Home Purchase,Yes
LP001868,Male,No,0,Graduate,No,691130.0,741119.5,45000000.0,360.0,1.0,Semiurban,Y,29,Employed,9,240174.09,498195.71,619,Personal,Debt Consolidation,Yes
LP001871,Female,No,0,Graduate,No,2415600.0,0.0,40500000.0,360.0,1.0,Rural,Y,21,Employed,0,85791.66,135007.26,753,Auto,Vehicle Purchase,Yes
LP001872,Male,No,0,Graduate,Yes,1733193.0,0.0,43000000.0,360.0,1.0,Semiurban,Y,51,Self-Employed,6,120172.3,166567.59,725,Auto,Vehicle Purchase,No
LP001877,Male,Yes,2,Graduate,No,1579534.0,465338.5,50500000.0,360.0,1.0,Semiurban,Y,21,Employed,3,230650.63,105670.03,660,Auto,Vehicle Purchase,No
LP001883,Female,No,0,Graduate,,1146739.0,0.0,45500000.0,360.0,1.0,Rural,N,40,Employed,1,115900.87,141570.69,755,Auto,Vehicle Repair,Yes
LP001884,Female,No,1,Graduate,No,964898.0,523380.0,30000000.0,360.0,1.0,Urban,Y,44,Employed,25,156424.06,319948.45,669,Personal,Debt Consolidation,Yes
LP001888,Female,No,0,Graduate,No,1086013.5,0.0,10000000.0,360.0,1.0,Urban,Y,54,Employed,26,257065.41,208053.51,629,Auto,Vehicle Repair,No
LP001892,Male,No,0,Graduate,No,,623023.5,42500000.0,360.0,1.0,Rural,Y,60,Employed,34,165280.54,78189.05,693,Education,Tuition Fees,No
LP001894,Male,Yes,0,Graduate,No,879010.0,745816.5,50500000.0,360.0,1.0,Semiurban,Y,41,Employed,5,201407.38,295390.48,730,Education,Study Abroad,No
LP001896,Male,Yes,2,Graduate,No,1308450.0,0.0,30000000.0,360.0,1.0,Semiurban,Y,35,Employed,9,172122.08,239398.72,742,Business,Working Capital,No
LP001900,Male,Yes,1,Graduate,No,922625.0,617991.0,38500000.0,360.0,1.0,Semiurban,Y,47,Employed,5,327253.6,180193.71,677,Business,Business Expansion,Yes
LP001904,Male,Yes,0,Graduate,No,1041056.5,436150.0,27000000.0,360.0,1.0,Urban,Y,23,Employed,5,173929.69,196531.08,715,Home,Home Renovation,Yes
LP001908,Female,Yes,0,Not Graduate,No,1375550.0,0.0,41500000.0,360.0,,Rural,Y,44,Employed,18,116265.99,411366.11,557,Home,Home Purchase,No
LP001914,Male,Yes,0,Graduate,No,1317508.5,268400.0,37500000.0,360.0,1.0,Semiurban,Y,47,Employed,5,153569.71,142839.93,636,Auto,Vehicle Repair,No
LP001915,Male,Yes,2,Graduate,No,771985.5,330735.9,26000000.0,180.0,1.0,Urban,Y,37,Employed,2,149072.35,266092.66,721,Auto,Vehicle Repair,No
LP001917,Female,No,0,Graduate,No,607590.5,558943.0,18000000.0,360.0,1.0,Urban,Y,45,Employed,8,163795.69,597735.89,692,Personal,Wedding,No
LP001924,Male,No,0,Graduate,No,1059509.0,1024281.5,30000000.0,360.0,1.0,Rural,Y,51,Employed,25,383262.07,190426.88,685,Auto,Vehicle Purchase,Yes
LP001925,Female,No,0,Graduate,Yes,872300.0,576053.5,33000000.0,300.0,1.0,Semiurban,N,44,Self-Employed,25,172880.45,49174.15,745,Home,Home Purchase,No
LP001926,Male,Yes,0,Graduate,No,1242692.0,671000.0,40500000.0,360.0,1.0,Rural,Y,44,Employed,18,219017.28,78041.84,642,Business,Working Capital,No
LP001931,Female,No,0,Graduate,No,1383602.0,0.0,38500000.0,360.0,1.0,Semiurban,Y,34,Employed,14,109559.87,84254.78,678,Home,Home Renovation,Yes
LP001936,Male,Yes,0,Graduate,No,1031662.5,810568.0,46500000.0,360.0,1.0,Rural,Y,38,Employed,15,123978.17,110509.81,786,Home,Home Improvement,Yes
LP001938,Male,Yes,2,Graduate,No,1476200.0,0.0,42500000.0,360.0,0.0,Semiurban,N,36,Employed,3,86966.17,287307.78,558,Education,Tuition Fees,No
LP001940,Male,Yes,2,Graduate,No,1057831.5,523380.0,45000000.0,360.0,1.0,Urban,Y,52,Employed,21,207493.73,154659.47,811,Auto,Vehicle Repair,Yes
LP001945,Female,No,,Graduate,No,1817403.5,0.0,48000000.0,480.0,0.0,Urban,N,35,Employed,17,123302.79,110400.98,591,Home,Home Improvement,Yes
LP001949,Male,Yes,3+,Graduate,,1481568.0,419375.0,37000000.0,360.0,1.0,Urban,Y,51,Employed,6,83759.1,307006.85,714,Home,Home Purchase,No
LP001954,Female,Yes,1,Graduate,No,1565443.0,0.0,45500000.0,360.0,1.0,Urban,Y,58,Employed,34,146497.78,288800.11,709,Personal,Travel,Yes
LP001963,Male,Yes,1,Graduate,No,675697.0,981337.5,38000000.0,360.0,1.0,Urban,N,34,Employed,11,80903.52,204060.4,688,Personal,Medical Expenses,Yes
LP001964,Male,Yes,0,Not Graduate,No,603900.0,984357.0,31000000.0,360.0,0.0,Urban,N,29,Employed,5,194168.61,85241.35,553,Personal,Wedding,No
LP001972,Male,Yes,,Not Graduate,No,964562.5,587125.0,35000000.0,360.0,1.0,Semiurban,Y,46,Employed,0,153167.97,286053.02,755,Home,Home Improvement,Yes
LP001974,Female,No,0,Graduate,No,1677500.0,0.0,44500000.0,360.0,1.0,Rural,Y,50,Employed,4,178469.49,323326.8,700,Home,Home Purchase,No
LP001977,Male,Yes,1,Graduate,No,545187.5,604906.5,32000000.0,360.0,1.0,Urban,Y,30,Employed,1,228365.59,160357.14,767,Auto,Vehicle Purchase,Yes
LP001978,Male,No,0,Graduate,No,1342000.0,,47000000.0,360.0,1.0,Rural,Y,23,Employed,1,160453.28,204649.84,685,Personal,Medical Expenses,Yes
LP001993,Female,No,0,Graduate,No,1262151.0,558943.0,45500000.0,360.0,1.0,Rural,Y,29,Employed,0,162184.55,442877.27,715,Home,Home Renovation,No
LP001994,Female,No,0,Graduate,No,805200.0,625036.5,35000000.0,360.0,0.0,Urban,N,28,Employed,2,99222.14,223225.95,521,Personal,Travel,No
LP002002,Female,No,0,Graduate,No,978653.5,0.0,28000000.0,360.0,1.0,Semiurban,Y,60,Employed,16,161801.62,217330.32,691,Personal,Travel,No
LP002004,Male,No,0,Not Graduate,No,982008.5,806877.5,37000000.0,360.0,1.0,Semiurban,Y,64,Employed,22,138480.35,159757.16,802,Personal,Debt Consolidation,No
LP002006,Female,No,0,Graduate,No,841098.5,0.0,19000000.0,360.0,1.0,Rural,Y,31,Employed,7,172432.56,440917.82,720,Home,Home Improvement,No
LP002008,Male,Yes,2,Graduate,Yes,1927783.0,0.0,48500000.0,84.0,,Rural,Y,41,Self-Employed,21,147974.21,161898.04,544,Business,Equipment Purchase,No
LP002031,Male,Yes,1,Not Graduate,No,1140364.5,550220.0,37000000.0,180.0,1.0,Urban,Y,45,Employed,5,241979.08,132548.69,619,Personal,Debt Consolidation,No
LP002035,Male,Yes,2,Graduate,No,1247053.5,0.0,40500000.0,360.0,1.0,Semiurban,Y,40,Employed,9,147688.22,345042.25,795,Personal,Travel,Yes
LP002036,Male,Yes,0,Graduate,No,690459.0,715957.0,29500000.0,360.0,,Urban,Y,44,Employed,13,126540.8,216769.15,637,Home,Home Renovation,No
LP002043,Female,No,1,Graduate,No,1188005.5,0.0,37500000.0,360.0,,Semiurban,Y,60,Employed,19,134122.53,203834.6,645,Education,Study Abroad,No
LP002051,Male,Yes,0,Graduate,No,805200.0,727028.5,38500000.0,360.0,1.0,Semiurban,Y,38,Employed,14,193031.84,19807.15,736,Home,Home Purchase,No
LP002053,Male,Yes,3+,Graduate,No,1456741.0,,41500000.0,360.0,1.0,Semiurban,Y,38,Employed,8,123474.45,147178.13,626,Business,Equipment Purchase,No
LP002055,Female,No,0,Graduate,No,1062193.0,1001467.5,44500000.0,360.0,,Rural,Y,51,Employed,6,127615.08,260067.74,531,Auto,Vehicle Purchase,No
LP002068,Male,No,0,Graduate,No,,0.0,43500000.0,360.0,0.0,Rural,Y,37,Employed,16,168400.47,43556.71,576,Personal,Debt Consolidation,Yes
LP002086,Female,Yes,0,Graduate,No,1453721.5,822310.5,37000000.0,360.0,1.0,Urban,N,47,Employed,29,72624.66,218198.31,628,Auto,Vehicle Repair,No
LP002087,Female,No,0,Graduate,No,838750.0,0.0,22500000.0,360.0,1.0,Urban,Y,53,Employed,29,240713.42,76450.66,789,Home,Home Renovation,Yes
LP002097,Male,No,1,Graduate,No,1470832.0,601551.5,39500000.0,360.0,1.0,Urban,Y,65,Employed,26,155252.77,197797.53,762,Education,Study Abroad,No
LP002098,Male,No,0,Graduate,No,984692.5,0.0,33000000.0,360.0,1.0,Semiurban,Y,59,Employed,16,255299.11,97004.37,716,Business,Working Capital,Yes
LP002100,Male,No,,Graduate,No,950471.5,0.0,24000000.0,360.0,1.0,Urban,Y,36,Employed,17,201616.44,325845.47,642,Home,Home Improvement,No
LP002106,Male,Yes,,Graduate,Yes,1846256.5,1506395.0,23500000.0,,1.0,Semiurban,Y,21,Self-Employed,0,174833.5,179404.15,687,Education,Study Abroad,No
LP002114,Female,No,0,Graduate,No,1395680.0,0.0,24000000.0,360.0,1.0,Semiurban,Y,61,Employed,35,106286.51,263993.26,653,Auto,Vehicle Purchase,No
LP002116,Female,No,0,Graduate,No,797819.0,0.0,15500000.0,360.0,1.0,Rural,N,30,Employed,0,40701.27,864378.76,823,Personal,Medical Expenses,No
LP002126,Male,Yes,3+,Not Graduate,No,1064541.5,0.0,25000000.0,360.0,1.0,Semiurban,Y,39,Employed,7,150245.66,233921.41,671,Personal,Medical Expenses,Yes
LP002128,Male,Yes,2,Graduate,,866596.5,781715.0,42000000.0,360.0,1.0,Rural,Y,51,Employed,29,171826.6,554636.28,757,Personal,Medical Expenses,No
LP002131,Male,Yes,2,Not Graduate,No,1034346.5,727364.0,42500000.0,360.0,1.0,Urban,Y,34,Employed,11,161221.47,164838.83,717,Business,Working Capital,No
LP002141,Male,Yes,3+,Graduate,No,894443.0,698846.5,32000000.0,360.0,1.0,Rural,Y,51,Employed,29,157568.7,152973.61,739,Personal,Wedding,Yes
LP002142,Female,Yes,0,Graduate,Yes,,0.0,35000000.0,360.0,0.0,Rural,N,28,Self-Employed,8,245839.04,135321.17,510,Auto,Vehicle Purchase,Yes
LP002143,Female,Yes,0,Graduate,No,812916.5,169427.5,43500000.0,360.0,1.0,Semiurban,Y,38,Employed,19,277478.26,72821.42,739,Auto,Vehicle Repair,No
LP002144,Female,No,,Graduate,No,1279261.5,0.0,39000000.0,180.0,1.0,Urban,Y,24,Employed,0,176951.16,414239.91,702,Home,Home Improvement,No
LP002151,Male,Yes,1,Graduate,No,1300062.5,0.0,22500000.0,360.0,1.0,Urban,N,22,Employed,4,189825.91,169687.74,723,Home,Home Purchase,Yes
LP002158,Male,Yes,0,Not Graduate,No,1006500.0,558943.0,33500000.0,480.0,0.0,Urban,N,55,Employed,15,188034.41,61061.74,543,Personal,Travel,Yes
LP002161,Female,No,1,Graduate,No,1584566.5,0.0,27000000.0,360.0,1.0,Semiurban,N,35,Employed,0,142517.7,268958.58,700,Auto,Vehicle Repair,Yes
LP002175,Male,Yes,0,Graduate,No,1593625.0,782721.5,43500000.0,360.0,1.0,Urban,Y,23,Employed,0,85308.81,98083.58,749,Home,Home Purchase,No
LP002178,Male,Yes,0,Graduate,No,1010861.5,1017571.5,32000000.0,300.0,,Urban,Y,26,Employed,6,169442.32,319629.81,530,Auto,Vehicle Repair,Yes
LP002180,Male,No,0,Graduate,Yes,2288781.0,0.0,47500000.0,360.0,1.0,Rural,Y,59,Self-Employed,19,93807.03,457317.35,670,Personal,Travel,No
LP002181,Male,No,0,Not Graduate,No,2085468.0,0.0,44500000.0,360.0,1.0,Rural,N,22,Employed,1,212327.04,16467.15,759,Auto,Vehicle Repair,No
LP002187,Male,No,0,Graduate,No,838750.0,0.0,32000000.0,480.0,1.0,Semiurban,N,56,Employed,4,223292.78,44525.55,701,Auto,Vehicle Repair,Yes
LP002188,Male,No,0,Graduate,No,1719102.0,0.0,41500000.0,,0.0,Rural,N,49,Employed,7,271037.83,127272.38,545,Home,Home Improvement,Yes
LP002205,Male,No,1,Graduate,No,1027301.0,,37000000.0,180.0,0.0,Urban,N,22,Employed,1,137238.32,445362.87,492,Home,Home Improvement,No
LP002209,Female,No,0,Graduate,,927322.0,489494.5,37000000.0,360.0,1.0,Urban,Y,36,Employed,16,99731.8,308117.37,725,Personal,Medical Expenses,No
LP002211,Male,Yes,0,Graduate,No,1616103.5,309666.5,40500000.0,180.0,1.0,Urban,Y,64,Employed,27,87336.09,70115.83,677,Personal,Debt Consolidation,Yes
LP002219,Male,Yes,3+,Graduate,No,2935625.0,1676158.0,43500000.0,360.0,1.0,Rural,Y,37,Employed,10,179893.94,57598.7,571,Home,Home Purchase,Yes
LP002223,Male,Yes,0,Graduate,No,1446005.0,0.0,43500000.0,360.0,,Semiurban,Y,39,Employed,3,213685.02,13496.5,482,Personal,Medical Expenses,Yes
LP002224,Male,No,0,Graduate,No,1029649.5,0.0,24000000.0,480.0,1.0,Urban,N,42,Employed,20,103218.45,93419.28,709,Home,Home Improvement,Yes
LP002225,Male,Yes,2,Graduate,No,1808680.5,0.0,43500000.0,360.0,1.0,Urban,Y,44,Employed,13,108664.41,171239.6,649,Business,Equipment Purchase,Yes
LP002226,Male,Yes,0,Graduate,,1118221.5,838750.0,43000000.0,360.0,1.0,Semiurban,Y,30,Employed,10,206920.82,44383.54,790,Auto,Vehicle Purchase,Yes
LP002234,Male,No,0,Graduate,Yes,2404528.5,0.0,43000000.0,360.0,1.0,Urban,Y,55,Self-Employed,5,291680.27,230831.65,730,Business,Working Capital,Yes
LP002236,Male,Yes,2,Graduate,No,,0.0,33500000.0,360.0,1.0,Urban,N,31,Employed,11,119471.98,182514.42,695,Business,Working Capital,No
LP002237,Male,No,1,Graduate,,1230278.5,0.0,38000000.0,180.0,1.0,Urban,Y,57,Employed,14,128013.23,89266.19,588,Education,Tuition Fees,No
LP002239,Male,No,0,Not Graduate,No,787083.0,536800.0,44500000.0,360.0,1.0,Semiurban,Y,27,Employed,8,188566.88,444186.34,702,Home,Home Renovation,No
LP002244,Male,Yes,0,Graduate,No,782721.5,810903.5,,360.0,1.0,Urban,Y,30,Employed,11,60540.62,142772.64,763,Home,Home Purchase,No
LP002250,Male,Yes,0,Graduate,No,,0.0,42000000.0,360.0,1.0,Rural,Y,56,Employed,18,72488.8,125550.37,769,Home,Home Purchase,Yes
LP002263,Male,Yes,0,Graduate,No,866596.5,,40500000.0,360.0,,Urban,Y,33,Employed,4,211394.08,211329.41,458,Home,Home Renovation,No
LP002265,Male,Yes,2,Not Graduate,No,668651.5,545187.5,38000000.0,180.0,1.0,Semiurban,Y,55,Employed,18,144636.43,262560.64,703,Business,Equipment Purchase,No
LP002266,Male,Yes,2,Graduate,No,1040050.0,469700.0,38000000.0,360.0,1.0,Urban,Y,27,Employed,0,145675.22,369860.21,720,Personal,Medical Expenses,No
LP002272,Male,Yes,2,Graduate,No,1099098.0,162382.0,45500000.0,360.0,,Semiurban,Y,58,Employed,34,40572.04,278090.58,485,Auto,Vehicle Purchase,No
LP002277,Female,No,0,Graduate,No,1066890.0,0.0,24000000.0,360.0,0.0,Urban,N,29,Employed,7,233141.82,77933.95,564,Auto,Vehicle Repair,Yes
LP002281,Male,Yes,0,Graduate,No,1017571.5,489494.5,32000000.0,360.0,1.0,Urban,Y,31,Employed,1,49014.87,658799.36,677,Education,Study Abroad,No
LP002284,Male,No,0,Not Graduate,No,1309121.0,558943.0,36500000.0,360.0,1.0,Rural,Y,51,Employed,22,209176.02,296177.18,758,Personal,Debt Consolidation,No
LP002287,Female,No,0,Graduate,No,503250.0,603900.0,34500000.0,360.0,0.0,Semiurban,N,54,Employed,17,133001.54,643700.4,557,Business,Working Capital,No
LP002288,Male,Yes,2,Not Graduate,No,969259.5,0.0,15000000.0,180.0,0.0,Urban,N,23,Employed,2,167196.08,52989.77,511,Auto,Vehicle Repair,No
LP002296,Male,No,0,Not Graduate,No,924302.5,0.0,22000000.0,300.0,1.0,Rural,N,42,Employed,16,174933.18,330861.58,759,Personal,Debt Consolidation,No
LP002297,Male,No,0,Graduate,No,838750.0,6710000.0,34500000.0,360.0,1.0,Semiurban,Y,45,Employed,13,232891.37,320577.19,766,Home,Home Improvement,No
LP002300,Female,No,0,Not Graduate,No,658586.5,0.0,18000000.0,360.0,1.0,Semiurban,Y,22,Employed,0,140920.45,116258.4,716,Auto,Vehicle Repair,Yes
LP002305,Female,No,0,Graduate,No,1525518.5,0.0,38500000.0,360.0,1.0,Semiurban,Y,49,Employed,19,182136.06,300633.16,722,Home,Home Improvement,No
LP002308,Male,Yes,0,Not Graduate,No,727028.5,805200.0,38500000.0,360.0,1.0,Urban,Y,55,Employed,32,116559.89,413230.89,716,Personal,Debt Consolidation,No
LP002314,Female,No,0,Not Graduate,No,742461.5,0.0,22000000.0,360.0,1.0,Rural,Y,63,Employed,27,392700.81,26259.2,672,Education,Tuition Fees,Yes
LP002318,Female,No,1,Not Graduate,Yes,1297378.5,,21000000.0,360.0,1.0,Semiurban,N,49,Self-Employed,31,281445.22,295769.86,749,Personal,Medical Expenses,Yes
LP002332,Male,Yes,0,Not Graduate,No,755881.5,682071.5,37000000.0,360.0,1.0,Rural,Y,41,Employed,14,227257.47,514709.52,842,Auto,Vehicle Repair,No
LP002337,Female,No,0,Graduate,No,1004822.5,0.0,20000000.0,360.0,1.0,Urban,Y,33,Employed,4,143913.72,48380.76,679,Education,Tuition Fees,No
LP002345,Male,Yes,0,Graduate,No,343887.5,930341.5,37500000.0,360.0,1.0,Rural,Y,53,Employed,23,163972.53,89392.42,604,Home,Home Improvement,No
LP002347,Male,Yes,0,Graduate,No,1089033.0,475403.5,46500000.0,360.0,1.0,Semiurban,Y,41,Employed,14,231565.86,39864.59,656,Home,Home Renovation,Yes
LP002348,Male,Yes,0,Graduate,No,1955629.5,0.0,46500000.0,360.0,1.0,Rural,Y,40,Employed,19,117858.52,113637.06,693,Auto,Vehicle Purchase,No
LP002357,Female,No,0,Not Graduate,No,912560.0,0.0,27000000.0,,0.0,Urban,N,42,Employed,13,142158.14,210417.11,539,Education,Study Abroad,No
LP002361,Male,Yes,0,Graduate,No,610610.0,576724.5,33500000.0,360.0,1.0,Urban,Y,57,Employed,26,234191.88,223038.77,698,Auto,Vehicle Purchase,No
LP002362,Male,Yes,1,Graduate,No,2432375.0,559278.5,37000000.0,,0.0,Urban,N,40,Employed,9,88079.39,554359.19,630,Education,Tuition Fees,No
LP002366,Male,Yes,0,Graduate,No,894443.0,1442650.0,40500000.0,360.0,1.0,Rural,Y,34,Employed,12,255604.17,198973.2,617,Home,Home Improvement,Yes
LP002367,Female,No,1,Not Graduate,No,1545313.0,0.0,27000000.0,360.0,1.0,Rural,N,41,Employed,23,150510.2,270762.35,632,Business,Working Capital,Yes
LP002368,Male,Yes,2,Graduate,No,1991192.5,0.0,44500000.0,360.0,1.0,Semiurban,Y,39,Employed,17,134750.84,351144.52,654,Auto,Vehicle Purchase,No
LP002369,Male,Yes,0,Graduate,No,979660.0,5408.26,29000000.0,360.0,1.0,Rural,Y,27,Employed,8,110566.53,230624.86,540,Personal,Wedding,No
LP002370,Male,No,0,Not Graduate,No,911553.5,,20000000.0,180.0,1.0,Urban,Y,39,Employed,15,75908.6,469708.82,804,Home,Home Improvement,No
LP002377,Female,No,1,Graduate,Yes,2893352.0,0.0,50500000.0,360.0,1.0,Semiurban,Y,27,Self-Employed,1,130105.87,162538.91,687,Home,Home Purchase,Yes
LP002379,Male,No,0,Graduate,No,2180750.0,0.0,35000000.0,360.0,0.0,Rural,N,30,Employed,12,104644.13,121074.63,549,Business,Equipment Purchase,Yes
LP002387,Male,Yes,0,Graduate,No,813587.5,785070.0,48000000.0,360.0,1.0,Semiurban,Y,39,Employed,7,94513.89,287689.35,659,Education,Study Abroad,No
LP002390,Male,No,0,Graduate,No,1258125.0,0.0,33500000.0,360.0,1.0,Urban,Y,22,Employed,0,118491.45,225061.71,707,Auto,Vehicle Repair,No
LP002398,Male,No,0,Graduate,No,646173.0,621010.5,17000000.0,360.0,1.0,Semiurban,Y,65,Employed,15,146072.34,43707.01,732,Auto,Vehicle Repair,Yes
LP002407,Female,Yes,0,Not Graduate,Yes,2396141.0,0.0,46500000.0,360.0,1.0,Rural,Y,58,Self-Employed,0,139098.81,147297.75,652,Business,Working Capital,Yes
LP002418,Male,No,3+,Not Graduate,No,1579198.5,668651.5,49500000.0,360.0,1.0,Semiurban,Y,64,Employed,2,294215.08,178300.83,663,Home,Home Renovation,No
LP002429,Male,Yes,1,Graduate,Yes,1162843.0,405955.0,43500000.0,360.0,1.0,Rural,Y,42,Self-Employed,15,222742.85,452624.44,601,Home,Home Improvement,No
LP002434,Male,Yes,2,Not Graduate,No,1560746.0,0.0,37000000.0,360.0,1.0,Rural,Y,29,Employed,0,93851.94,139209.22,625,Personal,Medical Expenses,Yes
LP002435,Male,Yes,0,Graduate,,1187334.5,461648.0,18500000.0,360.0,1.0,Rural,N,36,Employed,14,188753.31,86378.14,731,Personal,Travel,No
LP002443,Male,Yes,2,Graduate,No,1120570.0,573705.0,50500000.0,360.0,0.0,Rural,N,39,Employed,20,129177.43,131735.65,570,Personal,Travel,Yes
LP002446,Male,Yes,2,Not Graduate,No,774669.5,,42000000.0,360.0,0.0,Rural,N,44,Employed,21,73291.22,237575.94,551,Business,Working Capital,No
LP002447,Male,Yes,2,Not Graduate,No,656909.0,488488.0,20000000.0,300.0,,Urban,Y,59,Employed,27,114142.06,79774.86,502,Personal,Travel,No
LP002448,Male,Yes,0,Graduate,No,1324554.0,,50000000.0,360.0,0.0,Rural,N,26,Employed,4,120056.63,233264.75,580,Home,Home Renovation,No
LP002449,Male,Yes,0,Graduate,No,833046.5,827343.0,30000000.0,180.0,0.0,Rural,Y,44,Employed,8,197070.41,622690.72,539,Home,Home Purchase,No
LP002453,Male,No,0,Graduate,Yes,2377017.5,0.0,28000000.0,360.0,1.0,Semiurban,Y,34,Self-Employed,11,186939.17,283006.41,733,Home,Home Improvement,No
LP002455,Male,Yes,2,Graduate,No,1294694.5,0.0,32000000.0,360.0,1.0,Semiurban,Y,63,Employed,21,80383.26,445197.49,801,Education,Study Abroad,No
LP002459,Male,Yes,0,Graduate,No,1442985.5,0.0,39500000.0,360.0,1.0,Urban,Y,31,Employed,5,120125.31,70453.39,826,Auto,Vehicle Repair,No
LP002472,Male,No,2,Graduate,No,1460767.0,0.0,45500000.0,360.0,1.0,Rural,Y,45,Employed,18,55478.61,101649.43,634,Home,Home Renovation,No
LP002484,Male,Yes,3+,Graduate,No,2596770.0,0.0,43000000.0,180.0,1.0,Urban,Y,36,Employed,5,199215.4,37275.81,596,Personal,Wedding,No
LP002489,Female,No,1,Not Graduate,,1741580.5,0.0,44500000.0,360.0,1.0,Semiurban,Y,59,Employed,10,48420.4,53731.99,728,Personal,Debt Consolidation,No
LP002493,Male,No,0,,No,1397693.0,0.0,33000000.0,360.0,0.0,Semiurban,N,43,Employed,8,100646.93,65612.81,570,Business,Business Expansion,No
LP002494,Male,No,0,Graduate,No,2013000.0,0.0,47000000.0,360.0,1.0,Rural,Y,28,Employed,3,112613.64,185952.71,800,Auto,Vehicle Purchase,Yes
LP002500,Male,Yes,3+,Not Graduate,No,988718.5,558272.0,23500000.0,180.0,0.0,Urban,N,38,Employed,17,83141.94,64234.09,533,Personal,Travel,No
LP002502,Female,Yes,2,Not Graduate,,70455.0,978653.5,33000000.0,360.0,1.0,Semiurban,Y,51,Employed,15,106778.07,391385.29,700,Business,Business Expansion,Yes
LP002505,Male,Yes,0,Graduate,No,1453721.5,822310.5,37000000.0,360.0,1.0,Urban,N,55,Employed,19,178614.58,320363.76,664,Personal,Medical Expenses,No
LP002517,Male,Yes,1,Not Graduate,No,890081.5,503250.0,38000000.0,180.0,0.0,Rural,N,62,Employed,34,158047.11,177987.88,548,Home,Home Renovation,Yes
LP002519,Male,Yes,3+,Graduate,No,,0.0,33500000.0,360.0,1.0,Semiurban,Y,43,Employed,14,167073.82,255344.65,777,Home,Home Improvement,Yes
LP002522,Female,No,0,Graduate,Yes,838750.0,0.0,31000000.0,360.0,,Urban,Y,24,Self-Employed,0,56169.23,193999.88,572,Personal,Medical Expenses,Yes
LP002530,,Yes,2,Graduate,No,963891.5,628056.0,44500000.0,360.0,0.0,Semiurban,N,43,Employed,22,213513.92,326175.28,504,Personal,Wedding,No
LP002536,Male,Yes,3+,Not Graduate,No,1038372.5,0.0,38000000.0,360.0,1.0,Rural,Y,63,Employed,33,75153.38,513909.75,759,Personal,Medical Expenses,Yes
LP002537,Male,Yes,0,Graduate,No,698846.5,1056825.0,43000000.0,360.0,1.0,Semiurban,Y,33,Employed,10,156852.01,152800.73,707,Home,Home Renovation,No
LP002544,Male,Yes,1,Not Graduate,No,656909.0,817278.0,44000000.0,360.0,1.0,Rural,Y,37,Employed,4,105198.88,194996.07,610,Auto,Vehicle Purchase,Yes
LP002545,Male,No,2,Graduate,No,1190018.5,0.0,27000000.0,360.0,0.0,Rural,N,52,Employed,22,152169.16,256143.02,545,Business,Working Capital,No
LP002556,Male,No,0,Graduate,No,,0.0,25000000.0,360.0,1.0,Urban,N,33,Employed,1,74225.16,153640.73,789,Personal,Travel,No
LP002560,Male,No,0,Not Graduate,No,905514.5,934367.5,32000000.0,360.0,,Semiurban,Y,43,Employed,3,85303.14,204969.57,542,Business,Working Capital,Yes
LP002571,Male,No,0,Not Graduate,No,1238330.5,0.0,37000000.0,360.0,1.0,Rural,Y,57,Employed,26,151405.58,619841.52,766,Personal,Medical Expenses,No
LP002585,Male,Yes,0,Graduate,No,1206793.5,723673.5,40000000.0,360.0,0.0,Rural,N,49,Employed,31,104049.07,202676.53,601,Auto,Vehicle Purchase,No
LP002586,Female,Yes,1,Graduate,No,1115873.0,306311.5,35000000.0,84.0,1.0,Semiurban,Y,24,Employed,1,136979.55,307422.38,754,Business,Business Expansion,No
LP002587,Male,Yes,0,Not Graduate,No,872300.0,570350.0,36000000.0,360.0,1.0,Rural,Y,47,Employed,4,209998.7,87376.48,718,Personal,Wedding,Yes
LP002588,Male,Yes,0,Graduate,No,1551687.5,958523.5,37000000.0,12.0,,Urban,Y,59,Employed,26,124160.73,204142.39,573,Personal,Medical Expenses,Yes
LP002600,Male,Yes,1,Graduate,Yes,971272.5,0.0,32000000.0,360.0,1.0,Semiurban,Y,28,Self-Employed,1,139477.81,143914.14,721,Home,Home Improvement,No
LP002603,Female,No,0,Graduate,No,216397.5,1235646.5,38000000.0,480.0,1.0,Rural,Y,34,Employed,5,138338.91,19064.9,716,Personal,Wedding,No
LP002606,Female,No,0,Graduate,No,1059844.5,0.0,33500000.0,360.0,1.0,Semiurban,Y,41,Employed,14,157989.69,155007.22,807,Home,Home Improvement,Yes
LP002618,Male,Yes,1,Not Graduate,No,1358775.0,1778821.0,46500000.0,360.0,,Rural,N,57,Employed,30,92948.8,50915.26,484,Business,Equipment Purchase,Yes
LP002619,Male,Yes,0,Not Graduate,No,1279597.0,497546.5,41500000.0,300.0,1.0,Semiurban,Y,59,Employed,6,83055.21,86578.43,625,Home,Home Improvement,Yes
LP002625,,No,0,Graduate,No,1202096.5,0.0,32000000.0,360.0,1.0,Urban,N,40,Employed,19,252899.92,72846.42,725,Education,Study Abroad,No
LP002637,Male,No,0,Not Graduate,No,1207129.0,431788.5,33500000.0,360.0,1.0,Rural,N,27,Employed,0,240109.95,396033.27,617,Auto,Vehicle Purchase,No
LP002643,Male,Yes,2,Graduate,No,1101446.5,682742.5,49500000.0,360.0,1.0,Urban,Y,57,Employed,10,149643.75,620105.18,666,Personal,Medical Expenses,No
LP002648,Male,Yes,0,Graduate,No,714615.0,2236443.0,23500000.0,180.0,1.0,Semiurban,N,39,Employed,6,101995.33,97321.2,740,Home,Home Purchase,No
LP002659,Male,Yes,3+,Graduate,No,1162843.0,1150094.0,50500000.0,360.0,1.0,Rural,Y,49,Employed,15,138929.85,305070.91,818,Personal,Travel,Yes
LP002670,Female,Yes,2,Graduate,No,681400.5,547536.0,38000000.0,480.0,1.0,Semiurban,Y,25,Employed,5,207482.38,323153.33,643,Business,Business Expansion,No
LP002682,Male,Yes,,Not Graduate,No,1031327.0,603900.0,41500000.0,360.0,0.0,Semiurban,N,52,Employed,3,181164.26,56929.35,626,Business,Business Expansion,Yes
LP002684,Female,No,0,Not Graduate,No,,0.0,32000000.0,360.0,1.0,Rural,N,36,Employed,16,69912.01,687691.87,680,Business,Business Expansion,No
LP002689,Male,Yes,2,Not Graduate,No,735416.0,584441.0,15000000.0,360.0,1.0,Semiurban,Y,21,Employed,0,156338.59,90274.93,836,Home,Home Purchase,No
LP002690,Male,No,0,,No,838750.0,0.0,18500000.0,360.0,1.0,Semiurban,Y,33,Employed,8,86060.45,616859.36,697,Personal,Travel,No
LP002692,Male,Yes,3+,Graduate,Yes,1904633.5,477752.0,33500000.0,360.0,1.0,Rural,Y,41,Self-Employed,13,103657.03,214418.63,693,Business,Working Capital,Yes
LP002705,Male,Yes,0,Graduate,No,1266512.5,0.0,37000000.0,360.0,1.0,Semiurban,Y,61,Employed,20,85886.69,281306.51,724,Personal,Travel,No
LP002714,Male,No,1,Not Graduate,No,898804.5,436821.0,31500000.0,360.0,1.0,Semiurban,Y,43,Employed,12,164119.87,137620.57,727,Auto,Vehicle Purchase,Yes
LP002716,Male,No,0,Not Graduate,No,2275696.5,0.0,43500000.0,360.0,1.0,Semiurban,Y,41,Employed,11,285637.26,337077.58,664,Personal,Travel,No
LP002720,Male,Yes,3+,Graduate,No,1436275.5,0.0,,360.0,1.0,Urban,Y,44,Employed,22,182673.69,170020.32,664,Personal,Medical Expenses,Yes
LP002723,Male,No,2,Graduate,No,,0.0,37000000.0,360.0,0.0,Rural,N,58,Employed,17,115644.95,96512.01,576,Personal,Debt Consolidation,No
LP002732,Male,No,0,Not Graduate,,,685091.0,42500000.0,360.0,1.0,Rural,Y,51,Employed,15,225045.56,89180.12,710,Auto,Vehicle Purchase,No
LP002738,Male,No,2,Graduate,No,1213503.5,0.0,36000000.0,360.0,1.0,Semiurban,Y,61,Employed,22,118545.67,335112.92,675,Personal,Wedding,No
LP002739,Male,Yes,0,,No,978653.5,,22000000.0,360.0,1.0,Rural,N,27,Employed,3,142177.83,133680.13,692,Personal,Debt Consolidation,Yes
LP002741,Female,Yes,1,Graduate,No,1545984.0,954497.5,47000000.0,180.0,1.0,Semiurban,Y,33,Employed,3,138521.12,89632.49,749,Education,Study Abroad,No
LP002743,Female,No,0,Graduate,No,717299.0,0.0,33000000.0,360.0,0.0,Semiurban,N,21,Employed,3,168735.8,605152.2,544,Home,Home Purchase,Yes
LP002753,Female,No,1,Graduate,,1225246.0,0.0,32000000.0,360.0,1.0,Semiurban,Y,41,Employed,14,111412.48,138942.14,783,Auto,Vehicle Purchase,Yes
LP002755,Male,Yes,1,Not Graduate,No,751184.5,,43000000.0,360.0,1.0,Urban,Y,34,Employed,2,364239.51,80867.73,739,Auto,Vehicle Purchase,Yes
LP002757,Female,Yes,0,Not Graduate,No,1012203.5,,34000000.0,360.0,,Semiurban,Y,51,Employed,14,117209.83,311340.44,513,Personal,Medical Expenses,No
LP002768,Male,No,0,Not Graduate,No,1126609.0,0.0,27000000.0,36.0,1.0,Semiurban,N,41,Employed,16,162981.51,161943.02,685,Auto,Vehicle Purchase,No
LP002772,Male,No,0,Graduate,No,847473.0,598196.5,48500000.0,360.0,1.0,Rural,Y,27,Employed,9,352966.9,270743.05,746,Home,Home Renovation,No
LP002776,Female,No,0,Graduate,No,1677500.0,0.0,34500000.0,360.0,0.0,Semiurban,N,29,Employed,9,139018.67,224670.91,582,Business,Equipment Purchase,No
LP002777,Male,Yes,0,Graduate,No,934367.5,676368.0,37000000.0,360.0,1.0,Rural,Y,62,Employed,29,189282.74,75884.16,679,Education,Study Abroad,No
LP002789,Male,Yes,0,Graduate,No,1205451.5,1431243.0,44500000.0,180.0,0.0,Rural,N,33,Employed,6,160087.81,110222.13,591,Personal,Travel,No
LP002792,Male,Yes,1,Graduate,No,1834514.0,346236.0,8500000.0,360.0,1.0,Semiurban,Y,24,Employed,2,74325.33,336720.25,676,Home,Home Purchase,Yes
LP002794,Female,No,0,Graduate,No,894778.5,,28000000.0,360.0,,Urban,Y,57,Employed,16,100580.63,292240.59,556,Home,Home Improvement,No
LP002807,Male,Yes,2,Not Graduate,No,1232962.5,,36000000.0,360.0,1.0,Semiurban,Y,62,Employed,29,145834.24,75040.37,725,Personal,Travel,No
LP002821,Male,No,0,Not Graduate,Yes,1945900.0,0.0,44500000.0,360.0,1.0,Semiurban,Y,46,Self-Employed,9,72818.86,363160.48,850,Home,Home Purchase,No
LP002833,Male,Yes,0,Not Graduate,No,1498678.5,0.0,,360.0,,Rural,Y,47,Employed,27,237862.24,97348.65,497,Personal,Medical Expenses,No
LP002836,Male,No,0,Graduate,No,1118221.5,0.0,23500000.0,360.0,1.0,Urban,Y,46,Employed,27,428657.74,306680.49,712,Personal,Debt Consolidation,No
LP002837,Male,Yes,3+,Graduate,No,1140700.0,838750.0,41500000.0,360.0,0.0,Rural,N,49,Employed,8,94339.53,203569.06,593,Home,Home Purchase,Yes
LP002840,Female,No,0,Graduate,No,797819.0,0.0,3000000.0,360.0,1.0,Urban,N,56,Employed,34,104377.04,193354.57,793,Personal,Debt Consolidation,No
LP002841,Male,Yes,0,,No,1062193.0,692472.0,35000000.0,360.0,0.0,Urban,N,42,Employed,21,154428.9,150624.84,626,Personal,Wedding,No
LP002863,Male,Yes,3+,Graduate,No,2149213.0,0.0,50500000.0,360.0,1.0,Semiurban,N,51,Employed,11,128816.32,45424.83,672,Home,Home Renovation,No
LP002868,Male,Yes,2,Graduate,No,1059844.5,154665.5,36000000.0,84.0,1.0,Urban,Y,44,Employed,1,192491.63,617530.63,675,Education,Tuition Fees,Yes
LP002872,,Yes,0,Graduate,No,1035688.5,741455.0,,360.0,0.0,Semiurban,N,63,Employed,16,35609.53,192697.13,526,Personal,Medical Expenses,Yes
LP002874,Male,No,0,Graduate,No,1083329.5,918934.5,37000000.0,360.0,1.0,Urban,Y,26,Employed,0,115584.34,259132.29,769,Personal,Travel,No
LP002877,Male,Yes,1,Graduate,No,597861.0,748836.0,36000000.0,360.0,1.0,Rural,Y,41,Employed,15,75710.67,28952.59,763,Home,Home Purchase,No
LP002893,Male,No,0,Graduate,No,615978.0,11352313.5,30000000.0,360.0,1.0,Urban,N,31,Employed,9,132317.52,98131.75,789,Personal,Wedding,Yes
LP002894,Female,Yes,0,Graduate,No,1062193.0,0.0,12000000.0,360.0,1.0,Semiurban,Y,25,Employed,0,163795.54,740165.86,712,Personal,Travel,No
LP002898,Male,Yes,1,Graduate,No,630740.0,0.0,20500000.0,360.0,,Rural,N,58,Employed,27,243809.45,195322.73,535,Education,Tuition Fees,No
LP002911,Male,Yes,1,Graduate,No,935038.5,,49000000.0,360.0,0.0,Rural,N,24,Employed,4,84689.11,278672.18,511,Personal,Wedding,No
LP002916,Male,Yes,0,Graduate,No,770643.5,510631.0,35000000.0,360.0,1.0,Urban,Y,25,Employed,0,149283.61,237379.63,652,Home,Home Renovation,No
LP002917,Female,No,0,Not Graduate,No,726357.5,0.0,23500000.0,360.0,1.0,Semiurban,Y,43,Employed,25,196115.29,302176.89,688,Business,Working Capital,No
LP002925,,No,0,Graduate,No,,0.0,31500000.0,360.0,1.0,Semiurban,Y,57,Employed,2,99986.6,62157.06,647,Auto,Vehicle Repair,No
LP002926,Male,Yes,2,Graduate,Yes,914573.0,0.0,35500000.0,360.0,0.0,Semiurban,N,50,Self-Employed,28,150312.44,282552.74,510,Personal,Medical Expenses,Yes
LP002928,Male,Yes,0,Graduate,No,1006500.0,1146068.0,19000000.0,180.0,1.0,Semiurban,Y,54,Employed,2,132600.83,365858.92,695,Personal,Debt Consolidation,Yes
LP002936,Male,Yes,0,Graduate,No,1294694.5,1107150.0,47500000.0,180.0,1.0,Rural,Y,38,Employed,0,99568.52,127441.78,706,Business,Working Capital,No
LP002940,Male,No,0,Not Graduate,No,1285971.5,0.0,37000000.0,360.0,1.0,Rural,Y,27,Employed,2,369715.99,444640.01,646,Personal,Wedding,No
LP002943,Male,No,,Graduate,No,1002138.5,0.0,29500000.0,360.0,0.0,Semiurban,N,62,Employed,30,108566.71,187734.39,554,Education,Tuition Fees,No
LP002953,Male,Yes,3+,Graduate,No,1913356.5,0.0,43000000.0,360.0,1.0,Urban,Y,37,Employed,18,165559.19,147642.17,692,Personal,Debt Consolidation,Yes
LP002974,Male,Yes,0,Graduate,No,1084336.0,,36000000.0,360.0,1.0,Rural,Y,42,Employed,5,155630.88,221548.0,802,Personal,Wedding,Yes
LP002978,Female,No,0,Graduate,No,972950.0,0.0,24000000.0,360.0,1.0,Rural,Y,40,Employed,22,128112.72,249494.62,641,Auto,Vehicle Repair,Yes
LP002979,Male,Yes,3+,Graduate,No,1377563.0,0.0,13500000.0,180.0,1.0,Rural,Y,44,Employed,18,92765.5,64169.36,644,Personal,Travel,No
LP002990,Female,No,0,,Yes,1537596.5,0.0,44500000.0,360.0,0.0,Semiurban,N,30,Self-Employed,6,117339.44,145632.5,559,Personal,Medical Expenses,No
LP002000,Male,Yes,0,Graduate,No,1297945.5,265326.82,38500000.0,360.0,1.0,Semiurban,Y,34,Employed,8,139840.24,288114.95,648,Home,Home Renovation,Yes
LP002001,Female,No,0,Graduate,No,950025.28,0.0,29000000.0,360.0,1.0,Semiurban,Y,41,Employed,14,165525.23,523218.35,679,Business,Working Capital,Yes
LP002003,Female,Yes,0,Graduate,No,1272276.39,493158.16,49500000.0,360.0,1.0,Semiurban,Y,32,Employed,5,229227.47,352419.8,655,Home,Home Improvement,Yes
LP002005,Male,Yes,0,Graduate,No,656328.58,342464.98,16500000.0,360.0,1.0,Semiurban,Y,30,Employed,3,177261.47,86212.33,681,Auto,Vehicle Purchase,No
LP002007,Male,No,0,Graduate,No,972963.42,0.0,32000000.0,360.0,1.0,Semiurban,Y,53,Employed,34,208047.97,390671.68,635,Auto,Vehicle Purchase,No
LP002009,Male,Yes,0,Not Graduate,,605386.26,614971.5,33000000.0,360.0,1.0,Rural,Y,53,Employed,17,301931.8,169746.57,652,Personal,Debt Consolidation,No
LP002010,Male,Yes,0,Graduate,No,907742.22,680404.06,36500000.0,360.0,1.0,Rural,Y,56,Employed,7,263355.99,54730.75,809,Personal,Medical Expenses,Yes
LP002011,Female,No,,Graduate,No,1893726.4,0.0,47000000.0,480.0,0.0,Urban,N,47,Employed,27,230425.27,77724.51,654,Home,Home Renovation,Yes
LP002012,Male,Yes,0,Graduate,No,1170579.63,540118.1,37000000.0,360.0,1.0,Semiurban,Y,36,Employed,18,174021.68,541464.84,755,Home,Home Purchase,Yes
LP002013,Male,No,0,Not Graduate,,2536530.98,0.0,40500000.0,360.0,1.0,Rural,N,38,Employed,19,86001.05,491774.64,662,Home,Home Renovation,No
LP002014,Male,No,0,Not Graduate,No,1076592.66,0.0,27500000.0,36.0,1.0,Semiurban,N,64,Employed,23,280752.08,364095.37,671,Home,Home Renovation,Yes
LP002015,Male,Yes,1,Graduate,No,625569.94,0.0,21000000.0,360.0,,Rural,N,47,Employed,1,78613.77,254086.4,537,Personal,Travel,No
LP002016,Male,Yes,0,Graduate,No,698349.96,533169.89,33000000.0,360.0,1.0,Semiurban,Y,29,Employed,1,78062.75,248034.01,746,Business,Working Capital,No
LP002017,Male,Yes,2,Not Graduate,No,1056435.82,722331.5,42500000.0,360.0,1.0,Urban,Y,53,Employed,22,87399.43,412666.3,597,Personal,Debt Consolidation,No
LP002018,Female,No,1,Graduate,No,1001849.97,513432.42,29500000.0,360.0,1.0,Urban,Y,49,Employed,31,201209.66,152602.14,689,Auto,Vehicle Purchase,Yes
LP002019,Male,Yes,0,Not Graduate,No,1379059.33,0.0,37500000.0,180.0,1.0,Semiurban,Y,50,Employed,11,136011.68,131079.36,695,Personal,Travel,Yes
LP002020,Male,Yes,1,Graduate,No,1503308.4,509755.34,43000000.0,360.0,1.0,Rural,N,33,Employed,5,171530.61,356415.88,695,Home,Home Purchase,No
LP002021,Female,Yes,0,Graduate,,949609.26,771384.96,45000000.0,360.0,1.0,Semiurban,Y,31,Employed,0,98402.33,216866.77,631,Personal,Debt Consolidation,No
LP002022,Male,No,0,Not Graduate,No,1327429.24,0.0,35500000.0,360.0,1.0,Rural,Y,31,Employed,9,229476.51,187869.6,661,Auto,Vehicle Repair,No
LP002023,Female,No,0,Graduate,No,1066208.93,0.0,23500000.0,360.0,0.0,Urban,N,33,Employed,3,260140.29,104707.7,444,Personal,Debt Consolidation,Yes
LP002024,Male,Yes,2,Graduate,,859661.72,606553.81,36000000.0,360.0,1.0,Urban,Y,34,Employed,9,221270.75,184440.93,629,Auto,Vehicle Repair,Yes
LP002025,Female,No,1,Graduate,Yes,2796738.07,0.0,52000000.0,360.0,1.0,Semiurban,Y,62,Self-Employed,35,155876.21,374180.78,687,Personal,Medical Expenses,No
LP002026,Male,Yes,2,Not Graduate,No,1148265.53,949542.16,50500000.0,360.0,1.0,Urban,Y,53,Employed,21,228772.94,293400.25,660,Personal,Wedding,No
LP002027,Female,No,0,Graduate,No,1676651.18,0.0,41500000.0,360.0,1.0,Rural,Y,38,Employed,8,326791.53,151199.46,721,Business,Working Capital,No
LP002028,Male,Yes,3+,Graduate,No,1090720.57,1102640.88,50000000.0,360.0,1.0,Rural,Y,63,Employed,35,216752.84,56106.5,835,Auto,Vehicle Purchase,Yes
LP002029,Male,Yes,0,Graduate,No,1220780.5,671932.69,39500000.0,360.0,0.0,Rural,N,45,Employed,13,112211.44,409749.98,608,Auto,Vehicle Repair,Yes
LP002030,Male,No,0,Graduate,Yes,2022239.67,1441422.07,41000000.0,180.0,1.0,Urban,N,43,Self-Employed,10,139029.94,118813.09,661,Business,Working Capital,No
LP002032,Male,Yes,2,Graduate,No,1504737.63,0.0,42500000.0,360.0,0.0,Semiurban,N,25,Employed,0,197059.1,105591.0,541,Personal,Wedding,Yes
LP002033,Female,Yes,0,Graduate,No,1223313.52,0.0,36500000.0,360.0,1.0,Semiurban,Y,23,Employed,3,131417.34,261667.28,632,Auto,Vehicle Purchase,Yes
LP002034,Male,Yes,0,Graduate,No,1032343.56,470729.98,31500000.0,360.0,1.0,Urban,Y,37,Employed,11,167232.13,231878.02,635,Home,Home Improvement,No
LP002037,Male,Yes,0,Not Graduate,No,611009.24,971688.52,33000000.0,360.0,0.0,Urban,N,33,Employed,4,203154.71,101829.73,589,Auto,Vehicle Repair,Yes
LP002038,Male,No,0,Graduate,Yes,2361259.06,0.0,27500000.0,360.0,1.0,Semiurban,Y,28,Self-Employed,10,257875.47,192755.43,635,Home,Home Renovation,No
LP002039,Male,Yes,0,Graduate,No,1188424.88,769284.72,40000000.0,360.0,0.0,Rural,N,27,Employed,3,123772.18,264917.8,538,Personal,Travel,Yes
LP002040,Male,Yes,2,Graduate,No,1213074.06,0.0,37000000.0,360.0,1.0,Semiurban,Y,55,Employed,31,136564.63,191992.01,706,Personal,Debt Consolidation,No
LP002041,Female,No,0,Graduate,No,1027851.22,0.0,39000000.0,360.0,1.0,Semiurban,Y,29,Employed,2,106678.85,165833.43,788,Business,Business Expansion,Yes
LP002042,Female,No,0,Not Graduate,No,748765.54,0.0,22000000.0,360.0,1.0,Rural,Y,54,Employed,6,165312.81,64870.24,637,Personal,Travel,No
LP002044,Male,Yes,2,Graduate,No,1311570.15,568283.32,40500000.0,360.0,1.0,Semiurban,Y,43,Employed,20,253991.24,133056.12,677,Home,Home Improvement,Yes
LP002045,Male,Yes,1,Not Graduate,No,777346.79,,43000000.0,360.0,1.0,Urban,Y,29,Employed,4,162173.28,92890.01,830,Home,Home Purchase,No
LP002046,Female,No,0,Graduate,No,826973.95,643871.47,34000000.0,360.0,0.0,Urban,N,55,Employed,34,142011.08,25866.77,549,Personal,Medical Expenses,No
LP002047,Male,No,0,Not Graduate,,2350529.78,0.0,41500000.0,360.0,1.0,Rural,N,45,Employed,25,83188.18,167842.79,715,Auto,Vehicle Purchase,Yes
LP002048,Male,Yes,0,,No,935316.96,,22500000.0,360.0,1.0,Rural,N,29,Employed,10,223508.46,493279.76,726,Business,Working Capital,Yes
LP002049,Female,No,0,Not Graduate,No,689492.76,0.0,18000000.0,360.0,1.0,Semiurban,Y,24,Employed,2,153760.73,75309.73,679,Education,Tuition Fees,No
LP002050,Male,Yes,1,Graduate,No,539534.33,598370.96,33000000.0,360.0,1.0,Urban,Y,34,Employed,12,99564.79,178502.45,611,Personal,Debt Consolidation,No
LP002052,Male,No,0,Not Graduate,No,1245959.77,0.0,35000000.0,360.0,1.0,Rural,Y,44,Employed,0,189771.55,320287.27,620,Home,Home Purchase,Yes
LP002054,Male,Yes,0,Graduate,No,1231643.99,1450809.36,46000000.0,180.0,0.0,Rural,N,58,Employed,0,156645.04,478578.38,628,Home,Home Renovation,No
LP002056,Male,Yes,0,Graduate,No,1543699.24,279911.0,43500000.0,360.0,1.0,Semiurban,Y,64,Employed,5,115661.31,465702.93,705,Auto,Vehicle Purchase,No
LP002057,Male,No,0,Not Graduate,No,1321923.68,556557.6,36500000.0,360.0,1.0,Rural,Y,63,Employed,29,102988.24,78655.5,656,Personal,Debt Consolidation,Yes
LP002058,Male,Yes,1,Graduate,No,1028512.16,332748.9,33000000.0,360.0,1.0,Urban,Y,23,Employed,0,84423.86,19361.73,765,Auto,Vehicle Repair,No
LP002059,Male,No,0,Graduate,No,663233.17,595965.42,16500000.0,360.0,1.0,Semiurban,Y,61,Employed,30,129179.46,91349.56,744,Auto,Vehicle Purchase,No
LP002060,Male,No,1,Not Graduate,No,1232811.53,0.0,33500000.0,240.0,,Urban,Y,51,Employed,4,222184.34,145019.23,526,Auto,Vehicle Purchase,No
LP002061,Female,No,0,Graduate,,950223.23,499707.12,37000000.0,360.0,1.0,Urban,Y,31,Unemployed,0,4398.38,479399.85,689,Personal,Debt Consolidation,Yes
LP002062,Male,Yes,2,Graduate,No,1253038.82,0.0,32500000.0,360.0,1.0,Semiurban,Y,40,Employed,1,125115.85,228186.64,688,Home,Home Improvement,No
LP002063,Female,No,0,Graduate,No,216669.25,1221189.8,35500000.0,480.0,1.0,Rural,Y,63,Employed,6,71191.85,488246.67,713,Auto,Vehicle Purchase,Yes
LP002064,Male,Yes,0,Not Graduate,No,1118265.12,1410700.34,42500000.0,360.0,1.0,Semiurban,Y,21,Employed,0,406914.17,251586.13,797,Auto,Vehicle Purchase,Yes
LP002065,Male,Yes,0,Graduate,No,1606484.72,283762.54,42000000.0,360.0,1.0,Semiurban,Y,35,Employed,13,119075.57,507993.84,774,Personal,Medical Expenses,No
LP002066,Male,Yes,2,Not Graduate,No,677317.46,536145.78,38500000.0,180.0,1.0,Semiurban,Y,55,Employed,8,68219.18,73071.23,675,Personal,Debt Consolidation,Yes
LP002067,Male,Yes,0,Not Graduate,No,1017970.74,526785.33,34000000.0,480.0,0.0,Urban,N,45,Employed,21,141792.92,68035.7,524,Auto,Vehicle Repair,Yes
LP002069,Male,Yes,1,Not Graduate,No,867478.86,658089.96,45500000.0,180.0,1.0,Urban,N,65,Employed,34,406312.28,501401.47,729,Auto,Vehicle Purchase,Yes
LP002070,Male,Yes,3+,Graduate,No,1158954.56,827899.93,41500000.0,360.0,0.0,Rural,N,22,Employed,1,215270.48,708564.39,579,Home,Home Purchase,Yes
LP002071,Male,Yes,0,Graduate,No,651571.19,326250.26,17000000.0,360.0,1.0,Semiurban,Y,42,Employed,16,113678.08,150266.07,794,Personal,Wedding,No
LP002072,Male,Yes,3+,Graduate,No,1389271.95,0.0,14000000.0,180.0,1.0,Rural,Y,50,Employed,13,242489.94,425204.4,697,Business,Working Capital,No
LP002073,Male,Yes,3+,Graduate,No,903716.22,712501.35,32000000.0,360.0,1.0,Rural,Y,25,Employed,2,207183.04,541392.19,695,Personal,Wedding,No
LP002074,Male,No,0,Not Graduate,No,487323.82,0.0,12000000.0,360.0,1.0,Urban,N,24,Employed,1,171243.11,162625.11,670,Education,Tuition Fees,Yes
LP002075,Male,Yes,0,Not Graduate,No,784573.46,536300.1,32500000.0,360.0,1.0,Urban,Y,36,Employed,5,173398.46,349514.84,731,Personal,Wedding,Yes
LP002076,Female,No,1,Graduate,Yes,2821487.9,0.0,51000000.0,360.0,1.0,Semiurban,Y,61,Self-Employed,10,213717.23,306652.31,738,Personal,Travel,No
LP002077,Male,Yes,1,Graduate,No,1879031.5,0.0,15000000.0,360.0,1.0,Urban,Y,22,Employed,0,143265.07,194877.23,701,Personal,Debt Consolidation,No
LP002078,Female,No,0,Not Graduate,No,1512410.52,0.0,40000000.0,360.0,1.0,Semiurban,Y,58,Employed,19,169892.6,96610.05,753,Business,Equipment Purchase,Yes
LP002079,Male,Yes,2,Not Graduate,No,769905.4,,41500000.0,360.0,0.0,Rural,N,28,Employed,2,170178.35,306817.49,512,Personal,Wedding,No
LP002080,Female,No,,Graduate,No,1822962.74,0.0,48500000.0,480.0,0.0,Urban,N,28,Employed,10,103940.16,297395.47,527,Personal,Wedding,No
LP002081,Male,No,0,Not Graduate,No,2037119.1,0.0,47000000.0,360.0,1.0,Rural,N,21,Employed,3,97466.59,262119.1,681,Education,Study Abroad,No
LP002082,Male,Yes,2,Not Graduate,No,737382.03,581042.38,15000000.0,360.0,1.0,Semiurban,Y,38,Employed,19,210044.72,218469.68,670,Home,Home Improvement,Yes
LP002083,Male,Yes,0,Graduate,No,1062880.78,996230.34,46000000.0,360.0,1.0,Urban,Y,58,Employed,20,93301.37,69099.75,666,Auto,Vehicle Repair,Yes
LP002084,Male,No,0,Graduate,No,957691.46,0.0,24500000.0,360.0,1.0,Semiurban,Y,32,Employed,3,183353.53,253182.24,686,Auto,Vehicle Purchase,No
LP002085,Male,No,0,Graduate,No,1105227.58,0.0,24000000.0,360.0,1.0,Urban,N,59,Employed,33,101819.82,135348.23,693,Home,Home Improvement,No
LP002088,Female,Yes,0,Graduate,No,1199365.53,962468.98,37000000.0,360.0,,Semiurban,Y,64,Employed,20,243159.31,278420.0,579,Personal,Wedding,Yes
LP002089,Male,Yes,0,Graduate,No,622701.42,342609.24,17000000.0,360.0,1.0,Semiurban,Y,43,Employed,9,299400.96,148640.3,675,Auto,Vehicle Purchase,Yes
LP002090,Female,No,1,Graduate,No,1180067.57,0.0,38000000.0,360.0,,Semiurban,Y,37,Employed,6,141671.31,118518.35,564,Education,Study Abroad,Yes
LP002091,Female,No,0,Graduate,No,1387487.09,0.0,38500000.0,360.0,0.0,Semiurban,N,34,Employed,1,176267.27,87867.05,583,Education,Tuition Fees,No
LP002092,Male,Yes,2,Graduate,No,2045432.78,0.0,44500000.0,360.0,1.0,Semiurban,Y,58,Employed,12,77930.19,220632.13,665,Auto,Vehicle Purchase,No
LP002093,Male,Yes,0,Not Graduate,No,1668706.54,0.0,46500000.0,360.0,1.0,Rural,N,51,Employed,29,108471.47,165350.61,640,Auto,Vehicle Repair,No
LP002094,Male,Yes,0,Graduate,No,1191045.13,1425388.52,43500000.0,180.0,0.0,Rural,N,25,Employed,5,212581.83,244772.66,555,Auto,Vehicle Repair,Yes
LP002095,Male,Yes,2,Graduate,No,688583.56,575409.34,32500000.0,360.0,1.0,Rural,Y,57,Employed,32,139628.48,299008.85,722,Auto,Vehicle Purchase,No
LP002096,Female,No,0,Graduate,,913626.89,494959.8,37000000.0,360.0,1.0,Urban,Y,24,Unemployed,0,10778.77,216825.45,649,Home,Home Improvement,Yes
LP002099,Male,Yes,0,Graduate,No,1325563.86,0.0,36500000.0,360.0,1.0,Semiurban,Y,23,Employed,0,235812.53,174820.11,728,Personal,Debt Consolidation,No
LP002101,Male,Yes,2,Graduate,No,1051503.97,681752.78,49500000.0,360.0,1.0,Urban,Y,33,Employed,2,97497.4,196741.01,780,Personal,Travel,Yes
LP002102,Male,No,0,Graduate,No,674509.33,1757553.65,21500000.0,360.0,,Rural,N,21,Employed,0,217131.35,186460.21,547,Personal,Travel,No
LP002103,Male,Yes,0,Graduate,,1260010.51,0.0,13500000.0,180.0,1.0,Rural,Y,61,Employed,34,91127.89,557063.28,662,Education,Study Abroad,No
LP002104,Female,No,0,Graduate,No,1020882.88,0.0,25500000.0,360.0,1.0,Urban,Y,56,Employed,32,219176.06,271805.92,744,Personal,Medical Expenses,Yes
LP002105,Male,No,0,Graduate,No,2099820.69,0.0,34000000.0,360.0,0.0,Rural,N,55,Employed,25,71705.0,158266.46,530,Personal,Debt Consolidation,No
LP002107,Male,No,0,Graduate,No,,0.0,25000000.0,360.0,1.0,Urban,N,61,Employed,24,239232.48,59313.96,692,Personal,Medical Expenses,No
LP002108,Male,Yes,0,Graduate,No,1641490.78,950072.26,36500000.0,12.0,,Urban,Y,29,Employed,8,134137.24,738576.25,532,Home,Home Improvement,No
LP002109,Female,Yes,0,Graduate,No,846456.44,,40500000.0,360.0,0.0,Urban,N,33,Employed,7,196360.01,606800.48,573,Business,Working Capital,Yes
LP002110,,Yes,2,Graduate,No,964975.16,603514.17,47500000.0,360.0,0.0,Semiurban,N,25,Employed,0,310991.16,492907.49,494,Home,Home Improvement,No
LP002111,Female,No,0,Not Graduate,No,742535.31,0.0,22000000.0,360.0,1.0,Rural,Y,33,Employed,3,264210.06,363876.78,698,Auto,Vehicle Repair,No
LP002112,Female,Yes,2,Not Graduate,,71914.42,966290.32,34000000.0,360.0,1.0,Semiurban,Y,30,Employed,6,249066.73,229461.11,655,Personal,Travel,Yes
LP002113,Female,No,0,Graduate,No,994898.41,0.0,24500000.0,360.0,0.0,Urban,N,58,Employed,26,218491.09,542172.55,574,Education,Study Abroad,Yes
LP002115,Male,No,0,Graduate,No,1252508.73,0.0,37500000.0,480.0,1.0,Urban,N,28,Employed,0,160685.25,270379.71,618,Education,Study Abroad,No
LP002117,Male,Yes,0,Graduate,No,1133671.28,,44000000.0,360.0,1.0,Rural,N,36,Employed,6,200697.92,449639.52,654,Personal,Wedding,No
LP002118,Female,No,0,Graduate,No,775602.19,0.0,15500000.0,360.0,1.0,Rural,N,61,Employed,29,82625.74,273249.04,741,Education,Study Abroad,No
LP002119,Female,No,0,Graduate,No,1357667.85,0.0,36000000.0,360.0,1.0,Semiurban,N,43,Employed,13,296357.4,197340.15,618,Auto,Vehicle Repair,Yes
LP002120,Male,Yes,3+,Not Graduate,No,1358466.34,315047.92,34500000.0,360.0,1.0,Semiurban,Y,43,Employed,2,231443.85,190866.04,763,Home,Home Improvement,Yes
LP002121,Male,Yes,3+,Graduate,No,1352041.52,0.0,,360.0,1.0,Urban,Y,62,Employed,18,261651.26,312396.0,684,Home,Home Purchase,Yes
LP002122,Male,Yes,2,Graduate,No,1120398.9,574728.28,49500000.0,360.0,0.0,Rural,N,65,Employed,33,255808.83,300031.75,645,Auto,Vehicle Repair,Yes
LP002123,Male,Yes,0,Graduate,No,750218.26,0.0,20500000.0,360.0,0.0,Urban,N,53,Employed,25,183185.07,184083.82,522,Personal,Debt Consolidation,No
LP002124,Male,No,0,Graduate,No,1302377.45,0.0,39500000.0,480.0,1.0,Urban,N,63,Employed,12,109747.78,148469.73,558,Personal,Debt Consolidation,No
LP002125,Female,No,0,Graduate,,1140991.88,0.0,45500000.0,360.0,1.0,Rural,N,34,Employed,11,229793.25,58689.21,645,Home,Home Purchase,Yes
LP002127,Male,Yes,0,Graduate,No,1273685.49,1092032.37,48000000.0,180.0,1.0,Rural,Y,59,Employed,4,103235.27,115674.87,692,Home,Home Renovation,Yes
LP002129,Female,No,0,Graduate,No,876268.96,0.0,19000000.0,360.0,1.0,Rural,Y,41,Employed,0,106726.94,401244.04,713,Home,Home Purchase,No
LP002130,Male,Yes,1,Not Graduate,No,838434.63,687181.16,45000000.0,180.0,1.0,Urban,N,55,Employed,16,153221.27,248532.45,646,Home,Home Purchase,Yes
LP002132,Male,Yes,2,Not Graduate,No,1135154.18,948646.38,48000000.0,360.0,1.0,Urban,Y,21,Employed,0,231239.35,397994.35,732,Personal,Medical Expenses,No
LP002133,Female,Yes,2,Graduate,No,1442529.22,825746.02,41500000.0,360.0,,Semiurban,Y,42,Employed,0,170442.29,262669.8,536,Home,Home Improvement,Yes
LP002134,Female,No,0,Graduate,No,844648.09,0.0,23000000.0,360.0,1.0,Urban,Y,52,Employed,18,166493.21,60678.51,659,Personal,Debt Consolidation,Yes
LP002135,Male,No,0,Not Graduate,No,1006221.54,816133.94,37000000.0,360.0,1.0,Semiurban,Y,56,Employed,26,211411.17,56785.18,621,Auto,Vehicle Purchase,Yes
LP002136,Female,Yes,0,Graduate,No,1563010.62,0.0,37000000.0,360.0,1.0,Rural,N,30,Employed,7,166127.94,118518.76,646,Personal,Travel,Yes
LP002137,Male,Yes,0,Graduate,No,1176457.59,650692.19,41000000.0,360.0,1.0,Rural,Y,62,Employed,1,195217.71,515640.1,711,Home,Home Improvement,No
LP002138,Male,No,0,Graduate,No,,643827.86,42500000.0,360.0,1.0,Rural,Y,36,Employed,5,245588.49,834447.56,675,Auto,Vehicle Repair,No
LP002139,Male,Yes,0,Graduate,No,822585.61,0.0,24500000.0,360.0,,Urban,Y,52,Employed,13,161215.75,685524.34,453,Education,Tuition Fees,No
LP002140,Male,Yes,1,Graduate,Yes,1166137.61,397003.86,45000000.0,360.0,1.0,Rural,Y,53,Self-Employed,0,132452.64,175591.13,771,Personal,Debt Consolidation,No
LP002145,Male,Yes,0,Not Graduate,No,1243292.54,489890.39,41500000.0,300.0,1.0,Semiurban,Y,28,Employed,4,235108.31,823030.15,826,Home,Home Renovation,Yes
LP002146,Male,No,0,Not Graduate,No,1297083.26,564904.84,36000000.0,360.0,1.0,Rural,Y,52,Employed,0,188478.87,222308.9,643,Personal,Medical Expenses,No
LP002147,Male,Yes,,Not Graduate,No,991603.8,579274.3,33000000.0,360.0,1.0,Semiurban,Y,63,Employed,20,117321.53,46923.48,664,Personal,Wedding,No
LP002148,Female,No,0,Graduate,No,1447541.59,0.0,24000000.0,360.0,1.0,Semiurban,Y,25,Employed,5,221881.23,383926.86,656,Home,Home Renovation,Yes
LP002149,Male,Yes,0,Graduate,No,1544387.02,768476.17,43000000.0,360.0,1.0,Urban,Y,43,Employed,24,366592.88,117008.91,750,Home,Home Purchase,Yes
LP002150,Male,Yes,0,Not Graduate,No,1664875.14,0.0,46000000.0,360.0,1.0,Rural,N,44,Employed,25,80154.37,377380.45,637,Business,Working Capital,No
LP002152,Male,Yes,2,Graduate,,1685585.55,0.0,26000000.0,360.0,0.0,Semiurban,N,29,Employed,6,178617.18,219165.04,501,Home,Home Renovation,Yes
LP002153,Male,Yes,0,Graduate,No,1139045.99,647857.21,40000000.0,360.0,1.0,Rural,Y,35,Employed,12,114262.99,470049.28,669,Personal,Travel,No
LP002154,Male,No,0,Graduate,No,641207.6,1666958.59,22500000.0,360.0,,Rural,N,52,Employed,24,217058.24,504372.03,510,Home,Home Improvement,No
LP002155,Male,Yes,0,Graduate,No,1016685.78,1087191.1,19000000.0,180.0,1.0,Semiurban,Y,24,Employed,0,184377.09,427825.03,692,Home,Home Improvement,Yes
LP002156,Male,Yes,0,Graduate,No,1169012.84,1449980.68,44500000.0,180.0,0.0,Rural,N,42,Employed,19,197464.55,93755.12,528,Auto,Vehicle Purchase,No
LP002157,Male,Yes,0,Graduate,No,1676624.35,320885.62,41500000.0,180.0,1.0,Urban,Y,58,Employed,21,181939.36,133463.36,734,Personal,Wedding,No
LP002159,Male,Yes,0,Graduate,No,958895.9,751127.46,41000000.0,360.0,1.0,Semiurban,Y,50,Employed,1,65102.1,158130.66,649,Personal,Medical Expenses,Yes
LP002160,Male,Yes,2,Graduate,No,1071446.09,227925.28,24500000.0,360.0,1.0,Urban,Y,21,Employed,1,117832.68,230901.86,612,Education,Study Abroad,Yes
LP002162,Male,Yes,3+,Graduate,No,1432756.1,0.0,,360.0,1.0,Urban,Y,37,Employed,19,183047.26,343022.51,691,Personal,Wedding,Yes
LP002163,Male,Yes,3+,Not Graduate,Yes,2327165.56,0.0,42000000.0,60.0,1.0,Urban,Y,38,Self-Employed,17,175042.78,175941.11,720,Home,Home Purchase,No
LP002164,Male,Yes,0,Graduate,No,1267334.47,0.0,38500000.0,360.0,1.0,Semiurban,Y,32,Employed,8,118462.7,51734.28,782,Personal,Wedding,No
LP002165,Male,Yes,0,Not Graduate,Yes,1442613.1,250863.42,30500000.0,360.0,1.0,Semiurban,N,35,Self-Employed,13,109423.87,177572.25,756,Auto,Vehicle Purchase,Yes
LP002166,Male,Yes,0,Graduate,No,1058009.32,823323.71,47500000.0,360.0,1.0,Rural,Y,47,Employed,3,131694.9,269679.68,634,Personal,Debt Consolidation,Yes
LP002167,Male,Yes,0,Graduate,No,1341983.22,275244.2,36000000.0,360.0,1.0,Semiurban,Y,40,Employed,19,320904.62,84059.6,714,Auto,Vehicle Purchase,Yes
LP002168,Male,Yes,2,Graduate,Yes,1155881.38,1179430.12,29500000.0,360.0,1.0,Urban,Y,48,Self-Employed,16,124468.62,338271.41,589,Business,Equipment Purchase,No
LP002169,Male,Yes,1,Not Graduate,No,818730.72,653812.34,50000000.0,180.0,1.0,Urban,N,44,Employed,11,210221.89,201509.98,662,Personal,Medical Expenses,Yes
LP002170,Female,No,0,Not Graduate,No,762185.54,0.0,22000000.0,360.0,1.0,Rural,Y,60,Employed,33,210051.7,381513.96,659,Home,Home Renovation,Yes
LP002171,Male,No,0,Graduate,,1664046.45,0.0,40500000.0,360.0,1.0,Semiurban,Y,38,Employed,2,123113.56,161920.38,667,Auto,Vehicle Repair,No
LP002172,Female,No,0,Graduate,,925057.38,520075.32,37500000.0,360.0,1.0,Urban,Y,41,Employed,19,325478.5,306762.62,707,Education,Study Abroad,No
LP002173,Male,Yes,3+,Graduate,Yes,1902888.9,484394.9,34000000.0,360.0,1.0,Rural,Y,64,Self-Employed,21,63809.57,16851.72,684,Personal,Wedding,No
LP002174,Male,Yes,0,Not Graduate,No,750466.53,670490.04,35500000.0,360.0,1.0,Rural,Y,44,Employed,23,267475.86,264285.01,590,Education,Study Abroad,No
LP002176,Male,Yes,3+,Graduate,No,1923616.09,0.0,41500000.0,360.0,1.0,Urban,Y,43,Employed,20,201635.24,103292.23,687,Home,Home Renovation,Yes
LP002177,Female,No,1,Graduate,No,1539357.88,0.0,28000000.0,360.0,1.0,Semiurban,N,31,Employed,6,64388.16,630017.84,674,Auto,Vehicle Purchase,Yes
LP002179,Male,No,0,Graduate,No,1654498.12,0.0,35000000.0,360.0,1.0,Semiurban,Y,25,Employed,4,129255.68,325399.69,683,Auto,Vehicle Repair,No
LP002182,Male,No,0,Not Graduate,Yes,828674.94,733449.97,34000000.0,360.0,1.0,Rural,Y,49,Self-Employed,12,227110.24,293906.49,693,Auto,Vehicle Repair,No
LP002183,Male,Yes,1,Graduate,No,590271.99,788945.02,36000000.0,360.0,1.0,Rural,Y,51,Employed,4,133509.52,352023.08,714,Personal,Wedding,No
LP002184,Male,Yes,0,Graduate,No,1175652.39,711112.38,40500000.0,360.0,0.0,Rural,N,28,Employed,2,118061.9,145592.65,533,Auto,Vehicle Purchase,Yes
LP002185,Male,Yes,1,Not Graduate,No,692223.73,808974.38,45500000.0,360.0,1.0,Rural,Y,22,Employed,0,125288.2,135287.0,654,Personal,Debt Consolidation,Yes
LP002186,Male,Yes,2,Not Graduate,No,662525.27,548324.42,38500000.0,180.0,1.0,Semiurban,Y,42,Employed,23,40204.48,99087.11,796,Education,Tuition Fees,No
LP002189,Male,Yes,2,Graduate,No,1498644.95,0.0,45500000.0,360.0,0.0,Semiurban,N,64,Employed,13,111898.63,223778.04,478,Auto,Vehicle Purchase,Yes
LP002190,Male,Yes,1,Not Graduate,No,1143454.46,362477.56,47000000.0,360.0,1.0,Urban,Y,54,Employed,13,210575.62,516417.02,810,Home,Home Renovation,No
LP002191,Male,No,0,Graduate,,1702951.03,0.0,39000000.0,360.0,1.0,Semiurban,Y,65,Employed,3,40386.8,150877.85,729,Personal,Wedding,No
LP002192,Female,Yes,0,Graduate,No,1011230.55,0.0,12500000.0,360.0,1.0,Semiurban,Y,25,Employed,4,162523.07,158657.17,728,Business,Business Expansion,No
LP002193,Male,Yes,2,Graduate,Yes,1999408.9,0.0,48500000.0,84.0,,Rural,Y,37,Self-Employed,18,146070.21,231495.7,572,Auto,Vehicle Repair,No
LP002194,Male,No,0,Graduate,No,1622816.86,0.0,33000000.0,360.0,1.0,Semiurban,Y,44,Employed,10,136356.83,135432.27,756,Education,Study Abroad,Yes
LP002195,Male,Yes,3+,Graduate,,1517104.16,421770.47,37000000.0,360.0,1.0,Urban,Y,57,Employed,31,120774.93,185982.75,722,Home,Home Improvement,Yes
LP002196,Male,No,0,Graduate,No,2003364.44,0.0,46000000.0,360.0,1.0,Rural,Y,30,Employed,2,75253.46,74844.84,628,Personal,Medical Expenses,No
LP002197,Male,No,0,Graduate,No,886937.86,0.0,32000000.0,480.0,1.0,Semiurban,N,38,Employed,9,142948.78,254607.36,720,Home,Home Improvement,Yes
LP002198,Female,Yes,2,Not Graduate,,69938.33,980411.52,33000000.0,360.0,1.0,Semiurban,Y,58,Employed,8,218520.61,309703.89,626,Personal,Debt Consolidation,No
LP002199,Male,Yes,0,Graduate,No,1429635.96,950223.23,39000000.0,12.0,,Urban,Y,50,Employed,6,361818.28,604567.95,690,Business,Equipment Purchase,Yes
LP002200,Male,No,2,Graduate,No,1238078.88,0.0,34500000.0,360.0,1.0,Semiurban,Y,65,Employed,8,152099.05,162610.25,731,Personal,Medical Expenses,No
LP002201,Male,Yes,2,Not Graduate,No,1180144.74,573510.41,29000000.0,360.0,1.0,Urban,Y,38,Employed,12,123579.08,476373.0,647,Education,Tuition Fees,No
LP002202,Female,Yes,0,Graduate,No,906118.4,,40500000.0,360.0,0.0,Urban,N,54,Employed,29,29504.84,173709.2,487,Home,Home Improvement,Yes
LP002203,Male,Yes,1,Graduate,No,759441.16,471266.78,30500000.0,360.0,,Urban,Y,49,Employed,15,119656.38,151201.36,521,Personal,Medical Expenses,Yes
LP002204,Male,Yes,0,Graduate,No,1308678.14,,50500000.0,360.0,0.0,Rural,N,33,Employed,15,145999.0,692722.98,492,Personal,Wedding,Yes
LP002206,Male,No,0,Graduate,No,1377851.53,0.0,40000000.0,360.0,1.0,Rural,Y,65,Employed,27,100855.03,6798.94,607,Business,Business Expansion,No
LP002207,Female,No,0,Graduate,No,795118.22,0.0,15500000.0,360.0,1.0,Rural,N,56,Employed,5,182435.32,523006.42,710,Home,Home Improvement,No
LP002208,Male,Yes,3+,Not Graduate,No,1648915.4,0.0,43000000.0,360.0,,Semiurban,N,33,Employed,5,176692.05,181086.08,550,Personal,Debt Consolidation,Yes
LP002210,Male,Yes,0,Graduate,No,807109.0,1260396.34,40500000.0,360.0,1.0,Urban,Y,45,Employed,7,159140.62,137536.66,802,Personal,Debt Consolidation,No
LP002212,Male,No,0,Graduate,No,1318498.22,0.0,26500000.0,360.0,1.0,Semiurban,Y,57,Employed,28,296368.21,105115.32,806,Personal,Wedding,Yes
LP002213,Male,Yes,0,Graduate,No,861986.73,1266002.54,40000000.0,360.0,1.0,Urban,Y,30,Employed,7,74111.3,237881.25,737,Education,Tuition Fees,No
LP002214,,Yes,0,Graduate,No,1009818.1,718510.16,,360.0,0.0,Semiurban,N,31,Employed,10,110189.25,628798.43,564,Home,Home Purchase,Yes
LP002215,Male,Yes,0,Graduate,No,699366.52,546720.74,31000000.0,360.0,1.0,Semiurban,Y,29,Employed,10,169419.68,226315.97,658,Home,Home Renovation,Yes
LP002216,Male,Yes,2,Not Graduate,No,1286696.18,,35500000.0,360.0,1.0,Semiurban,Y,21,Employed,1,115825.55,619930.45,763,Personal,Wedding,No
LP002217,Male,No,0,Graduate,Yes,2365358.88,0.0,28500000.0,360.0,1.0,Semiurban,Y,43,Self-Employed,20,93141.87,169573.83,816,Personal,Wedding,No
LP002218,Male,No,0,Graduate,No,1042945.36,0.0,16000000.0,360.0,1.0,Urban,Y,60,Employed,31,68665.17,550283.44,743,Personal,Debt Consolidation,No
LP002220,Male,Yes,0,Graduate,No,748497.14,508815.94,34000000.0,360.0,1.0,Urban,Y,45,Employed,17,108202.45,246275.53,676,Home,Home Renovation,No
LP002221,Male,Yes,2,Graduate,No,1439469.46,0.0,43000000.0,360.0,0.0,Semiurban,N,54,Employed,34,131005.42,257027.0,535,Home,Home Renovation,Yes
LP002222,Male,No,0,Graduate,No,858373.39,0.0,31000000.0,480.0,1.0,Semiurban,N,36,Employed,16,112876.24,61490.24,760,Personal,Travel,No
LP002227,Male,Yes,0,Graduate,No,1136952.47,486122.72,47000000.0,360.0,1.0,Semiurban,Y,51,Employed,18,162210.29,124875.28,690,Auto,Vehicle Purchase,Yes
LP002228,Male,Yes,1,Graduate,No,2446898.8,565015.55,38000000.0,,0.0,Urban,N,58,Employed,2,228825.34,336290.3,517,Home,Home Renovation,No
LP002229,Female,No,0,Graduate,No,691015.93,0.0,32000000.0,360.0,0.0,Semiurban,N,32,Employed,14,170874.82,297298.47,553,Education,Study Abroad,No
LP002230,Male,Yes,0,Graduate,Yes,996206.86,0.0,22000000.0,360.0,1.0,Urban,Y,27,Self-Employed,3,41835.63,256536.98,740,Auto,Vehicle Purchase,No
LP002231,Male,Yes,2,Not Graduate,No,648122.26,499358.2,21000000.0,300.0,,Urban,Y,60,Employed,0,218657.56,271307.33,552,Auto,Vehicle Repair,No
LP002232,Female,Yes,0,Graduate,No,1455271.51,825853.38,36500000.0,360.0,1.0,Urban,N,42,Employed,0,183412.41,65459.67,781,Home,Home Purchase,No
LP002233,Male,No,0,Not Graduate,No,1119482.98,778715.63,42000000.0,180.0,0.0,Urban,N,61,Employed,8,135033.93,206680.88,499,Business,Working Capital,No
LP002235,Male,Yes,2,Graduate,No,3148788.28,0.0,38000000.0,360.0,1.0,Urban,Y,38,Employed,18,88586.25,361115.44,759,Home,Home Renovation,No
LP002238,Male,Yes,3+,Not Graduate,No,1656467.5,0.0,43000000.0,360.0,,Semiurban,N,36,Employed,11,77169.41,360966.45,704,Auto,Vehicle Repair,Yes
LP002240,Male,No,0,Not Graduate,No,906594.81,0.0,21500000.0,300.0,1.0,Rural,N,65,Employed,20,194957.17,427745.67,778,Business,Working Capital,No
LP002241,Male,No,2,Graduate,No,1209081.61,0.0,36000000.0,360.0,1.0,Semiurban,Y,21,Employed,3,103228.77,235501.32,558,Personal,Medical Expenses,No
LP002242,Male,No,0,Graduate,No,1399139.0,0.0,42500000.0,360.0,1.0,Semiurban,Y,28,Employed,7,326295.53,241955.23,683,Auto,Vehicle Repair,No
LP002243,Male,Yes,0,Not Graduate,No,849133.72,597548.98,35000000.0,360.0,1.0,Rural,Y,33,Employed,9,105090.89,68595.96,728,Personal,Wedding,Yes
LP002245,Male,Yes,0,Graduate,No,1947933.13,0.0,47000000.0,360.0,1.0,Rural,Y,54,Employed,19,180901.38,46545.47,554,Business,Working Capital,No
LP002246,Male,No,0,Graduate,No,1202418.58,0.0,27000000.0,360.0,1.0,Urban,N,65,Employed,6,125409.66,756669.33,638,Personal,Wedding,No
LP002247,Male,Yes,0,Graduate,No,656761.38,618547.93,31000000.0,360.0,1.0,Urban,Y,48,Employed,2,111639.49,187837.43,714,Personal,Debt Consolidation,Yes
LP002248,Male,Yes,2,Graduate,No,467670.22,364265.77,5500000.0,120.0,1.0,Urban,Y,51,Employed,3,95301.43,35650.98,722,Auto,Vehicle Purchase,Yes
LP002249,Male,Yes,2,Not Graduate,No,651913.4,564388.16,35500000.0,180.0,1.0,Semiurban,Y,33,Employed,15,131278.15,262428.98,732,Personal,Debt Consolidation,Yes
LP002251,Female,Yes,0,Graduate,No,1545011.05,0.0,38000000.0,360.0,1.0,Rural,N,34,Employed,14,155847.87,203408.51,717,Auto,Vehicle Repair,Yes
LP002252,Male,Yes,2,Not Graduate,No,1003440.24,0.0,14500000.0,180.0,0.0,Urban,N,51,Employed,17,125901.27,113235.11,480,Personal,Debt Consolidation,Yes
LP002253,Male,No,0,Not Graduate,No,923507.36,930653.51,31500000.0,360.0,,Semiurban,Y,38,Employed,9,256926.17,13480.47,591,Personal,Debt Consolidation,Yes
LP002254,Male,Yes,3+,Not Graduate,No,1014568.78,552420.88,25000000.0,180.0,0.0,Urban,N,29,Employed,8,197324.67,283844.31,584,Personal,Wedding,Yes
LP002255,Male,Yes,0,Graduate,No,949226.8,673049.9,36000000.0,360.0,1.0,Rural,Y,34,Employed,0,178503.32,104506.0,758,Auto,Vehicle Repair,Yes
LP002256,Male,No,0,Graduate,No,623889.09,962250.9,37000000.0,360.0,1.0,Rural,N,42,Employed,14,149385.86,179926.2,720,Auto,Vehicle Repair,No
LP002257,Male,Yes,2,Graduate,No,,0.0,33000000.0,360.0,1.0,Urban,N,58,Employed,5,118172.74,310385.81,704,Education,Study Abroad,No
LP002258,Male,No,0,Not Graduate,No,1095964.43,901404.62,40500000.0,,1.0,Rural,Y,49,Employed,19,145853.95,173533.95,698,Home,Home Improvement,No
LP002259,Male,Yes,3+,Graduate,No,1171666.65,402948.92,43500000.0,360.0,0.0,Semiurban,N,61,Employed,4,172907.2,55781.7,528,Education,Study Abroad,Yes
LP002260,Male,No,1,Graduate,No,1432964.12,624100.45,39500000.0,360.0,1.0,Urban,Y,25,Employed,6,261909.34,218688.51,610,Personal,Wedding,Yes
LP002261,Male,No,0,Graduate,No,1716112.7,0.0,41000000.0,,0.0,Rural,N,25,Employed,6,143196.85,172523.62,502,Auto,Vehicle Repair,No
LP002262,Male,Yes,2,Graduate,No,750298.78,348812.64,27000000.0,180.0,1.0,Urban,Y,50,Employed,9,169100.9,281728.46,659,Personal,Debt Consolidation,No
LP002264,Male,Yes,2,Not Graduate,No,1152328.43,993905.33,48500000.0,360.0,1.0,Urban,Y,21,Employed,2,224297.93,271229.04,772,Auto,Vehicle Repair,No
LP002267,Male,No,0,Graduate,No,1672450.72,0.0,40500000.0,360.0,1.0,Urban,Y,53,Employed,22,108030.98,509066.14,730,Personal,Debt Consolidation,No
LP002268,Male,Yes,3+,Graduate,No,,0.0,32000000.0,360.0,1.0,Semiurban,Y,51,Employed,2,99875.17,20504.66,628,Personal,Debt Consolidation,Yes
LP002269,Male,Yes,2,Graduate,No,779943.56,347208.95,26000000.0,180.0,1.0,Urban,Y,23,Employed,1,244133.4,390318.07,705,Personal,Wedding,No
LP002270,Male,No,0,Graduate,No,1131040.96,0.0,41000000.0,360.0,1.0,Semiurban,N,55,Employed,12,148525.02,62504.52,687,Personal,Travel,No
LP002271,Male,Yes,2,Graduate,No,1102248.34,240805.12,23500000.0,360.0,1.0,Urban,Y,34,Employed,3,201577.13,454728.43,721,Home,Home Purchase,Yes
LP002273,Male,Yes,1,Graduate,No,1014806.98,584793.28,46500000.0,360.0,1.0,Semiurban,Y,42,Employed,9,199099.01,409171.26,756,Auto,Vehicle Repair,Yes
LP002274,Female,No,0,Graduate,No,1146725.58,0.0,24500000.0,360.0,0.0,Urban,N,27,Employed,0,171615.65,373456.61,573,Personal,Travel,Yes
LP002275,Male,No,0,Graduate,No,1045404.58,854344.04,36000000.0,360.0,1.0,Urban,Y,53,Employed,24,187978.11,188856.99,683,Auto,Vehicle Repair,Yes
LP002276,Male,Yes,3+,Graduate,No,1712066.56,0.0,31000000.0,360.0,1.0,Urban,N,27,Employed,5,145430.25,172402.03,813,Personal,Debt Consolidation,No
LP002278,Male,No,0,,No,1417131.87,0.0,33500000.0,360.0,0.0,Semiurban,N,31,Employed,3,99703.87,238645.94,581,Education,Study Abroad,No
LP002279,Female,No,0,Graduate,No,1308956.6,759340.5,51000000.0,360.0,1.0,Semiurban,Y,43,Employed,18,129204.97,349184.41,662,Personal,Wedding,No
LP002280,Male,Yes,0,Graduate,No,595099.84,1174773.38,43500000.0,360.0,1.0,Semiurban,Y,57,Employed,18,49774.14,171263.93,719,Home,Home Purchase,Yes
LP002282,Male,Yes,1,Graduate,No,626093.33,752667.41,36500000.0,360.0,1.0,Rural,Y,47,Employed,28,209903.43,456520.01,686,Education,Tuition Fees,No
LP002283,Male,No,0,Graduate,No,2038605.36,0.0,37000000.0,360.0,0.0,Rural,N,60,Employed,17,144263.35,16632.5,526,Personal,Travel,No
LP002285,Male,Yes,3+,Not Graduate,Yes,2317721.23,0.0,41500000.0,60.0,1.0,Urban,Y,21,Self-Employed,1,101012.55,866986.81,614,Education,Study Abroad,Yes
LP002286,Female,No,0,Graduate,No,206976.66,1229261.93,36000000.0,480.0,1.0,Rural,Y,32,Employed,6,86486.26,184361.77,713,Education,Study Abroad,No
LP002289,Male,Yes,1,Graduate,No,595344.75,0.0,20000000.0,360.0,,Rural,N,51,Employed,4,167696.44,409524.09,513,Personal,Medical Expenses,No
LP002290,Male,Yes,1,Graduate,No,1281465.74,0.0,23000000.0,360.0,1.0,Urban,N,37,Employed,16,144945.94,518893.07,767,Education,Tuition Fees,Yes
LP002291,Female,Yes,2,Graduate,No,1449433.81,776051.76,42000000.0,360.0,,Semiurban,Y,59,Employed,24,138314.45,348902.59,479,Personal,Wedding,No
LP002292,Male,Yes,0,Graduate,No,1642738.85,283202.26,40500000.0,360.0,1.0,Semiurban,Y,55,Employed,35,289674.65,148856.72,675,Business,Working Capital,No
LP002293,Male,Yes,0,Not Graduate,No,858145.26,561593.45,36000000.0,360.0,1.0,Rural,Y,55,Employed,26,134776.35,46738.82,678,Personal,Debt Consolidation,No
LP002294,Male,No,0,Graduate,No,1026250.88,1027623.08,30500000.0,360.0,1.0,Rural,Y,57,Employed,28,298620.47,161966.24,685,Home,Home Renovation,No
LP002295,Male,Yes,2,Graduate,No,817918.8,333060.91,25500000.0,180.0,1.0,Urban,Y,57,Employed,34,103009.99,55740.45,688,Auto,Vehicle Purchase,No
LP002298,Male,No,0,Not Graduate,No,2228337.32,0.0,46000000.0,360.0,1.0,Semiurban,Y,29,Employed,7,184614.04,593807.25,696,Business,Equipment Purchase,No
LP002299,Female,No,0,Graduate,No,1462565.28,0.0,37500000.0,360.0,0.0,Semiurban,N,51,Employed,3,128167.38,49265.03,501,Personal,Travel,No
LP002301,Male,No,0,Graduate,No,898989.02,0.0,19500000.0,360.0,1.0,Urban,Y,43,Employed,8,63010.28,310543.92,651,Home,Home Purchase,Yes
LP002302,Male,No,0,Graduate,No,1028451.76,0.0,33000000.0,360.0,1.0,Semiurban,Y,61,Employed,14,171350.72,249213.69,656,Auto,Vehicle Repair,No
LP002303,Male,Yes,0,Not Graduate,Yes,1474827.8,240090.51,29500000.0,360.0,1.0,Semiurban,N,44,Self-Employed,7,266198.96,261941.45,634,Personal,Wedding,No
LP002304,Male,Yes,1,Graduate,No,720318.5,476842.8,28500000.0,360.0,,Urban,Y,48,Employed,18,225280.34,292782.01,548,Personal,Medical Expenses,No
LP002306,Male,Yes,0,Graduate,No,613049.08,419670.24,33000000.0,,0.0,Urban,N,34,Employed,10,170996.56,22701.69,610,Personal,Medical Expenses,No
LP002307,Male,Yes,0,Graduate,No,666725.73,348748.9,16500000.0,360.0,1.0,Semiurban,Y,54,Employed,5,124910.0,126714.31,598,Home,Home Improvement,No
LP002309,Male,Yes,3+,Not Graduate,Yes,2388297.01,0.0,41500000.0,60.0,1.0,Urban,Y,51,Self-Employed,10,258498.3,472314.7,630,Auto,Vehicle Purchase,No
LP002310,Male,Yes,1,Graduate,No,1947604.34,0.0,15500000.0,360.0,1.0,Urban,Y,26,Employed,5,303385.64,740158.92,650,Auto,Vehicle Repair,No
LP002311,Male,Yes,3+,Graduate,Yes,1849259.22,492943.44,35500000.0,360.0,1.0,Rural,Y,65,Self-Employed,0,130206.15,44604.6,776,Auto,Vehicle Purchase,No
LP002312,Female,No,0,Graduate,No,1683300.8,0.0,33500000.0,360.0,0.0,Semiurban,N,43,Employed,13,167193.03,327291.27,532,Personal,Travel,No
LP002313,Male,Yes,0,Not Graduate,No,1470097.26,0.0,41000000.0,180.0,1.0,Semiurban,Y,42,Employed,5,118826.23,166392.27,601,Auto,Vehicle Purchase,No
LP002315,Male,No,0,Graduate,No,861785.43,0.0,31500000.0,480.0,1.0,Semiurban,N,21,Employed,2,132568.48,435076.22,595,Home,Home Improvement,No
LP002316,Male,No,0,Graduate,No,1094367.45,0.0,17000000.0,360.0,1.0,Urban,Y,57,Employed,10,264027.05,260603.12,670,Personal,Wedding,No
LP002317,Male,No,0,Not Graduate,No,1332797.24,878563.78,18000000.0,360.0,1.0,Rural,Y,56,Employed,23,180222.52,105779.7,696,Personal,Travel,Yes
LP002319,Male,Yes,0,Graduate,No,940708.45,496976.15,32000000.0,360.0,1.0,Urban,Y,59,Employed,16,433837.33,160311.79,741,Education,Study Abroad,No
LP002320,Male,Yes,0,Graduate,No,859990.5,692237.15,35500000.0,360.0,1.0,Semiurban,Y,47,Employed,3,149110.58,100386.68,745,Auto,Vehicle Repair,No
LP002321,Male,Yes,1,Graduate,No,1772127.78,345977.66,8500000.0,360.0,1.0,Semiurban,Y,55,Employed,11,198844.29,599061.81,738,Auto,Vehicle Repair,No
LP002322,Female,No,0,Graduate,No,1375201.08,0.0,15000000.0,360.0,1.0,Semiurban,Y,60,Employed,31,129559.38,530255.58,619,Home,Home Improvement,No
LP002323,Male,No,0,Graduate,No,639711.27,11828179.99,29500000.0,360.0,1.0,Urban,N,43,Employed,10,192917.98,116454.59,757,Education,Study Abroad,No
LP002324,Male,No,0,Graduate,,1714505.65,0.0,38500000.0,360.0,1.0,Semiurban,Y,33,Unemployed,0,1770.59,153016.51,720,Home,Home Improvement,No
LP002325,Female,No,0,Not Graduate,No,735617.3,0.0,23500000.0,360.0,1.0,Semiurban,Y,64,Employed,25,95061.94,143391.91,710,Personal,Medical Expenses,No
LP002326,Male,Yes,2,Not Graduate,No,1257279.54,0.0,43000000.0,360.0,1.0,Semiurban,Y,50,Employed,31,159122.81,47225.26,690,Personal,Wedding,No
LP002327,Female,No,0,,Yes,1590105.6,0.0,41500000.0,360.0,0.0,Semiurban,N,65,Self-Employed,26,169856.34,348483.63,552,Auto,Vehicle Repair,No
LP002328,Male,No,0,Not Graduate,Yes,1876937.98,0.0,46000000.0,360.0,1.0,Semiurban,Y,48,Self-Employed,15,162871.44,224736.14,646,Home,Home Renovation,Yes
LP002329,Male,Yes,2,Graduate,No,449939.05,368298.48,5500000.0,120.0,1.0,Urban,Y,25,Employed,4,238092.03,262355.97,608,Auto,Vehicle Purchase,No
LP002330,Male,Yes,0,Graduate,No,1265714.01,667232.34,39000000.0,360.0,1.0,Rural,Y,41,Employed,15,204981.8,175655.39,672,Education,Study Abroad,Yes
LP002331,Male,Yes,2,Not Graduate,No,754767.64,0.0,39000000.0,360.0,1.0,Rural,N,41,Employed,22,196903.55,247540.31,706,Auto,Vehicle Purchase,No
LP002333,Male,No,0,Not Graduate,Yes,1954170.08,0.0,45000000.0,360.0,1.0,Semiurban,Y,31,Self-Employed,4,209203.43,78737.94,623,Auto,Vehicle Purchase,No
LP002334,Male,No,0,Graduate,No,,0.0,44500000.0,360.0,0.0,Rural,Y,26,Employed,6,188131.38,204936.62,592,Home,Home Improvement,Yes
LP002335,Male,Yes,2,Graduate,No,1056922.3,506142.01,45500000.0,360.0,1.0,Urban,Y,64,Employed,22,100267.56,240727.53,630,Home,Home Purchase,No
LP002336,Female,No,0,Graduate,No,1321195.64,0.0,40000000.0,360.0,1.0,Semiurban,Y,55,Employed,18,226690.57,92728.99,850,Education,Study Abroad,No
LP002338,Male,Yes,0,Graduate,No,1957357.32,0.0,50000000.0,360.0,1.0,Urban,Y,28,Employed,8,66345.28,94009.66,726,Personal,Debt Consolidation,No
LP002339,Male,Yes,0,Graduate,No,592734.56,578298.0,32500000.0,360.0,1.0,Urban,Y,37,Employed,1,126558.93,277386.05,723,Personal,Medical Expenses,Yes
LP002340,Female,No,0,Not Graduate,No,738633.44,0.0,21500000.0,360.0,1.0,Rural,Y,46,Employed,4,189654.84,367756.25,574,Home,Home Renovation,No
LP002341,Male,Yes,2,Not Graduate,No,1152375.4,1021117.74,48000000.0,360.0,1.0,Urban,Y,35,Employed,6,331458.64,348600.52,588,Personal,Medical Expenses,No
LP002342,Male,No,0,Not Graduate,No,1212104.47,0.0,37000000.0,360.0,1.0,Rural,Y,22,Employed,2,211894.9,184639.14,755,Personal,Debt Consolidation,No
LP002343,Male,No,0,Graduate,No,2088591.5,0.0,35000000.0,360.0,0.0,Rural,N,60,Employed,23,158309.34,262819.25,546,Auto,Vehicle Purchase,Yes
LP002344,Female,Yes,2,Not Graduate,,71568.86,966035.34,33000000.0,360.0,1.0,Semiurban,Y,21,Unemployed,0,23830.71,370403.95,669,Auto,Vehicle Repair,No
LP002346,Male,No,0,Not Graduate,No,869283.86,,21500000.0,180.0,1.0,Urban,Y,63,Employed,18,152535.52,89762.68,589,Auto,Vehicle Repair,No
LP002349,Male,Yes,2,Graduate,No,1009418.85,538558.02,44500000.0,360.0,1.0,Urban,Y,52,Employed,14,176625.25,150621.41,706,Auto,Vehicle Purchase,Yes
LP002350,Male,Yes,1,Not Graduate,No,833301.48,631179.5,46500000.0,180.0,1.0,Urban,N,62,Employed,5,233567.39,85943.4,693,Personal,Debt Consolidation,No
LP002351,Male,Yes,1,Not Graduate,No,1205092.51,359458.06,45500000.0,360.0,1.0,Urban,Y,48,Employed,24,179228.87,383579.44,713,Auto,Vehicle Repair,Yes
LP002352,Male,Yes,2,Not Graduate,No,1448356.86,354197.42,,360.0,1.0,Urban,Y,51,Employed,3,157899.33,718557.44,734,Auto,Vehicle Purchase,Yes
LP002353,Male,Yes,3+,Graduate,No,2095361.9,0.0,52000000.0,360.0,1.0,Semiurban,N,49,Employed,7,139374.82,383780.25,632,Personal,Medical Expenses,No
LP002354,Male,Yes,2,Not Graduate,No,658089.96,493926.46,37000000.0,180.0,1.0,Semiurban,Y,59,Employed,27,125504.65,413234.85,753,Education,Study Abroad,Yes
LP002355,Male,Yes,2,Graduate,No,1109146.22,240389.1,23000000.0,360.0,1.0,Urban,Y,25,Employed,5,138305.68,336693.32,588,Home,Home Renovation,Yes
LP002356,Male,Yes,0,Graduate,No,1232365.31,612300.92,42500000.0,360.0,1.0,Semiurban,Y,39,Employed,16,140881.49,456456.07,736,Auto,Vehicle Repair,No
LP002358,Female,Yes,2,Graduate,No,716211.98,525966.7,37500000.0,480.0,1.0,Semiurban,Y,37,Employed,9,42850.37,293976.02,679,Personal,Debt Consolidation,No
LP002359,Female,No,2,Graduate,No,1132070.94,0.0,47000000.0,360.0,1.0,Urban,N,50,Employed,11,104418.1,365903.55,653,Home,Home Purchase,No
LP002360,Male,Yes,0,Graduate,No,844534.02,,41000000.0,360.0,,Urban,Y,62,Employed,27,110919.39,24943.26,567,Personal,Wedding,No
LP002363,Male,Yes,0,Not Graduate,No,1414823.63,0.0,39500000.0,180.0,1.0,Semiurban,Y,39,Employed,14,255122.43,219607.09,742,Home,Home Renovation,Yes
LP002364,Male,Yes,2,Graduate,No,1933828.71,0.0,44000000.0,360.0,1.0,Urban,Y,26,Employed,7,253052.05,260252.16,697,Personal,Medical Expenses,No
LP002365,Male,No,0,Graduate,No,753952.38,0.0,21500000.0,480.0,0.0,Semiurban,N,56,Employed,31,289848.47,361903.44,484,Personal,Medical Expenses,No
LP002371,Male,Yes,3+,Graduate,No,1433313.04,,41000000.0,360.0,1.0,Semiurban,Y,45,Employed,26,186066.66,85770.54,649,Personal,Wedding,No
LP002372,Male,No,0,Not Graduate,No,897492.7,867307.76,30500000.0,360.0,,Semiurban,Y,42,Employed,16,376230.4,525293.17,485,Personal,Debt Consolidation,Yes
LP002373,Male,Yes,2,Not Graduate,No,1399132.3,487568.73,42500000.0,360.0,1.0,Rural,N,58,Employed,0,168094.59,248523.23,768,Auto,Vehicle Purchase,No
LP002374,Male,Yes,1,Graduate,No,518297.18,483901.72,10000000.0,360.0,1.0,Urban,Y,27,Employed,1,185040.12,45301.42,658,Auto,Vehicle Purchase,Yes
LP002375,,Yes,2,Not Graduate,No,1147611.3,641925.57,38000000.0,360.0,0.0,Rural,N,49,Employed,24,60671.23,238521.81,588,Personal,Travel,Yes
LP002376,Female,No,0,,Yes,1597174.59,0.0,46500000.0,360.0,0.0,Semiurban,N,33,Self-Employed,13,161912.79,224109.95,536,Business,Business Expansion,Yes
LP002378,Male,Yes,0,Graduate,No,1199150.81,604101.3,42500000.0,360.0,1.0,Semiurban,Y,40,Employed,12,240702.09,187712.47,693,Business,Working Capital,No
LP002380,Male,Yes,3+,,No,1194094.82,0.0,26000000.0,180.0,1.0,Rural,N,37,Employed,3,164810.13,74835.54,652,Home,Home Improvement,No
LP002381,Male,No,0,Graduate,No,2032532.81,0.0,39500000.0,360.0,0.0,Rural,N,31,Employed,1,55882.95,673945.83,557,Home,Home Renovation,No
LP002382,Male,Yes,3+,Not Graduate,No,672912.35,255382.6,32000000.0,480.0,1.0,Semiurban,Y,36,Employed,7,64991.75,489580.72,687,Personal,Medical Expenses,No
LP002383,Male,Yes,2,Graduate,No,1464574.92,0.0,43500000.0,360.0,0.0,Semiurban,N,50,Employed,27,181263.29,52986.28,535,Home,Home Purchase,No
LP002384,Female,No,1,Not Graduate,,1862521.54,0.0,45000000.0,360.0,1.0,Semiurban,Y,65,Employed,2,92726.05,527262.75,749,Education,Tuition Fees,Yes
LP002385,Female,No,0,Graduate,No,1116983.5,1028522.22,46000000.0,360.0,,Rural,Y,52,Employed,19,164777.64,292134.56,600,Education,Tuition Fees,No
LP002386,Male,Yes,,Not Graduate,No,913717.48,583048.67,36000000.0,360.0,1.0,Semiurban,Y,24,Employed,1,111824.56,89330.43,675,Home,Home Purchase,No
LP002388,Female,Yes,0,Not Graduate,No,628837.72,535853.89,32500000.0,360.0,1.0,Semiurban,Y,54,Employed,30,152219.78,220632.24,635,Personal,Travel,Yes
LP002389,Female,No,1,Graduate,,1264902.1,0.0,32500000.0,360.0,1.0,Semiurban,Y,48,Unemployed,0,1500.26,382092.33,689,Personal,Debt Consolidation,No
LP002391,Male,Yes,2,Graduate,No,,0.0,33000000.0,360.0,1.0,Urban,N,22,Employed,1,126943.34,77644.85,646,Personal,Wedding,Yes
LP002392,Male,Yes,3+,Graduate,No,,0.0,33500000.0,360.0,1.0,Semiurban,Y,32,Employed,11,152491.92,204411.15,695,Business,Equipment Purchase,No
LP002393,Male,Yes,0,Graduate,No,1107438.53,461637.94,47000000.0,360.0,1.0,Semiurban,Y,26,Employed,6,141498.94,200822.22,728,Education,Study Abroad,Yes
LP002394,Female,No,0,Graduate,No,2350962.57,0.0,38500000.0,360.0,1.0,Rural,Y,27,Employed,7,144510.86,53158.99,675,Auto,Vehicle Purchase,No
LP002395,Male,Yes,0,Not Graduate,No,842920.26,622872.52,38000000.0,360.0,0.0,Semiurban,N,24,Employed,1,190187.26,112568.2,525,Business,Business Expansion,Yes
LP002396,Male,Yes,3+,Graduate,No,1702095.5,0.0,32000000.0,360.0,1.0,Urban,N,29,Employed,10,142781.92,648896.38,670,Personal,Debt Consolidation,Yes
LP002397,Male,No,0,Graduate,No,1088358.64,0.0,23000000.0,360.0,1.0,Urban,Y,21,Employed,3,233394.76,503928.97,728,Personal,Wedding,No
LP002399,Female,No,0,Graduate,No,859279.24,0.0,18500000.0,360.0,1.0,Rural,Y,26,Employed,0,158514.45,139661.45,753,Auto,Vehicle Purchase,No
LP002400,Male,No,,Graduate,No,986970.54,0.0,25000000.0,360.0,1.0,Urban,Y,42,Employed,16,169569.72,288346.79,704,Home,Home Renovation,Yes
LP002401,Male,Yes,1,Graduate,No,1871301.58,0.0,15000000.0,360.0,1.0,Urban,Y,42,Employed,20,157768.71,119730.37,702,Personal,Wedding,Yes
LP002402,Male,No,0,Graduate,No,1048075.16,0.0,26500000.0,360.0,1.0,Urban,N,29,Employed,2,155503.65,233820.61,692,Personal,Debt Consolidation,Yes
LP002403,Male,No,0,Not Graduate,No,1227121.44,449016.42,33000000.0,360.0,1.0,Rural,N,25,Employed,2,106313.66,126917.48,529,Home,Home Improvement,No
LP002404,Female,No,0,Not Graduate,No,953907.02,0.0,27500000.0,,0.0,Urban,N,49,Employed,1,95420.12,696230.78,514,Auto,Vehicle Repair,Yes
LP002405,Female,No,0,Graduate,Yes,829406.32,0.0,32500000.0,360.0,,Urban,Y,46,Self-Employed,2,74093.2,98867.25,522,Personal,Travel,Yes
LP002406,Male,Yes,0,Graduate,No,2190174.19,0.0,44000000.0,360.0,1.0,Semiurban,Y,54,Employed,30,171036.33,381872.63,647,Personal,Debt Consolidation,Yes
LP002408,Female,No,0,Graduate,No,1323883.0,762937.06,47000000.0,360.0,1.0,Semiurban,Y,27,Employed,8,175821.15,184609.93,707,Auto,Vehicle Repair,No
LP002409,Male,No,0,Graduate,No,1069295.53,0.0,24500000.0,480.0,1.0,Urban,N,36,Employed,9,81240.14,74251.51,682,Home,Home Purchase,No
LP002410,Male,Yes,2,Graduate,No,1315398.2,0.0,29000000.0,360.0,1.0,Semiurban,Y,28,Employed,9,158328.64,386448.71,622,Education,Study Abroad,No
LP002411,Female,No,0,Graduate,No,527104.05,623473.07,33000000.0,360.0,0.0,Semiurban,N,50,Employed,23,187942.73,201580.94,626,Personal,Medical Expenses,Yes
LP002412,Male,Yes,2,Graduate,Yes,1823107.0,0.0,50000000.0,84.0,,Rural,Y,53,Self-Employed,19,152422.33,211591.85,477,Home,Home Purchase,No
LP002413,Male,No,0,Graduate,No,,0.0,25500000.0,360.0,1.0,Urban,N,55,Employed,33,180680.04,193680.28,647,Education,Study Abroad,Yes
LP002414,Female,No,0,Graduate,No,1025975.78,0.0,20500000.0,360.0,1.0,Urban,Y,42,Employed,19,73051.81,383412.65,694,Education,Study Abroad,No
LP002415,Male,No,0,Graduate,No,803116.54,0.0,19500000.0,360.0,1.0,Urban,Y,34,Employed,10,101653.66,549453.48,723,Personal,Travel,Yes
LP002416,Female,No,1,Graduate,Yes,2978642.81,0.0,50000000.0,360.0,1.0,Semiurban,Y,53,Self-Employed,13,153562.75,368038.39,683,Auto,Vehicle Purchase,Yes
LP002417,Female,No,1,Graduate,,1140186.68,0.0,29500000.0,360.0,1.0,Semiurban,Y,44,Employed,21,164029.06,322023.94,684,Personal,Wedding,Yes
LP002419,Male,Yes,1,Not Graduate,No,875641.58,487078.9,38500000.0,180.0,0.0,Rural,N,59,Employed,21,241378.18,65200.46,594,Personal,Wedding,No
LP002420,Male,Yes,0,Graduate,No,1025073.28,1106556.16,32000000.0,300.0,,Urban,Y,27,Employed,0,138479.44,386579.75,529,Personal,Medical Expenses,Yes
LP002421,Male,No,0,Not Graduate,,,716369.66,42500000.0,360.0,1.0,Rural,Y,61,Employed,20,179550.3,65309.17,690,Personal,Debt Consolidation,Yes
LP002422,Male,Yes,1,Graduate,No,1870318.56,0.0,15500000.0,360.0,1.0,Urban,Y,50,Employed,19,154001.26,48667.71,685,Business,Working Capital,No
LP002423,Male,Yes,0,Graduate,No,351929.44,922809.52,38500000.0,360.0,1.0,Rural,Y,64,Employed,5,218008.7,29621.44,706,Auto,Vehicle Purchase,No
LP002424,Male,Yes,0,Graduate,No,1033903.64,1151311.86,19500000.0,180.0,1.0,Semiurban,Y,57,Employed,29,102770.13,149111.92,743,Home,Home Purchase,No
LP002425,Male,No,0,Graduate,No,,0.0,42500000.0,360.0,0.0,Rural,Y,62,Employed,4,146572.73,137174.98,588,Business,Business Expansion,No
LP002426,Male,No,0,Not Graduate,No,928358.7,,19500000.0,180.0,1.0,Urban,Y,62,Employed,26,292499.1,806285.35,676,Personal,Wedding,No
LP002427,Female,No,0,Graduate,No,1252914.68,0.0,31500000.0,360.0,,Rural,Y,58,Employed,27,34272.74,181160.19,558,Personal,Travel,No
LP002428,Male,Yes,0,Not Graduate,,650420.43,600867.08,32500000.0,360.0,1.0,Rural,Y,61,Unemployed,0,17435.9,192837.84,740,Personal,Wedding,Yes
LP002430,Male,No,0,Not Graduate,,2382590.15,0.0,41000000.0,360.0,1.0,Rural,N,30,Employed,0,91594.71,329889.76,696,Business,Equipment Purchase,No
LP002431,Male,No,0,Graduate,Yes,2024984.06,1433618.34,42000000.0,180.0,1.0,Urban,N,25,Self-Employed,2,107984.34,53455.81,735,Home,Home Improvement,No
LP002432,Male,Yes,0,Graduate,No,599904.19,566515.24,34500000.0,360.0,1.0,Urban,Y,53,Employed,9,108717.94,124432.3,821,Personal,Debt Consolidation,No
LP002433,Female,No,0,Graduate,No,590258.57,573392.98,18000000.0,360.0,1.0,Urban,Y,51,Employed,22,127140.75,306517.13,712,Home,Home Purchase,No
LP002436,Male,Yes,0,Graduate,No,1599251.34,826749.16,44500000.0,360.0,1.0,Urban,Y,31,Employed,11,217835.23,136879.69,664,Home,Home Improvement,No
LP002437,Female,No,0,Graduate,No,807837.03,639405.96,36000000.0,360.0,0.0,Urban,N,62,Employed,23,142640.14,376574.03,505,Personal,Debt Consolidation,Yes
LP002438,Female,No,0,Graduate,No,1054338.94,0.0,27500000.0,360.0,1.0,Urban,Y,48,Employed,23,262054.17,27452.29,681,Auto,Vehicle Purchase,No
LP002439,Male,No,0,Graduate,,1022724.78,695605.57,40000000.0,360.0,1.0,Rural,Y,48,Employed,3,167919.47,185518.76,663,Personal,Travel,Yes
LP002440,Male,Yes,2,Not Graduate,No,987467.08,677501.99,43000000.0,360.0,1.0,Urban,Y,29,Employed,2,255567.68,266004.95,616,Personal,Wedding,Yes
LP002441,Male,No,0,Not Graduate,,,675975.46,40500000.0,360.0,1.0,Rural,Y,30,Employed,8,278906.5,257585.6,749,Personal,Travel,No
LP002442,Female,No,1,Graduate,No,1156847.62,0.0,38000000.0,360.0,,Semiurban,Y,30,Employed,9,112807.24,109271.36,445,Business,Business Expansion,Yes
LP002444,Male,Yes,3+,Not Graduate,Yes,1841291.1,0.0,42500000.0,360.0,1.0,Rural,Y,53,Self-Employed,26,212652.34,113020.42,726,Education,Study Abroad,No
LP002445,Male,No,2,Graduate,No,1493921.11,0.0,44500000.0,360.0,1.0,Rural,Y,31,Employed,2,98060.76,502118.64,673,Business,Business Expansion,No
LP002450,Male,No,2,Graduate,No,1472995.98,0.0,45500000.0,360.0,1.0,Rural,Y,43,Employed,14,136615.07,295475.88,684,Auto,Vehicle Purchase,No
LP002451,Female,No,0,Graduate,No,1669558.72,0.0,34500000.0,360.0,0.0,Semiurban,N,38,Employed,18,176784.22,169857.4,458,Personal,Debt Consolidation,No
LP002452,Male,No,0,Graduate,No,1038671.1,0.0,31500000.0,360.0,1.0,Semiurban,Y,65,Employed,31,126153.63,88839.9,739,Personal,Medical Expenses,Yes
LP002454,Male,Yes,0,Graduate,No,1164134.68,,46000000.0,360.0,1.0,Rural,N,30,Employed,10,132824.78,299813.4,699,Personal,Medical Expenses,Yes
LP002456,Male,No,0,Graduate,No,1013028.83,1055560.16,30500000.0,360.0,1.0,Rural,Y,63,Employed,15,110098.3,198480.71,627,Home,Home Renovation,No
LP002457,Female,Yes,1,Graduate,No,1498906.64,971651.62,49500000.0,180.0,1.0,Semiurban,Y,27,Employed,7,31661.1,5883.43,555,Auto,Vehicle Purchase,No
LP002458,Female,No,0,Graduate,No,1234582.97,562697.24,46000000.0,360.0,1.0,Rural,Y,28,Employed,8,117670.36,156358.09,732,Personal,Wedding,Yes
LP002460,Male,Yes,0,Graduate,No,1575736.14,0.0,23000000.0,180.0,1.0,Semiurban,Y,49,Employed,13,193569.29,403995.59,630,Education,Tuition Fees,Yes
LP002461,Male,Yes,0,Graduate,No,736180.94,0.0,19500000.0,360.0,0.0,Urban,N,58,Employed,23,69850.51,96465.66,501,Home,Home Purchase,No
LP002462,Female,No,0,Graduate,No,1123904.87,0.0,24000000.0,360.0,0.0,Urban,N,30,Employed,1,171449.75,114432.27,586,Business,Equipment Purchase,No
LP002463,Male,Yes,0,Graduate,No,995817.68,925597.53,43000000.0,360.0,1.0,Semiurban,Y,25,Employed,5,104131.63,70740.58,665,Personal,Medical Expenses,Yes
LP002464,Male,Yes,0,Graduate,Yes,1169351.7,0.0,8000000.0,120.0,1.0,Semiurban,Y,62,Self-Employed,11,90139.15,31238.91,737,Personal,Debt Consolidation,No
LP002465,Female,Yes,1,Graduate,No,1136153.97,300507.35,36000000.0,84.0,1.0,Semiurban,Y,62,Employed,34,215142.89,96307.78,700,Home,Home Purchase,No
LP002466,Male,Yes,3+,Graduate,No,1770725.38,0.0,32000000.0,360.0,1.0,Urban,N,39,Employed,2,258015.03,441322.75,747,Business,Equipment Purchase,No
LP002467,Male,Yes,2,Not Graduate,No,916290.76,0.0,15000000.0,180.0,0.0,Urban,N,50,Employed,14,78420.55,209756.49,494,Auto,Vehicle Repair,Yes
LP002468,Female,No,0,Graduate,No,989070.78,0.0,23500000.0,360.0,1.0,Rural,Y,62,Employed,5,139188.96,53824.11,640,Personal,Wedding,Yes
LP002469,Male,No,0,Graduate,No,1043884.76,0.0,24000000.0,480.0,1.0,Urban,N,31,Employed,0,250291.52,62683.07,646,Business,Equipment Purchase,Yes
LP002470,Male,No,0,Not Graduate,No,1234267.6,421059.21,32500000.0,360.0,1.0,Rural,N,40,Employed,4,148406.67,343261.3,758,Personal,Debt Consolidation,No
LP002471,Female,No,0,,Yes,1599382.18,0.0,45500000.0,360.0,0.0,Semiurban,N,55,Self-Employed,29,86517.47,452898.23,607,Personal,Debt Consolidation,No
LP002473,Female,No,0,Graduate,No,776216.16,622084.1,34000000.0,360.0,0.0,Urban,N,65,Employed,27,174752.24,386603.51,577,Personal,Wedding,Yes
LP002474,Male,No,0,Graduate,No,590342.44,413181.67,16000000.0,360.0,1.0,Urban,Y,59,Employed,9,277831.97,65083.94,677,Personal,Travel,No
LP002475,Female,No,0,Graduate,No,1409042.96,0.0,38000000.0,360.0,1.0,Semiurban,Y,32,Employed,9,110070.1,397656.09,739,Personal,Debt Consolidation,Yes
LP002476,Female,No,0,Graduate,No,718080.72,2852072.08,45500000.0,360.0,0.0,Semiurban,Y,33,Employed,10,68074.73,317724.63,498,Personal,Medical Expenses,No
LP002477,Male,No,0,Graduate,No,712830.14,0.0,21000000.0,480.0,0.0,Semiurban,N,64,Employed,18,132591.4,172589.5,589,Personal,Wedding,Yes
LP002478,Male,Yes,2,Not Graduate,No,766932.87,592284.99,15000000.0,360.0,1.0,Semiurban,Y,64,Employed,18,120970.87,783489.17,718,Personal,Medical Expenses,No
LP002479,,Yes,0,Graduate,No,983659.16,744870.39,,360.0,0.0,Semiurban,N,50,Employed,28,280837.5,106802.73,403,Home,Home Renovation,Yes
LP002480,Male,Yes,2,Graduate,No,931398.32,403311.26,32000000.0,360.0,1.0,Semiurban,Y,63,Employed,31,72986.17,292893.92,684,Auto,Vehicle Repair,No
LP002481,Male,Yes,0,Graduate,No,1440127.04,0.0,38000000.0,360.0,1.0,Urban,Y,46,Employed,22,158952.12,191240.12,596,Auto,Vehicle Purchase,Yes
LP002482,Male,Yes,0,Graduate,No,614069.0,590027.08,32000000.0,360.0,1.0,Urban,Y,47,Employed,16,143382.85,149586.23,502,Home,Home Renovation,No
LP002483,Male,Yes,0,Not Graduate,No,1547007.28,0.0,,360.0,,Rural,Y,59,Employed,17,236194.4,241571.85,542,Home,Home Renovation,No
LP002485,Male,No,0,Graduate,Yes,1708953.12,0.0,43500000.0,360.0,1.0,Semiurban,Y,34,Self-Employed,6,178794.33,414583.7,710,Home,Home Renovation,Yes
LP002486,Female,No,1,Graduate,,1263664.1,0.0,32500000.0,360.0,1.0,Semiurban,Y,28,Employed,4,288183.17,155979.2,621,Education,Tuition Fees,No
LP002487,Male,No,0,Not Graduate,No,929190.74,821210.06,37500000.0,360.0,1.0,Semiurban,Y,26,Employed,0,338556.73,357715.19,716,Home,Home Purchase,No
LP002488,Male,No,0,Graduate,No,821981.71,858118.42,47500000.0,360.0,1.0,Semiurban,Y,39,Employed,2,138243.14,188287.88,743,Education,Study Abroad,Yes
LP002490,Male,Yes,3+,Graduate,No,1443787.35,0.0,,360.0,1.0,Urban,Y,36,Employed,3,235647.53,64569.14,703,Home,Home Purchase,Yes
LP002491,Male,Yes,3+,Not Graduate,No,1314576.23,334634.41,32500000.0,360.0,1.0,Semiurban,Y,27,Employed,7,94636.75,265290.25,770,Education,Study Abroad,No
LP002492,Male,Yes,2,Graduate,No,1605011.87,496083.72,51500000.0,360.0,1.0,Semiurban,Y,62,Employed,18,165709.36,343151.18,709,Auto,Vehicle Purchase,No
LP002495,,No,0,Graduate,No,,0.0,33000000.0,360.0,1.0,Semiurban,Y,32,Employed,7,341077.66,93142.63,622,Business,Business Expansion,Yes
LP002496,Female,Yes,0,Graduate,No,1637317.16,0.0,28500000.0,360.0,1.0,Rural,N,60,Employed,34,112097.9,143245.76,785,Home,Home Improvement,Yes
LP002497,Female,Yes,0,Not Graduate,No,1341225.0,0.0,42000000.0,360.0,,Rural,Y,51,Employed,8,112529.57,413531.01,558,Education,Study Abroad,No
LP002498,Male,Yes,0,Not Graduate,No,2536608.14,0.0,34500000.0,360.0,0.0,Urban,N,52,Employed,25,185584.35,121109.46,458,Auto,Vehicle Repair,Yes
LP002499,Male,Yes,1,Graduate,No,1148986.85,0.0,31500000.0,360.0,1.0,Semiurban,Y,47,Employed,14,131679.97,491076.56,786,Personal,Medical Expenses,No
LP002501,Male,No,0,Graduate,No,1041844.92,1071009.94,30000000.0,360.0,1.0,Rural,Y,35,Employed,2,228526.81,482733.16,850,Personal,Debt Consolidation,Yes
LP002503,Male,No,0,Graduate,No,586839.83,11440875.44,29000000.0,360.0,1.0,Urban,N,60,Employed,21,173069.55,171499.65,678,Personal,Medical Expenses,No
LP002504,Male,No,2,Graduate,No,1589686.23,0.0,47500000.0,360.0,1.0,Rural,Y,65,Employed,20,155763.22,348101.22,743,Personal,Travel,No
LP002506,Female,Yes,1,Graduate,No,1099607.96,303238.32,35500000.0,84.0,1.0,Semiurban,Y,48,Employed,10,117012.14,174607.07,715,Home,Home Renovation,No
LP002507,Male,Yes,1,Not Graduate,No,739965.38,,42500000.0,360.0,1.0,Urban,Y,58,Employed,28,316163.68,227253.29,766,Personal,Travel,No
LP002508,Male,Yes,0,Graduate,No,572420.04,1119734.6,44500000.0,360.0,1.0,Semiurban,Y,42,Employed,21,120087.76,237097.92,780,Auto,Vehicle Purchase,No
LP002509,Male,Yes,3+,Not Graduate,No,1089767.75,0.0,24000000.0,360.0,1.0,Semiurban,Y,55,Employed,8,273029.53,220789.03,643,Auto,Vehicle Repair,No
LP002510,Female,No,0,Not Graduate,No,920333.54,0.0,26000000.0,,0.0,Urban,N,23,Employed,2,147101.02,307229.71,649,Personal,Debt Consolidation,No
LP002511,Male,No,0,Not Graduate,No,1246838.78,574513.56,,360.0,1.0,Semiurban,Y,32,Employed,7,150153.36,185227.44,785,Auto,Vehicle Purchase,Yes
LP002512,Male,No,0,Graduate,Yes,2273790.86,0.0,28000000.0,360.0,1.0,Semiurban,Y,24,Self-Employed,3,83604.11,372238.64,724,Personal,Travel,No
LP002513,Male,Yes,2,Graduate,No,969551.38,0.0,,360.0,1.0,Semiurban,Y,61,Employed,23,116352.23,81696.99,629,Business,Equipment Purchase,No
LP002514,Male,No,0,Graduate,No,2059829.09,0.0,48000000.0,360.0,1.0,Rural,Y,45,Employed,3,139380.76,447866.06,718,Personal,Travel,Yes
LP002515,Male,Yes,0,,No,981354.28,,23000000.0,360.0,1.0,Rural,N,40,Employed,15,200610.65,252625.65,532,Auto,Vehicle Repair,No
LP002516,Male,No,0,Graduate,Yes,2315023.81,0.0,27000000.0,360.0,1.0,Semiurban,Y,52,Self-Employed,18,117108.18,196810.09,659,Business,Business Expansion,No
LP002518,Male,No,0,,No,773099.36,0.0,18000000.0,360.0,1.0,Semiurban,Y,30,Employed,10,137318.41,283094.77,734,Business,Working Capital,Yes
LP002520,Male,Yes,0,Graduate,No,718053.88,2186446.79,24000000.0,180.0,1.0,Semiurban,N,59,Employed,28,198659.73,56491.62,633,Personal,Wedding,Yes
LP002521,Female,No,0,Graduate,No,810591.49,603785.93,35000000.0,360.0,0.0,Urban,N,59,Employed,29,114628.47,81243.55,503,Auto,Vehicle Repair,No
LP002523,Male,Yes,0,Not Graduate,No,798540.32,511610.66,31500000.0,360.0,1.0,Urban,Y,59,Employed,3,184168.15,36253.82,705,Auto,Vehicle Purchase,No
LP002524,Male,Yes,3+,,No,1199328.62,0.0,26500000.0,180.0,1.0,Rural,N,57,Employed,5,158365.19,122881.14,675,Personal,Wedding,No
LP002525,Female,Yes,2,Graduate,No,1431840.19,779738.9,45000000.0,360.0,,Semiurban,Y,37,Employed,7,267954.71,220340.97,512,Auto,Vehicle Repair,No
LP002526,Male,Yes,0,Graduate,No,1639866.96,321419.06,40500000.0,180.0,1.0,Urban,Y,65,Employed,5,239879.45,106432.4,731,Personal,Medical Expenses,Yes
LP002527,Male,Yes,0,Not Graduate,No,842822.97,559325.47,35500000.0,360.0,1.0,Rural,Y,35,Employed,8,170682.6,229910.1,598,Personal,Travel,No
LP002528,Female,Yes,0,Graduate,No,1197644.42,0.0,36000000.0,360.0,1.0,Semiurban,Y,55,Employed,16,225929.11,409244.14,683,Education,Study Abroad,Yes
LP002529,Female,No,0,Graduate,No,1474140.03,0.0,38500000.0,360.0,1.0,Semiurban,Y,63,Employed,10,110553.49,310900.41,673,Auto,Vehicle Repair,Yes
LP002531,Female,No,1,Not Graduate,,1817695.38,0.0,47000000.0,360.0,1.0,Semiurban,Y,51,Employed,24,50097.35,234315.5,731,Auto,Vehicle Purchase,No
LP002532,Male,No,0,,No,828745.39,0.0,18500000.0,360.0,1.0,Semiurban,Y,58,Employed,18,216951.66,207424.3,678,Education,Study Abroad,Yes
LP002533,Male,No,0,Not Graduate,,2530367.84,0.0,41000000.0,360.0,1.0,Rural,N,38,Employed,9,167627.61,384288.75,754,Auto,Vehicle Repair,Yes
LP002534,Male,Yes,0,Graduate,No,1155472.07,1388312.42,43500000.0,180.0,0.0,Rural,N,59,Employed,20,104584.05,103046.73,627,Education,Tuition Fees,No
LP002535,Male,Yes,0,Not Graduate,No,777272.98,510889.34,31500000.0,360.0,1.0,Urban,Y,38,Employed,0,170447.09,18445.05,740,Auto,Vehicle Purchase,Yes
LP002538,Male,Yes,1,Graduate,No,1435789.02,490323.18,42500000.0,360.0,1.0,Rural,N,28,Employed,1,134351.4,288882.11,716,Personal,Medical Expenses,Yes
LP002539,Male,Yes,0,Graduate,No,1231486.3,664883.84,41500000.0,360.0,1.0,Rural,Y,65,Employed,33,245113.86,407639.38,655,Home,Home Improvement,No
LP002540,Male,Yes,1,Graduate,Yes,715809.38,0.0,21500000.0,300.0,0.0,Rural,N,26,Self-Employed,4,176500.29,486026.85,579,Auto,Vehicle Repair,No
LP002541,Female,No,2,Graduate,,1224101.94,726401.12,39500000.0,360.0,1.0,Semiurban,Y,29,Employed,0,177331.04,61853.79,801,Personal,Medical Expenses,No
LP002542,Female,No,0,Graduate,No,1070540.24,0.0,26500000.0,360.0,1.0,Urban,Y,29,Employed,2,262547.05,290421.66,696,Home,Home Renovation,Yes
LP002543,Male,Yes,0,Graduate,No,1047243.12,,36000000.0,360.0,1.0,Rural,Y,44,Employed,26,176382.7,56877.76,650,Home,Home Renovation,No
LP002546,Male,Yes,0,Not Graduate,Yes,1505777.68,0.0,29500000.0,,1.0,Urban,Y,56,Self-Employed,34,140361.91,122337.97,633,Personal,Medical Expenses,No
LP002547,Male,Yes,0,Graduate,No,774417.88,508557.61,34500000.0,360.0,1.0,Urban,Y,32,Employed,3,218360.89,126217.0,721,Auto,Vehicle Repair,No
LP002548,Male,Yes,3+,Not Graduate,Yes,2460936.12,0.0,41500000.0,60.0,1.0,Urban,Y,25,Self-Employed,7,116568.05,509583.07,675,Education,Study Abroad,Yes
LP002549,Male,Yes,0,Graduate,No,732040.87,548914.9,34000000.0,360.0,1.0,Urban,Y,41,Employed,3,118607.99,207888.04,814,Business,Working Capital,No
LP002550,Male,Yes,0,Graduate,No,1609306.27,320570.25,39500000.0,180.0,1.0,Urban,Y,44,Employed,20,267109.39,311768.48,653,Home,Home Purchase,No
LP002551,Male,Yes,2,Graduate,Yes,2063915.48,438065.7,36500000.0,360.0,1.0,Rural,Y,58,Self-Employed,32,150551.13,201523.27,737,Home,Home Renovation,No
LP002552,Male,No,0,Not Graduate,Yes,863268.34,737667.2,35000000.0,360.0,1.0,Rural,Y,50,Self-Employed,5,79730.38,524054.04,764,Personal,Wedding,Yes
LP002553,Male,Yes,0,Graduate,No,807541.79,710045.49,19000000.0,360.0,,Rural,Y,46,Employed,10,301573.1,330583.01,545,Auto,Vehicle Purchase,Yes
LP002554,Male,Yes,0,Not Graduate,No,1260044.06,510147.88,38500000.0,300.0,1.0,Semiurban,Y,56,Employed,5,248934.99,24499.27,695,Education,Study Abroad,Yes
LP002555,Male,No,0,Graduate,No,709894.51,735580.39,47500000.0,360.0,1.0,Semiurban,Y,48,Employed,11,115684.91,311907.27,655,Personal,Medical Expenses,Yes
LP002557,Male,Yes,0,Graduate,Yes,1167815.11,0.0,8500000.0,120.0,1.0,Semiurban,Y,47,Self-Employed,26,86411.9,108922.11,674,Auto,Vehicle Repair,No
LP002558,Female,No,0,Graduate,No,755800.98,3063769.22,43500000.0,360.0,0.0,Semiurban,Y,40,Employed,1,145099.72,61461.98,424,Business,Business Expansion,No
LP002559,Male,Yes,1,Graduate,No,1523790.68,477117.9,42000000.0,360.0,1.0,Rural,N,42,Employed,22,95412.09,117636.98,666,Education,Tuition Fees,No
LP002561,Male,Yes,0,Graduate,No,1589545.32,804190.14,43500000.0,360.0,1.0,Urban,Y,54,Employed,19,182956.62,286867.04,613,Personal,Debt Consolidation,No
LP002562,Female,No,0,Graduate,No,2531629.32,0.0,39500000.0,360.0,1.0,Rural,Y,32,Employed,8,153844.11,97150.63,723,Education,Study Abroad,No
LP002563,Female,Yes,0,Graduate,No,1173116.01,961016.26,38500000.0,360.0,,Semiurban,Y,34,Employed,8,218556.72,150309.7,565,Education,Tuition Fees,Yes
LP002564,Female,No,0,Not Graduate,No,613991.84,811480.56,41500000.0,,1.0,Urban,Y,63,Employed,6,164554.27,354904.07,696,Home,Home Purchase,No
LP002565,Male,Yes,0,Graduate,No,623499.91,642774.38,31000000.0,360.0,1.0,Urban,Y,54,Employed,14,239795.17,20543.42,758,Personal,Medical Expenses,No
LP002566,Male,Yes,2,Graduate,No,1265603.3,0.0,34000000.0,360.0,1.0,Semiurban,Y,50,Employed,14,226888.08,350587.81,789,Business,Working Capital,Yes
LP002567,Female,No,0,Graduate,No,718224.98,0.0,34500000.0,360.0,0.0,Semiurban,N,55,Employed,26,196436.93,391594.02,571,Home,Home Improvement,No
LP002568,Male,Yes,0,Graduate,No,1026213.98,408632.29,27500000.0,360.0,1.0,Urban,Y,53,Employed,3,198711.92,261470.79,664,Education,Tuition Fees,Yes
LP002569,Female,Yes,0,Not Graduate,No,1065494.32,,35000000.0,360.0,,Semiurban,Y,35,Employed,8,205044.35,442614.24,494,Auto,Vehicle Purchase,No
LP002570,Female,No,0,Graduate,No,1385859.91,0.0,24000000.0,360.0,1.0,Semiurban,Y,31,Employed,8,171467.28,124520.55,652,Education,Tuition Fees,No
LP002572,Male,Yes,2,Graduate,Yes,1114765.85,1185435.57,28500000.0,360.0,1.0,Urban,Y,51,Self-Employed,25,283503.41,224818.6,722,Auto,Vehicle Repair,No
LP002573,Male,No,0,Not Graduate,No,788270.67,537249.57,43000000.0,360.0,1.0,Semiurban,Y,44,Employed,6,91478.2,482264.85,806,Personal,Medical Expenses,No
LP002574,Male,Yes,3+,Graduate,No,1933298.62,0.0,44500000.0,360.0,1.0,Urban,Y,49,Employed,24,305399.21,138908.69,772,Personal,Medical Expenses,No
LP002575,Female,No,0,Graduate,No,1167409.16,0.0,25500000.0,360.0,0.0,Urban,N,25,Employed,1,132686.22,283118.12,511,Home,Home Improvement,No
LP002576,Male,Yes,0,Graduate,No,1313351.66,1171337.86,48000000.0,180.0,1.0,Rural,Y,52,Employed,8,74565.58,488053.88,687,Education,Study Abroad,Yes
LP002577,Male,No,0,Not Graduate,No,1255987.86,435388.42,31500000.0,360.0,1.0,Rural,N,33,Employed,7,191333.98,167740.67,726,Auto,Vehicle Repair,Yes
LP002578,Male,No,0,Graduate,No,2060741.65,0.0,39500000.0,360.0,0.0,Rural,N,61,Employed,19,119538.26,235723.26,540,Home,Home Improvement,No
LP002579,Male,Yes,3+,Graduate,No,2202936.62,0.0,53000000.0,360.0,1.0,Semiurban,N,58,Employed,29,169126.03,201514.48,786,Auto,Vehicle Purchase,Yes
LP002580,,Yes,0,Graduate,No,982226.58,734184.72,,360.0,0.0,Semiurban,N,59,Employed,29,206404.75,133064.73,667,Personal,Travel,No
LP002581,Male,No,0,Not Graduate,No,881254.5,936242.94,32500000.0,360.0,,Semiurban,Y,56,Employed,0,68415.92,159472.67,506,Personal,Wedding,No
LP002582,Male,Yes,0,Graduate,No,857541.36,737553.14,48500000.0,360.0,1.0,Semiurban,Y,49,Employed,8,172994.93,219286.34,646,Business,Equipment Purchase,No
LP002583,Female,No,0,Graduate,No,1069882.66,0.0,24000000.0,360.0,0.0,Urban,N,46,Employed,8,185659.73,31153.89,556,Personal,Wedding,No
LP002584,Female,No,0,Graduate,,1111206.2,0.0,46000000.0,360.0,1.0,Rural,N,45,Employed,11,125253.26,261272.23,634,Home,Home Improvement,No
LP002589,Female,Yes,0,Graduate,No,810225.79,1537828.0,35000000.0,360.0,1.0,Semiurban,Y,64,Employed,25,173171.42,338676.75,646,Education,Study Abroad,No
LP002590,Female,No,0,Graduate,Yes,1148882.84,0.0,42000000.0,360.0,,Urban,Y,59,Self-Employed,13,250283.08,162762.8,503,Education,Study Abroad,No
LP002591,Male,Yes,1,Graduate,No,1053661.24,607634.12,46000000.0,360.0,1.0,Semiurban,Y,38,Employed,4,189729.65,543868.13,734,Home,Home Renovation,Yes
LP002592,Male,Yes,1,Graduate,No,1023197.84,369268.08,33000000.0,360.0,1.0,Urban,Y,62,Employed,14,119287.85,748762.72,654,Auto,Vehicle Repair,Yes
LP002593,Female,No,0,Not Graduate,No,639402.61,802509.29,40000000.0,,1.0,Urban,Y,35,Employed,15,242240.37,265758.67,692,Education,Study Abroad,No
LP002594,Male,Yes,3+,Not Graduate,Yes,1155988.74,725850.89,43500000.0,360.0,,Semiurban,Y,28,Self-Employed,2,129332.4,58311.36,515,Home,Home Purchase,Yes
LP002595,Male,Yes,0,Graduate,No,,0.0,42500000.0,360.0,1.0,Rural,Y,29,Employed,11,60314.4,271941.66,617,Education,Tuition Fees,No
LP002596,Female,No,0,Not Graduate,No,752590.24,0.0,22500000.0,360.0,1.0,Rural,Y,25,Employed,0,220237.31,269465.56,712,Auto,Vehicle Repair,Yes
LP002597,Male,Yes,2,Not Graduate,No,1002051.27,0.0,15000000.0,180.0,0.0,Urban,N,64,Employed,3,214393.44,233033.9,560,Auto,Vehicle Purchase,Yes
LP002598,Female,Yes,0,Not Graduate,No,1391258.11,0.0,41000000.0,360.0,,Rural,Y,62,Employed,14,122183.8,109361.73,494,Personal,Debt Consolidation,No
LP002599,Male,Yes,0,Graduate,No,648534.92,337754.56,16500000.0,360.0,1.0,Semiurban,Y,42,Employed,0,103934.17,228283.88,745,Auto,Vehicle Purchase,No
LP002601,Male,No,0,Graduate,Yes,2299127.82,0.0,43000000.0,360.0,1.0,Urban,Y,64,Self-Employed,13,100136.95,241860.17,566,Education,Study Abroad,Yes
LP002602,Female,No,0,Graduate,No,805384.52,0.0,15000000.0,360.0,1.0,Rural,N,48,Employed,16,213965.42,170114.45,813,Home,Home Renovation,No
LP002604,Male,Yes,0,Graduate,,1171643.16,463550.28,19500000.0,360.0,1.0,Rural,N,28,Employed,2,193438.33,147726.4,596,Auto,Vehicle Repair,Yes
LP002605,Male,Yes,1,Graduate,No,931616.4,633548.14,39000000.0,360.0,1.0,Semiurban,Y,45,Employed,7,162412.83,232058.17,708,Personal,Wedding,Yes
LP002607,Male,Yes,0,Graduate,No,1427367.98,0.0,38000000.0,360.0,1.0,Urban,Y,52,Employed,5,176033.53,136098.58,755,Personal,Travel,Yes
LP002608,Male,Yes,0,Not Graduate,Yes,1638511.54,0.0,32000000.0,,1.0,Urban,Y,60,Self-Employed,35,402753.27,120629.66,649,Auto,Vehicle Purchase,Yes
LP002609,,Yes,2,Graduate,No,959989.64,591530.12,46000000.0,360.0,0.0,Semiurban,N,63,Employed,13,198819.88,90491.68,510,Home,Home Purchase,No
LP002610,Male,Yes,2,Graduate,No,1612386.16,0.0,46500000.0,360.0,1.0,Urban,N,43,Employed,5,89800.09,309953.06,659,Personal,Wedding,No
LP002611,Male,Yes,2,Not Graduate,No,1320340.12,0.0,41500000.0,360.0,1.0,Semiurban,Y,32,Employed,1,171240.76,9801.88,803,Auto,Vehicle Repair,No
LP002612,Female,Yes,1,Graduate,No,1541078.99,0.0,43000000.0,360.0,1.0,Urban,Y,57,Employed,1,147387.68,78749.0,838,Personal,Wedding,Yes
LP002613,Male,No,0,Not Graduate,No,924201.85,0.0,21500000.0,300.0,1.0,Rural,N,65,Employed,34,144437.08,65374.63,721,Personal,Medical Expenses,Yes
LP002614,Male,Yes,0,Not Graduate,No,1279432.6,489333.46,39500000.0,300.0,1.0,Semiurban,Y,62,Employed,1,102866.84,131999.93,667,Home,Home Purchase,Yes
LP002615,Male,No,0,Graduate,No,623134.22,409628.72,16500000.0,360.0,1.0,Urban,Y,28,Employed,7,162646.52,292993.28,600,Business,Business Expansion,Yes
LP002616,Male,No,0,Graduate,No,625147.22,946723.96,38500000.0,360.0,1.0,Rural,N,29,Employed,10,114291.96,130700.47,692,Personal,Wedding,Yes
LP002617,Male,Yes,0,Graduate,No,1138022.71,,44500000.0,360.0,1.0,Rural,N,27,Employed,3,398280.96,105959.8,713,Home,Home Improvement,Yes
LP002620,Male,No,0,Graduate,No,840122.2,615706.24,48000000.0,360.0,1.0,Rural,Y,28,Employed,9,148312.98,169687.24,571,Home,Home Improvement,No
LP002621,Male,Yes,0,Graduate,No,1187535.8,619356.48,43000000.0,360.0,1.0,Semiurban,Y,25,Employed,4,289884.95,209828.49,803,Personal,Debt Consolidation,No
LP002622,Male,Yes,0,Graduate,No,1284364.46,0.0,37000000.0,360.0,1.0,Semiurban,Y,59,Employed,3,116943.94,258152.69,624,Auto,Vehicle Repair,No
LP002623,,No,0,Graduate,No,1142562.03,0.0,34500000.0,360.0,1.0,Urban,N,64,Employed,1,121858.56,391837.76,696,Personal,Travel,Yes
LP002624,Male,Yes,,Graduate,Yes,1901409.35,1517798.64,23000000.0,,1.0,Semiurban,Y,39,Self-Employed,7,243387.07,186478.84,674,Business,Business Expansion,Yes
LP002626,Male,Yes,0,Graduate,No,920900.53,708082.82,41500000.0,360.0,1.0,Semiurban,Y,46,Employed,25,187274.58,474703.8,772,Home,Home Renovation,Yes
LP002627,Male,Yes,0,Graduate,No,1253253.54,695018.44,41000000.0,360.0,1.0,Rural,Y,21,Employed,2,87849.04,123980.21,648,Education,Study Abroad,No
LP002628,Male,Yes,0,Graduate,No,909097.64,673714.2,42000000.0,360.0,1.0,Semiurban,Y,32,Employed,5,107111.02,354699.47,650,Auto,Vehicle Repair,No
LP002629,Female,No,0,Graduate,No,970182.12,0.0,23500000.0,360.0,1.0,Rural,Y,65,Employed,19,124980.78,337539.03,716,Personal,Medical Expenses,No
LP002630,Male,No,0,Graduate,No,1001554.73,0.0,25000000.0,360.0,1.0,Urban,N,39,Employed,12,140932.52,165209.16,710,Auto,Vehicle Repair,Yes
LP002631,Male,No,0,Graduate,No,744159.13,0.0,22000000.0,480.0,0.0,Semiurban,N,30,Employed,11,101573.78,87156.02,527,Personal,Debt Consolidation,No
LP002632,Male,Yes,2,Graduate,No,663229.82,540205.33,32500000.0,360.0,1.0,Rural,Y,52,Employed,23,82816.12,350579.93,711,Personal,Wedding,No
LP002633,Male,Yes,3+,Graduate,No,1959202.58,0.0,43500000.0,360.0,1.0,Urban,Y,34,Employed,4,113516.87,190045.36,728,Personal,Debt Consolidation,Yes
LP002634,Male,Yes,2,Graduate,No,1602639.88,479973.01,53000000.0,360.0,1.0,Semiurban,Y,50,Employed,17,212597.05,134915.94,688,Auto,Vehicle Repair,No
LP002635,Male,No,3+,Not Graduate,No,1491633.0,691884.88,50500000.0,360.0,1.0,Semiurban,Y,41,Employed,21,318428.93,140351.33,825,Home,Home Purchase,Yes
LP002636,Male,Yes,0,Not Graduate,No,1492528.78,0.0,39000000.0,180.0,1.0,Semiurban,Y,39,Employed,9,99587.89,302616.9,678,Auto,Vehicle Repair,Yes
LP002638,Male,Yes,2,Graduate,Yes,2084266.91,450160.48,34000000.0,360.0,1.0,Rural,Y,42,Self-Employed,16,367149.71,620863.06,684,Auto,Vehicle Purchase,No
LP002639,Female,No,0,Graduate,No,1140398.05,0.0,29000000.0,,1.0,Urban,Y,54,Employed,30,143184.81,35055.74,760,Personal,Medical Expenses,No
LP002640,Male,Yes,1,Not Graduate,No,1379747.1,1879856.82,46500000.0,360.0,,Rural,N,21,Employed,1,214094.68,104821.53,605,Auto,Vehicle Repair,No
LP002641,Male,Yes,0,Graduate,No,1542749.78,786532.78,46500000.0,360.0,1.0,Urban,Y,25,Employed,2,109478.87,303928.35,648,Personal,Wedding,No
LP002642,Male,No,1,Not Graduate,No,1235961.87,0.0,35500000.0,240.0,,Urban,Y,61,Employed,24,170726.53,405280.17,471,Home,Home Renovation,No
LP002644,Male,No,1,Not Graduate,No,873202.5,416442.73,29500000.0,360.0,1.0,Semiurban,Y,43,Employed,1,88645.96,598099.61,709,Personal,Wedding,No
LP002645,Female,No,0,Graduate,No,2420286.94,0.0,41000000.0,360.0,1.0,Rural,Y,36,Employed,3,95051.04,148469.24,746,Auto,Vehicle Repair,Yes
LP002646,Female,No,0,Graduate,No,977680.55,0.0,39000000.0,360.0,1.0,Semiurban,Y,58,Employed,15,120504.08,93986.56,806,Auto,Vehicle Purchase,No
LP002647,Male,Yes,3+,Graduate,No,2035052.41,0.0,49500000.0,360.0,1.0,Semiurban,N,52,Employed,1,128747.87,65103.31,652,Auto,Vehicle Purchase,No
LP002649,Female,Yes,0,Graduate,No,1242604.77,0.0,36000000.0,360.0,1.0,Semiurban,Y,58,Employed,21,224295.5,35300.64,664,Personal,Debt Consolidation,No
LP002650,Male,Yes,1,Graduate,No,1539532.34,492534.13,42000000.0,360.0,1.0,Rural,N,38,Employed,14,174620.49,362075.16,747,Personal,Debt Consolidation,No
LP002651,Male,No,0,Graduate,No,633850.08,649534.71,,360.0,1.0,Urban,Y,26,Employed,0,115443.57,189973.96,673,Personal,Travel,Yes
LP002652,Male,Yes,0,Not Graduate,No,769818.17,688274.89,37000000.0,360.0,1.0,Rural,Y,33,Employed,8,237924.17,165464.43,728,Personal,Debt Consolidation,Yes
LP002653,Female,No,0,Graduate,No,1556837.42,0.0,37500000.0,360.0,1.0,Semiurban,Y,63,Employed,13,134180.31,320814.14,718,Personal,Travel,No
LP002654,Male,Yes,0,Not Graduate,No,2675172.99,0.0,36000000.0,360.0,0.0,Urban,N,41,Employed,17,57244.18,170876.27,553,Personal,Medical Expenses,No
LP002655,Female,Yes,0,Not Graduate,No,1410955.32,0.0,42000000.0,360.0,,Rural,Y,53,Employed,34,54826.72,41333.63,529,Business,Business Expansion,No
LP002656,Male,No,0,Not Graduate,No,1230822.01,428024.19,32500000.0,360.0,1.0,Rural,N,58,Employed,3,158234.68,92865.34,604,Auto,Vehicle Purchase,No
LP002657,Male,Yes,2,Not Graduate,No,645441.61,521934.0,20000000.0,300.0,,Urban,Y,61,Employed,2,196886.78,191319.4,623,Personal,Travel,Yes
LP002658,Male,Yes,1,Graduate,No,773605.96,474702.31,28000000.0,360.0,,Urban,Y,54,Employed,33,106179.02,802591.13,567,Home,Home Renovation,No
LP002660,Male,No,0,Graduate,No,,620644.81,42500000.0,360.0,1.0,Rural,Y,60,Employed,25,183934.44,284423.46,709,Business,Working Capital,Yes
LP002661,Male,Yes,1,Not Graduate,No,2158687.52,0.0,46500000.0,180.0,1.0,Urban,Y,31,Employed,1,138622.0,377899.32,700,Personal,Wedding,No
LP002662,Male,Yes,0,Not Graduate,,618209.08,602943.83,32500000.0,360.0,1.0,Rural,Y,35,Employed,2,238110.96,346466.5,715,Personal,Wedding,No
LP002663,Male,No,0,Not Graduate,No,905031.38,,20500000.0,180.0,1.0,Urban,Y,21,Employed,0,120660.96,529834.23,735,Auto,Vehicle Purchase,No
LP002664,Female,Yes,1,Graduate,No,1538331.24,991630.64,48000000.0,180.0,1.0,Semiurban,Y,58,Employed,8,230142.64,207318.88,649,Education,Study Abroad,No
LP002665,Male,Yes,0,Graduate,No,1179279.14,556933.36,40000000.0,360.0,1.0,Semiurban,Y,27,Employed,7,207104.56,301444.55,797,Business,Business Expansion,No
LP002666,Male,Yes,2,Graduate,No,1469456.45,0.0,42000000.0,360.0,0.0,Semiurban,N,58,Employed,4,137553.36,379263.5,567,Home,Home Improvement,No
LP002667,Male,Yes,0,Graduate,No,957513.64,686976.51,36000000.0,360.0,1.0,Rural,Y,65,Employed,15,297833.14,182816.17,675,Personal,Debt Consolidation,No
LP002668,Male,Yes,3+,Graduate,No,1406979.64,0.0,13500000.0,180.0,1.0,Rural,Y,54,Employed,28,315049.32,398897.21,760,Auto,Vehicle Purchase,Yes
LP002669,Male,No,0,Graduate,No,,0.0,43500000.0,360.0,0.0,Rural,Y,27,Employed,4,175648.89,404280.16,587,Personal,Wedding,No
LP002671,Male,Yes,1,Not Graduate,No,881241.08,497160.68,37500000.0,180.0,0.0,Rural,N,50,Employed,24,218704.72,375006.22,544,Personal,Debt Consolidation,No
LP002672,Male,No,0,Not Graduate,Yes,1861655.95,0.0,42500000.0,360.0,1.0,Semiurban,Y,65,Self-Employed,33,183315.02,114426.51,669,Personal,Debt Consolidation,No
LP002673,Female,No,0,Not Graduate,No,672667.44,0.0,16500000.0,360.0,1.0,Semiurban,Y,65,Employed,23,196498.23,54022.37,735,Auto,Vehicle Purchase,No
LP002674,Female,Yes,0,Not Graduate,Yes,2406232.84,0.0,46500000.0,360.0,1.0,Rural,Y,52,Self-Employed,8,157006.97,68024.28,653,Personal,Debt Consolidation,No
LP002675,Male,Yes,0,Not Graduate,,602222.5,566173.02,33000000.0,360.0,1.0,Rural,Y,27,Employed,7,242735.58,246264.75,710,Business,Equipment Purchase,No
LP002676,Male,Yes,0,Not Graduate,No,847925.92,616343.69,36000000.0,360.0,1.0,Rural,Y,63,Employed,2,154287.91,347501.0,643,Home,Home Purchase,Yes
LP002677,Male,Yes,0,Graduate,No,1539589.37,0.0,38500000.0,360.0,1.0,Urban,Y,24,Employed,2,94935.19,208548.02,557,Personal,Wedding,No
LP002678,Male,Yes,0,Graduate,No,706308.02,503585.5,31500000.0,360.0,1.0,Semiurban,Y,31,Employed,10,254793.72,159923.5,640,Personal,Medical Expenses,No
LP002679,Female,No,0,Graduate,No,1408566.56,0.0,38000000.0,360.0,0.0,Semiurban,N,55,Employed,15,180216.0,167743.46,537,Personal,Travel,No
LP002680,Female,No,1,Graduate,,1270689.47,0.0,30500000.0,360.0,1.0,Semiurban,Y,28,Employed,4,129587.96,492824.56,626,Home,Home Renovation,Yes
LP002681,Male,Yes,0,Graduate,Yes,1170244.13,0.0,8500000.0,120.0,1.0,Semiurban,Y,52,Self-Employed,15,202765.6,183870.59,694,Home,Home Improvement,No
LP002683,Male,Yes,1,Not Graduate,No,1105220.88,572564.3,39000000.0,180.0,1.0,Urban,Y,52,Employed,32,174900.97,96764.75,726,Personal,Wedding,No
LP002685,Male,Yes,1,Not Graduate,No,770770.99,,42500000.0,360.0,1.0,Urban,Y,25,Employed,6,222340.56,61483.34,735,Personal,Medical Expenses,No
LP002686,Female,Yes,0,Not Graduate,No,1437694.66,0.0,41000000.0,360.0,,Rural,Y,58,Employed,28,172243.99,64782.59,532,Business,Working Capital,No
LP002687,Male,Yes,1,Not Graduate,No,648712.74,791857.16,44500000.0,360.0,1.0,Rural,Y,45,Employed,24,180544.08,350833.44,753,Home,Home Purchase,No
LP002688,Male,No,0,Graduate,No,1203831.03,0.0,27500000.0,360.0,1.0,Urban,N,43,Employed,13,245611.62,129598.05,600,Auto,Vehicle Repair,Yes
LP002691,Male,Yes,2,Graduate,No,1277755.1,0.0,32000000.0,360.0,1.0,Semiurban,Y,46,Employed,6,162419.15,242955.67,760,Home,Home Renovation,Yes
LP002693,Female,No,0,Graduate,No,1032987.72,956064.28,45500000.0,360.0,,Rural,Y,43,Employed,16,155238.3,187595.78,570,Auto,Vehicle Purchase,No
LP002694,Male,Yes,2,Graduate,Yes,2085625.68,438740.06,37000000.0,360.0,1.0,Rural,Y,42,Self-Employed,17,237649.03,50014.17,688,Personal,Travel,No
LP002695,Male,No,0,Graduate,No,1292312.45,0.0,25500000.0,360.0,1.0,Semiurban,Y,53,Employed,4,123232.43,319848.7,654,Home,Home Improvement,No
LP002696,Male,Yes,0,Graduate,No,921856.7,654167.96,40000000.0,360.0,1.0,Semiurban,Y,27,Employed,7,209243.24,268269.7,687,Auto,Vehicle Repair,Yes
LP002697,Male,No,0,Graduate,No,1342442.86,0.0,39500000.0,360.0,1.0,Rural,Y,36,Employed,9,309193.71,60122.3,765,Home,Home Improvement,Yes
LP002698,Male,Yes,0,Not Graduate,No,612562.61,996341.06,32000000.0,360.0,0.0,Urban,N,50,Employed,28,218797.7,306529.44,545,Business,Equipment Purchase,Yes
LP002699,Male,No,3+,Not Graduate,No,1573528.55,671842.1,48500000.0,360.0,1.0,Semiurban,Y,29,Employed,3,118905.83,70986.43,850,Personal,Travel,Yes
LP002700,Male,Yes,0,Graduate,No,1304574.97,819015.89,44000000.0,360.0,1.0,Semiurban,Y,48,Employed,2,368010.18,627071.04,745,Personal,Debt Consolidation,No
LP002701,Male,Yes,0,Graduate,No,1153318.16,655717.98,39500000.0,360.0,1.0,Rural,Y,40,Employed,2,138626.99,305381.2,626,Personal,Travel,No
LP002702,Male,No,0,Graduate,,1670256.56,0.0,42000000.0,360.0,1.0,Semiurban,Y,53,Employed,14,496404.33,78945.34,670,Business,Working Capital,No
LP002703,Male,Yes,1,Not Graduate,No,762994.1,,43500000.0,360.0,1.0,Urban,Y,31,Employed,10,214813.39,148517.92,625,Education,Study Abroad,No
LP002704,Male,Yes,0,,No,1058687.03,724166.68,36000000.0,360.0,0.0,Urban,N,63,Employed,23,375239.29,222566.31,529,Home,Home Improvement,No
LP002706,Male,Yes,2,Graduate,No,1124924.79,166834.08,43500000.0,360.0,,Semiurban,Y,35,Employed,7,287116.4,367611.79,483,Home,Home Purchase,No
LP002707,Male,Yes,2,Graduate,No,1054617.41,451479.0,38500000.0,360.0,1.0,Urban,Y,35,Employed,12,45912.17,750540.78,640,Personal,Wedding,Yes
LP002708,Male,Yes,2,Not Graduate,No,1385235.88,465003.0,40500000.0,360.0,1.0,Rural,N,53,Employed,16,216235.52,520876.73,849,Home,Home Improvement,No
LP002709,Female,No,1,Graduate,,1264935.65,0.0,31000000.0,360.0,1.0,Semiurban,Y,32,Employed,14,87183.81,179088.63,735,Home,Home Improvement,Yes
LP002710,Male,Yes,1,Graduate,No,930928.62,,39500000.0,480.0,1.0,Semiurban,Y,24,Employed,5,184800.1,377663.83,683,Auto,Vehicle Repair,Yes
LP002711,Male,Yes,0,Graduate,No,727565.3,1087486.34,42500000.0,360.0,1.0,Semiurban,Y,34,Employed,7,170861.12,118215.91,773,Personal,Medical Expenses,Yes
LP002712,Male,Yes,1,Graduate,No,630461.54,783083.84,36500000.0,360.0,1.0,Rural,Y,26,Employed,6,255218.7,53658.69,829,Auto,Vehicle Purchase,Yes
LP002713,Male,Yes,0,Graduate,No,990483.23,713782.96,41500000.0,360.0,1.0,Semiurban,Y,23,Employed,1,220157.34,335393.33,709,Education,Study Abroad,No
LP002715,Male,No,0,Graduate,No,1201586.54,0.0,26000000.0,300.0,1.0,Semiurban,Y,49,Employed,24,183137.26,53455.79,740,Education,Study Abroad,No
LP002717,Male,Yes,0,Not Graduate,No,784355.38,522249.37,33000000.0,360.0,1.0,Urban,Y,57,Employed,18,234550.89,334246.72,656,Home,Home Renovation,No
LP002718,Male,Yes,0,Graduate,No,926936.18,722750.88,40500000.0,360.0,1.0,Semiurban,Y,62,Employed,11,97102.43,305392.78,755,Personal,Medical Expenses,No
LP002719,Female,Yes,0,Graduate,No,787515.8,179086.54,43500000.0,360.0,1.0,Semiurban,Y,22,Employed,0,88469.35,249422.87,646,Home,Home Renovation,No
LP002721,Male,Yes,3+,Graduate,Yes,1864142.0,476057.72,32500000.0,360.0,1.0,Rural,Y,21,Self-Employed,0,403404.25,562397.67,654,Personal,Travel,Yes
LP002722,Male,Yes,0,Graduate,No,819884.84,1051913.28,41000000.0,360.0,1.0,Rural,Y,28,Employed,10,225879.38,234132.5,716,Auto,Vehicle Purchase,No
LP002724,Male,Yes,2,Not Graduate,No,906162.01,0.0,15500000.0,180.0,0.0,Urban,N,27,Employed,1,194038.83,357049.1,659,Personal,Debt Consolidation,Yes
LP002725,Male,Yes,1,Graduate,No,1284864.35,0.0,22500000.0,360.0,1.0,Urban,N,37,Employed,8,139069.98,70437.25,664,Personal,Wedding,No
LP002726,Male,Yes,1,Graduate,No,1267767.27,0.0,17000000.0,240.0,1.0,Urban,Y,36,Employed,16,286087.29,462907.14,720,Personal,Medical Expenses,No
LP002727,Male,No,0,Graduate,No,2039279.72,0.0,44000000.0,360.0,1.0,Urban,Y,52,Employed,0,127074.44,473440.56,692,Personal,Wedding,No
LP002728,Male,Yes,2,Graduate,No,1048346.92,476128.18,37000000.0,360.0,1.0,Urban,Y,39,Employed,17,118253.08,135781.0,685,Auto,Vehicle Repair,No
LP002729,Male,No,0,Graduate,No,1739453.43,0.0,41000000.0,,0.0,Rural,N,57,Employed,30,123689.55,258595.07,674,Personal,Travel,No
LP002730,Male,Yes,0,Graduate,No,1007184.42,1018336.44,43000000.0,360.0,1.0,Semiurban,Y,53,Employed,0,160095.07,336902.12,717,Education,Study Abroad,Yes
LP002731,Male,Yes,1,Graduate,No,1506079.63,508772.33,44000000.0,360.0,1.0,Rural,N,45,Employed,3,74780.25,61979.84,658,Personal,Travel,No
LP002733,Male,No,0,Graduate,No,591956.2,11234784.5,28500000.0,360.0,1.0,Urban,N,23,Employed,2,228341.88,363027.79,769,Home,Home Renovation,Yes
LP002734,Male,Yes,1,Not Graduate,No,889470.89,850032.86,28500000.0,360.0,1.0,Semiurban,Y,64,Employed,24,89927.15,358915.22,753,Auto,Vehicle Purchase,No
LP002735,Female,No,0,Graduate,No,732611.22,3054690.6,45000000.0,360.0,0.0,Semiurban,Y,57,Employed,5,241986.18,76207.68,466,Home,Home Improvement,Yes
LP002736,Male,Yes,0,Graduate,No,,0.0,41500000.0,360.0,1.0,Rural,Y,56,Employed,10,116960.37,1218270.21,680,Personal,Travel,No
LP002737,Female,Yes,0,Graduate,No,1482816.06,0.0,39000000.0,360.0,1.0,Rural,N,61,Employed,4,267368.09,137000.48,749,Personal,Travel,No
LP002740,Male,Yes,2,Not Graduate,No,1126001.75,899438.6,47000000.0,360.0,1.0,Urban,Y,48,Employed,2,139078.71,81356.79,635,Home,Home Improvement,No
LP002742,Male,Yes,1,Graduate,No,851915.02,688862.02,34000000.0,360.0,1.0,Semiurban,Y,61,Employed,29,327124.36,249450.15,721,Personal,Medical Expenses,Yes
LP002744,Male,No,0,Graduate,,1010999.06,702399.44,41000000.0,360.0,1.0,Rural,Y,22,Employed,4,154948.04,153066.83,706,Auto,Vehicle Purchase,No
LP002745,Male,No,0,Graduate,No,1299250.59,0.0,25500000.0,360.0,1.0,Semiurban,Y,39,Employed,17,240127.35,129246.28,668,Auto,Vehicle Purchase,No
LP002746,Male,Yes,1,Graduate,Yes,340851.22,1011576.12,37500000.0,360.0,1.0,Urban,N,31,Self-Employed,1,107112.43,375974.28,710,Education,Study Abroad,No
LP002747,Male,Yes,0,Graduate,No,1026874.92,773240.27,47000000.0,360.0,1.0,Rural,Y,23,Employed,1,301356.41,368050.56,702,Personal,Debt Consolidation,Yes
LP002748,Male,Yes,3+,Graduate,Yes,1963825.76,494010.33,35000000.0,360.0,1.0,Rural,Y,29,Self-Employed,9,108386.98,455565.01,832,Auto,Vehicle Purchase,No
LP002749,Male,Yes,3+,Graduate,No,2998625.19,1698237.26,45000000.0,360.0,1.0,Rural,Y,62,Employed,14,139267.42,45919.73,714,Personal,Travel,No
LP002750,Male,No,0,Graduate,No,1320236.12,,46500000.0,360.0,1.0,Rural,Y,23,Employed,2,100636.14,87061.8,797,Personal,Debt Consolidation,No
LP002751,Male,Yes,2,Not Graduate,No,1269592.39,,37500000.0,360.0,1.0,Semiurban,Y,59,Employed,4,199961.44,95905.76,748,Home,Home Improvement,Yes
LP002752,Male,No,0,Graduate,No,1745304.55,0.0,41000000.0,,0.0,Rural,N,24,Employed,2,101018.46,401280.43,543,Home,Home Improvement,No
LP002754,,Yes,2,Graduate,No,964934.9,631813.6,45000000.0,360.0,0.0,Semiurban,N,28,Employed,6,166255.51,130253.88,605,Education,Tuition Fees,No
LP002756,Male,Yes,1,Graduate,Yes,330014.58,974966.36,37000000.0,360.0,1.0,Urban,N,24,Self-Employed,0,61456.26,242254.23,632,Personal,Medical Expenses,Yes
LP002758,Male,Yes,3+,Graduate,No,936726.06,702214.92,29500000.0,360.0,1.0,Rural,Y,52,Employed,4,149957.32,255249.7,750,Personal,Wedding,No
LP002759,Male,Yes,3+,,No,1176457.59,0.0,27500000.0,180.0,1.0,Rural,N,55,Employed,19,333057.03,92832.91,712,Auto,Vehicle Purchase,No
LP002760,Male,Yes,2,Not Graduate,No,772609.53,,41500000.0,360.0,0.0,Rural,N,26,Employed,1,107873.59,217769.59,519,Education,Tuition Fees,No
LP002761,Male,Yes,1,Graduate,Yes,1098658.5,399557.02,44500000.0,360.0,1.0,Rural,Y,57,Self-Employed,29,93011.35,227767.37,588,Auto,Vehicle Repair,No
LP002762,Male,Yes,3+,Graduate,No,,0.0,34500000.0,360.0,1.0,Semiurban,Y,64,Employed,9,142064.17,248508.09,769,Personal,Medical Expenses,No
LP002763,Male,Yes,1,Graduate,Yes,338751.0,1046468.12,36000000.0,360.0,1.0,Urban,N,56,Self-Employed,31,44488.49,129124.6,776,Home,Home Purchase,Yes
LP002764,Male,Yes,2,Graduate,No,909815.61,391166.16,30000000.0,360.0,1.0,Semiurban,Y,64,Employed,33,208430.96,168694.3,701,Education,Study Abroad,Yes
LP002765,Male,No,0,Not Graduate,No,910536.94,930596.48,32500000.0,360.0,,Semiurban,Y,61,Employed,34,67044.8,70935.77,578,Home,Home Improvement,No
LP002766,Male,Yes,1,Graduate,Yes,1143266.58,389908.04,43500000.0,360.0,1.0,Rural,Y,49,Self-Employed,27,279410.47,85615.72,603,Personal,Medical Expenses,No
LP002767,Male,Yes,1,Graduate,No,508903.18,521162.34,10000000.0,360.0,1.0,Urban,Y,34,Employed,14,134610.46,183632.19,754,Home,Home Purchase,Yes
LP002768,Male,Yes,0,Graduate,No,886705.7081341118,108710.61610346154,22685912.10460838,329.1454963801085,1.0,Urban,Y,48,Employed,2,143188.95010078885,217825.73205415125,655,Auto,Tuition Fees,No
LP002769,Female,Yes,0,Not Graduate,No,1314554.4027089688,586407.3898409947,23729986.38307319,382.5644085867931,1.0,Urban,Y,51,Employed,15,206750.83502225773,241630.55276730208,774,Auto,Home Improvement,No
LP002770,Male,No,1,Graduate,No,1588491.0454388575,1616374.0591182017,38630800.00787345,388.7032283300675,1.0,Rural,N,35,Employed,19,108012.29271126317,163619.5193580294,709,Personal,Home Purchase,No
LP002771,Male,No,0,Graduate,No,833442.4551314558,0.0,31236848.191016227,356.4289334048064,1.0,Semiurban,Y,26,Employed,0,181774.0243791082,513720.8061315469,717,Business,Medical Expenses,No
LP002772,Male,No,0,Graduate,No,1590271.2899032573,0.0,34183307.993818596,445.99420008762354,1.0,Rural,Y,57,Employed,17,85931.58182630871,104614.2032811185,609,Home,Travel,No
LP002773,Male,No,2,Not Graduate,No,1225778.6143637842,0.0,51277649.416970395,,,Semiurban,N,49,Employed,19,1500.26,308484.41997216636,838,Personal,Vehicle Repair,Yes
LP002774,Male,No,0,Not Graduate,No,1722322.3502411263,919814.0677526859,28157406.44770925,377.5499586528529,1.0,Rural,Y,39,Employed,9,221395.3213541003,215647.8550222006,725,Auto,Wedding,No
LP002775,Female,No,2,Graduate,No,1098882.2799615131,516320.1142950829,35749475.66695707,361.217663476217,0.0,Rural,Y,21,Employed,11,385211.18508830783,437337.6870687271,627,Personal,Home Improvement,Yes
LP002776,Male,Yes,0,Graduate,No,1390214.5575810494,0.0,49348291.96373054,324.5277637864294,1.0,Semiurban,Y,36,Employed,0,216811.2622340442,292503.9146794664,767,Auto,Medical Expenses,Yes
LP002777,Male,Yes,0,Graduate,No,1179289.114160735,498310.6083199767,37854981.84466401,301.0802366955064,1.0,Urban,Y,51,Employed,11,161598.22374357312,339275.97679658455,716,Personal,Home Improvement,Yes
LP002778,Male,Yes,0,Graduate,No,1151486.0989797106,1514626.7261225022,19083819.736419946,387.75914617461837,1.0,Semiurban,N,48,Employed,0,130171.73727445598,288491.68100870866,551,Education,Wedding,Yes
LP002779,Female,No,0,Graduate,No,1329057.444112845,613756.570751195,40203737.207321376,327.9608103390362,1.0,Urban,N,28,Employed,7,132992.65454229282,48542.211714146455,683,Home,Vehicle Repair,Yes
LP002780,Female,No,1,Graduate,No,1467995.9646124518,543810.8134400528,23519818.51216556,279.06454370933784,,Urban,N,50,Employed,9,130164.49901443507,357048.4178463808,578,Auto,Vehicle Purchase,Yes
LP002781,Male,Yes,0,Graduate,No,574809.7740379975,585939.7737075221,49217922.377329655,291.78046541712706,1.0,Urban,Y,42,Employed,3,183775.40209369204,227136.75856688299,481,Personal,Vehicle Purchase,No
LP002782,Male,No,0,Graduate,No,1916409.0344089388,718772.1943940064,26921171.040020227,299.6986053648397,0.0,Semiurban,Y,57,Employed,2,1500.26,94697.38866885166,626,Auto,Wedding,No
LP002783,Male,No,0,Graduate,No,269760.7097251008,0.0,53000000.0,445.12313963356604,,Semiurban,N,36,Employed,2,1500.26,5883.43,767,Auto,Vehicle Purchase,No
LP002784,Male,Yes,0,Not Graduate,Yes,857186.175130552,266273.48852046404,49823606.97327679,390.7796712440643,1.0,Semiurban,Y,37,Employed,22,206473.77767492214,83521.28727790958,797,Home,Vehicle Purchase,No
LP002785,Male,Yes,1,Graduate,Yes,1152457.6946175497,302790.99684651475,27183721.393720217,341.96654995944954,,Semiurban,Y,45,Employed,12,147944.2325650324,399793.74131013337,619,Auto,Study Abroad,No
LP002786,Male,No,0,Graduate,No,1405770.214542974,90191.97601574991,35349985.14001611,364.74701096843444,1.0,Urban,Y,39,Employed,22,77147.86362057336,599350.6974149931,639,Home,Vehicle Purchase,No
LP002787,Male,Yes,2,Not Graduate,No,,908905.4161417092,42686289.90633464,371.7117955518044,,Rural,Y,34,Employed,9,74674.27894028602,270655.2623743058,790,Education,Travel,No
LP002788,Male,No,3+,Graduate,No,270446.4858874463,0.0,42986451.83226708,287.79451573888474,1.0,Urban,Y,64,Employed,9,115672.3817378032,47630.06782951043,725,Home,Wedding,No
LP002789,Male,Yes,0,Graduate,No,945745.1658051447,176642.39500311282,39573209.689761974,269.85597297134154,1.0,Urban,N,59,Employed,9,128215.02255860664,330251.8238999874,709,Education,Working Capital,No
LP002790,Male,No,3+,Graduate,No,136175.48610036727,0.0,47671437.459661104,403.0025506711765,0.0,Rural,N,33,Self-Employed,0,293967.2766224622,462452.6133566571,677,Education,Medical Expenses,Yes
LP002791,Male,No,0,Graduate,No,1215403.216955124,693437.6817486011,33920157.62365631,258.92662539739365,1.0,Rural,Y,46,Employed,16,69561.33098351922,631222.549318206,730,Home,Wedding,No
LP002792,Male,No,0,Graduate,No,1335434.0222500153,1087952.3632327146,31482670.404239673,338.86405034901605,1.0,Rural,Y,26,Employed,11,234621.71165764317,499798.9551131481,662,Personal,Home Improvement,Yes
LP002793,Female,Yes,0,Graduate,No,1994990.1010856263,175905.92767839952,31681207.2107539,296.6062906678951,1.0,Urban,Y,62,Employed,12,218990.0929322459,291829.8783160317,802,Home,Vehicle Repair,No
LP002794,Male,No,2,Not Graduate,No,1259909.6104467271,993793.5774577325,43733579.40972128,353.16941486494306,1.0,Semiurban,N,52,Employed,0,147017.42714466088,361991.4745891491,654,Education,Home Improvement,Yes
LP002795,Male,No,3+,Graduate,No,1721604.79472119,325750.54719396296,38801657.493026465,324.7268751200885,1.0,Semiurban,Y,54,Self-Employed,12,234714.8737587575,102453.72513689773,653,Personal,Debt Consolidation,Yes
LP002796,Male,Yes,0,Graduate,No,1491510.7707695295,0.0,38062683.74690257,371.94894436192936,0.0,Rural,N,41,Employed,9,205616.63916864456,406365.9277680509,480,Home,Equipment Purchase,Yes
LP002797,Male,No,2,Graduate,No,,392559.55570686876,43102189.58257182,201.24016931948623,1.0,Semiurban,Y,56,Employed,13,52810.32259000065,433770.6717324725,760,Education,Medical Expenses,Yes
LP002798,Male,Yes,0,Graduate,No,495111.8566039803,305720.44357116974,14639323.011461452,407.1502134154194,1.0,Semiurban,Y,56,Employed,11,112466.34860003385,5883.43,578,Personal,Vehicle Repair,No
LP002799,Male,Yes,0,Graduate,No,1337093.3791459054,500717.2098331764,38250535.328751504,384.03302779410063,1.0,Urban,Y,42,Employed,8,200765.76679958572,275511.7018854145,451,Auto,Home Purchase,Yes
LP002800,Male,Yes,0,Not Graduate,No,453541.22142731806,605850.0945984141,37335535.97873716,400.6027216512746,1.0,Urban,N,31,Employed,17,112046.80893257701,544993.4809695957,649,Personal,Vehicle Repair,Yes
LP002801,Female,Yes,3+,Graduate,nan,1847195.766334822,0.0,51837927.90300705,393.69324448926,1.0,Urban,Y,48,Employed,20,220833.43846598122,112729.20203588656,634,Personal,Study Abroad,Yes
LP002802,Female,Yes,0,Graduate,No,1118561.178981588,1458540.7744319616,19863967.267363332,358.73788580421154,0.0,Semiurban,Y,42,Employed,9,270493.5276814497,5883.43,705,Auto,Medical Expenses,Yes
LP002803,Female,No,0,Graduate,nan,1797180.9357557083,382307.2023360921,50721713.41376758,301.4290491761375,,Semiurban,Y,64,Employed,0,163423.51227089082,241441.95700811656,723,Personal,Home Purchase,No
LP002804,Male,Yes,0,Graduate,nan,959485.0129338002,288855.71806950896,35903938.37924666,366.215891558042,1.0,Urban,N,44,Employed,1,111337.70375247925,462184.14275290654,590,Personal,Debt Consolidation,Yes
LP002805,Male,No,0,Not Graduate,No,1334017.623200496,949791.0158109821,40039742.396600455,357.28221019863093,1.0,Rural,N,44,Employed,15,101100.19039326289,327098.198007418,850,Education,Study Abroad,No
LP002806,Male,Yes,0,Graduate,No,1304266.6586673444,441598.25170232385,51909034.96609377,392.5037268879066,,Rural,Y,52,Employed,22,133077.02570814564,252363.48752646393,647,Personal,Home Renovation,No
LP002807,Male,Yes,0,Graduate,No,1177070.170994538,2224709.4514710787,40757459.77005573,377.20899171208424,1.0,Rural,N,43,Employed,0,126785.94904929848,61847.41294957514,513,Business,Wedding,No
LP002808,Male,Yes,1,Graduate,Yes,983262.4733017039,281684.83622442704,39153529.984625615,345.56383883825106,1.0,Rural,Y,51,Employed,4,243628.68671816046,27327.123187635734,807,Business,Debt Consolidation,Yes
LP002809,Male,No,0,Not Graduate,No,1395820.23923526,674891.1056397274,37572758.948023185,365.8976936453403,1.0,Urban,Y,37,Employed,9,113083.7991406826,283530.2302587383,730,Personal,Vehicle Repair,No
LP002810,Male,Yes,0,Graduate,No,736510.5982583958,0.0,30315065.740056235,371.2138130317962,,Semiurban,Y,31,Employed,0,150048.00271020588,235270.01552469356,702,Personal,Equipment Purchase,No
LP002811,Female,No,0,Graduate,No,594874.5655204706,1037995.1701267764,34864955.84489608,405.20980496313433,1.0,Urban,Y,33,Employed,11,236039.9918390388,417477.3882336068,626,Auto,Wedding,No
LP002812,Male,No,1,Not Graduate,No,1821005.6766634136,644723.1659356883,27994719.428772517,444.06285396941075,1.0,Urban,Y,40,Self-Employed,15,136167.38812659474,335096.17351655825,669,Home,Medical Expenses,Yes
LP002813,Male,No,2,Graduate,No,1563176.2244460504,191342.65442366464,34704178.09574518,375.73492695609696,1.0,Urban,N,45,Employed,16,125887.37633316836,98363.15140763472,470,Personal,Vehicle Purchase,Yes
LP002814,Male,Yes,0,Graduate,No,1232538.0343011199,0.0,11790540.119449038,371.49238810719226,1.0,Urban,Y,49,Employed,9,244286.38658238464,298202.50013458566,640,Auto,Vehicle Repair,No
LP002815,Male,Yes,2,Graduate,No,2032163.4212718909,0.0,39440242.76567549,326.53021770979353,1.0,Urban,Y,48,Employed,9,270266.71511996,265060.3257692057,850,Personal,Home Improvement,No
LP002816,Male,No,0,Graduate,No,1065709.4706375776,721720.4812130559,33932474.55216375,319.31091012271486,1.0,Semiurban,N,43,Employed,4,169319.4567360764,5883.43,579,Education,Business Expansion,Yes
LP002817,Male,Yes,0,Graduate,No,1860943.8399944897,0.0,31787809.72333236,296.36065422392164,1.0,Urban,N,32,Employed,0,315329.299121096,163149.88801188878,681,Personal,Home Improvement,Yes
LP002818,Female,No,0,Graduate,Yes,1287379.272462911,1344552.2084401143,37347427.929401435,147.9243662581877,1.0,Semiurban,Y,51,Employed,11,180783.95506671313,258988.80404206718,513,Personal,Study Abroad,Yes
LP002819,Female,Yes,0,Graduate,No,687216.8549618049,0.0,20814207.860345595,289.55724930853665,1.0,Rural,N,27,Employed,15,244736.24060595437,224302.19114937424,618,Personal,Home Improvement,No
LP002820,Female,No,0,Graduate,No,2123612.325885425,303757.846274209,53000000.0,329.54623417133183,1.0,Semiurban,Y,30,Self-Employed,12,341816.9153307454,310124.02021876856,551,Business,Vehicle Purchase,Yes
LP002821,Female,No,3+,Graduate,No,1694947.6533120426,0.0,34122172.47512401,321.53436655683953,0.0,Semiurban,Y,44,Employed,21,109286.07842999743,262646.0364666165,703,Auto,Vehicle Repair,No
LP002822,Male,No,1,Graduate,No,1139081.714495218,451500.65410700365,33691402.760278106,367.30625071317,,Urban,N,52,Employed,15,118946.90892762966,315113.2349617367,684,Education,Home Improvement,No
LP002823,Female,Yes,2,Not Graduate,No,1563177.8597669746,447175.3155627131,25495884.98867078,291.66870729633274,1.0,Urban,Y,50,Employed,17,237813.74102137354,280349.9731700963,547,Home,Business Expansion,No
LP002824,Male,No,0,Graduate,No,997740.5130010466,739982.3886137025,35389310.914492615,294.3097733671208,1.0,Urban,Y,42,Employed,13,151413.54489370843,242330.34679400866,673,Personal,Study Abroad,No
LP002825,Male,Yes,0,Graduate,No,1614166.747529771,0.0,49019445.99273281,213.08773660356104,,Semiurban,Y,48,Employed,27,81182.36248711005,278884.6446072893,676,Personal,Wedding,Yes
LP002826,Male,Yes,2,Graduate,Yes,50325.0,0.0,45509009.184320346,368.19576973341054,1.0,Urban,N,32,Employed,8,134440.44282994914,174668.73902161373,680,Home,Wedding,No
LP002827,Male,No,0,Not Graduate,nan,689691.5631527031,1108003.5058065387,43694224.60140556,286.63987307028884,1.0,Semiurban,N,37,Self-Employed,18,38537.45864444408,163838.49832436722,742,Home,Debt Consolidation,No
LP002828,Male,No,0,Graduate,No,1689222.1021434814,889606.4114028076,40613836.60667272,296.9496034391882,1.0,Rural,Y,37,Self-Employed,14,168081.85746678754,266655.8759544139,806,Auto,Tuition Fees,No
LP002829,Male,No,0,Graduate,No,1074764.4608905404,0.0,31564421.814373907,373.7948413094135,1.0,Rural,Y,33,Employed,18,180544.49842219191,5883.43,610,Personal,Study Abroad,No
LP002830,Female,No,1,Graduate,No,1303363.3774443709,692681.0006163921,20648215.419632986,286.946193008722,0.0,Urban,Y,39,Employed,15,263510.64383752487,172808.16812505428,637,Business,Home Renovation,No
LP002831,Male,Yes,0,Graduate,No,526199.3989422827,,33139459.37133365,362.73025548680596,0.0,Semiurban,Y,41,Employed,12,272111.0905674654,105741.4988612177,649,Personal,Vehicle Repair,No
LP002832,Male,Yes,0,Graduate,Yes,2123525.7278510514,14344.276306299726,32791132.44466323,267.5124953861676,1.0,Rural,Y,38,Employed,15,137315.01148086519,81032.91337036176,548,Business,Home Improvement,No
LP002833,Male,No,1,Graduate,No,1794857.0518588382,269490.97887996485,45637791.48671241,338.6425449916535,1.0,Semiurban,N,40,Employed,16,355549.6023107106,183930.94377369102,574,Personal,Medical Expenses,Yes
LP002834,Male,Yes,0,Graduate,No,1099249.620812335,1518793.4003547665,38243751.514598206,303.33089045756935,1.0,Urban,Y,21,Employed,17,69218.53399478283,5883.43,715,Home,Wedding,Yes
LP002835,Female,Yes,0,Not Graduate,nan,,0.0,51272962.36903548,323.9323171855635,1.0,Semiurban,Y,48,Employed,24,39860.6426003003,184885.92870819135,838,Personal,Home Improvement,Yes
LP002836,Male,Yes,0,Graduate,No,1714394.4107098465,0.0,47124732.49038175,430.6108002245818,1.0,Rural,Y,39,Employed,14,54072.54278626331,293241.148868642,571,Home,Vehicle Purchase,No
LP002837,nan,Yes,0,Graduate,No,2190827.4550844636,743843.4687465066,30584890.99495905,241.55273574123575,1.0,Semiurban,Y,39,Employed,3,60450.92814496433,457060.00941840524,850,Home,Debt Consolidation,Yes
LP002838,Female,Yes,2,Graduate,No,1676472.3579056768,409007.9543662,17198555.12380132,425.2546425566014,1.0,Urban,N,28,Employed,13,234093.1258763841,686810.5555324997,614,Home,Working Capital,Yes
LP002839,Male,Yes,0,Graduate,No,2285493.563698301,1273522.5571267838,49005599.429414816,284.7834705873218,0.0,Rural,Y,60,Employed,9,317260.6871655301,5883.43,774,Home,Home Renovation,Yes
LP002840,Male,Yes,0,Graduate,No,738416.565469041,181636.5559040497,48743699.322307445,392.0549063959589,1.0,Urban,Y,61,Employed,8,320957.86648552964,60193.218471150816,703,Auto,Medical Expenses,Yes
LP002841,Female,Yes,1,Graduate,No,789898.8147506046,1276192.371434399,21487731.180977743,403.9490173104858,1.0,Semiurban,Y,25,Employed,10,1500.26,184834.65025429605,682,Auto,Home Improvement,No
LP002842,Male,No,1,Graduate,No,605121.6709733256,440008.30840279494,50242247.28827501,365.7377329331141,1.0,Rural,Y,41,Employed,5,242980.1866299336,274629.9299998255,626,Education,Vehicle Repair,Yes
LP002843,Male,Yes,1,Not Graduate,No,1420472.5548247397,799000.8659946043,38971018.795925185,266.8033832867195,1.0,Urban,Y,54,Employed,0,303302.22221022204,319883.5524858472,666,Personal,Home Renovation,No
LP002844,Female,Yes,0,Not Graduate,No,1287394.0049021852,,36756702.07125653,356.2557810186154,1.0,Urban,Y,39,Employed,24,255680.45493326176,124951.42195451664,601,Auto,Home Renovation,No
LP002845,Male,No,0,Graduate,No,1123616.668264007,311546.75668257894,51297679.632473275,480.0,1.0,Semiurban,Y,37,Employed,8,108862.97481841026,5883.43,750,Home,Home Renovation,No
LP002846,Male,Yes,3+,Graduate,No,1604221.5440616494,1159886.6549727847,48596698.822306156,,1.0,Urban,Y,36,Employed,0,181022.30275125214,453896.80083913874,765,Home,Home Purchase,No
LP002847,Male,No,2,Not Graduate,No,1815756.5326073319,0.0,41663156.60995204,333.86099429818347,0.0,Urban,Y,47,Employed,14,80229.9823317102,347509.02103457064,606,Home,Debt Consolidation,Yes
LP002848,Female,No,0,Not Graduate,No,436761.025356579,587897.5577273689,39882017.74811983,328.08660815676393,,Semiurban,Y,65,Employed,17,233134.58880576395,389622.59283588396,517,Personal,Vehicle Repair,No
LP002849,Male,Yes,0,Not Graduate,No,901106.2160494423,,41313789.99530359,370.84380202439377,1.0,Semiurban,N,52,Employed,11,34143.0965815738,204045.5430833756,635,Personal,Medical Expenses,No
LP002850,Male,Yes,0,Graduate,No,1609664.02706153,75596.31171453843,31149272.751174744,334.67914970004813,1.0,Rural,Y,31,Employed,2,227550.54952432442,317208.331562993,844,Personal,Vehicle Repair,Yes
LP002851,Male,No,1,Graduate,No,965722.888070709,0.0,34598832.592676796,356.98543058159214,1.0,Semiurban,Y,36,Employed,1,101959.5150946567,5883.43,686,Personal,Home Renovation,No
LP002852,Male,No,0,Graduate,No,800489.191820923,1283147.1122783162,26126675.544054575,322.37059868139016,1.0,Semiurban,Y,40,Employed,30,198554.64610748162,32901.30132847905,769,Auto,Vehicle Repair,No
LP002853,Male,Yes,0,Graduate,No,1708860.9438251974,1645779.1426656083,31819449.332610816,277.7353077217088,1.0,Urban,Y,34,Employed,1,143052.21401817646,485827.41087990406,581,Auto,Debt Consolidation,Yes
LP002854,Male,No,0,Graduate,No,554842.19513801,180328.92896764143,31483508.303310674,479.23414604105676,0.0,Rural,N,32,Employed,0,133435.75172593206,253158.70647498657,621,Business,Vehicle Repair,Yes
LP002855,Male,Yes,2,Graduate,No,1048802.3261044475,0.0,28796793.393783357,334.1109219044398,1.0,Semiurban,Y,52,Employed,10,251075.79059702158,620832.1873974823,637,Auto,Equipment Purchase,No
LP002856,Female,No,1,Graduate,No,1363914.2429024042,0.0,36517312.116484635,480.0,1.0,Urban,N,38,Employed,19,303249.5364458744,52034.77356144224,559,Personal,Wedding,Yes
LP002857,Male,Yes,0,Graduate,No,912682.2730449405,613799.2532714468,31910038.58299423,365.4049147628151,1.0,Semiurban,Y,47,Employed,25,88019.47947584442,757405.3501167615,680,Education,Travel,No
LP002858,Male,No,2,Graduate,No,1591170.0580065874,7019.841732112516,40172194.29351974,375.90893215453355,,Semiurban,Y,63,Employed,10,182663.8218400479,786051.5578522785,591,Education,Medical Expenses,No
LP002859,Male,No,3+,Not Graduate,No,915153.7424013155,44518.85105621256,18926640.95706235,321.35292582869477,0.0,Semiurban,N,38,Self-Employed,10,68085.53108562788,117991.85242594629,750,Home,Vehicle Purchase,No
LP002860,Male,No,0,Graduate,No,1903901.9767229597,1569332.3222023544,34016299.148927,304.33256071749236,1.0,Rural,Y,46,Employed,2,124421.02930941546,156089.23414611028,673,Home,Medical Expenses,No
LP002861,Male,Yes,0,Not Graduate,Yes,1136719.0812521137,221141.23391767254,36465363.49177496,322.7097928561757,1.0,Semiurban,Y,32,Employed,21,100451.2159735604,497376.3125883436,798,Business,Home Purchase,Yes
LP002862,Female,Yes,0,Graduate,No,1535227.2983526767,839274.9892370688,32043554.691631198,289.9712401579299,1.0,Semiurban,Y,48,Employed,12,52542.14020733067,134420.49199461984,514,Home,Home Improvement,Yes
LP002863,Male,Yes,1,Graduate,No,1572604.2064914082,465693.0529402285,33425920.09190769,284.4291508989462,1.0,Urban,N,58,Employed,12,261198.6441144981,193854.48134235584,617,Business,Working Capital,No
LP002864,Male,Yes,0,Not Graduate,No,885822.2286279637,0.0,19297386.98270143,446.9860633248322,1.0,Rural,Y,57,Employed,16,175176.89439394383,100335.04108147908,628,Personal,Wedding,No
LP002865,Male,Yes,2,Graduate,No,172848.95567205572,0.0,38714618.13669492,387.89515634007284,0.0,Semiurban,N,44,Employed,14,116667.02892792219,105720.14512473662,706,Personal,Vehicle Purchase,Yes
LP002866,Male,No,1,Graduate,No,1379970.1073319174,769885.7310869747,41625906.91567071,429.801107461244,1.0,Urban,Y,38,Employed,11,160628.5338498168,270569.1416462883,627,Home,Tuition Fees,No
LP002867,Male,Yes,0,Graduate,No,1235736.4035624347,1621497.6546067628,40085220.032037675,407.4039813783111,,Semiurban,N,46,Employed,23,273535.3195097145,192252.53757028404,820,Home,Vehicle Repair,No
LP002868,Male,Yes,3+,Graduate,No,1477505.2437875636,649111.5647943505,45537117.68442183,303.8277061298815,1.0,Urban,Y,44,Employed,0,258355.00146240252,5883.43,648,Education,Home Improvement,Yes
LP002869,Male,No,0,Not Graduate,No,1086328.493808581,865483.4182288949,37165143.147825025,247.52884998973343,0.0,Urban,N,48,Employed,14,216113.9846513806,535193.6227471483,583,Business,Home Renovation,Yes
LP002870,Male,No,0,Not Graduate,No,984378.380599642,0.0,39936658.89650937,312.3014097581898,1.0,Urban,Y,36,Self-Employed,15,105622.73175192725,566844.9125502997,650,Home,Vehicle Repair,Yes
LP002871,Male,No,2,Graduate,No,2203828.7354908497,1139046.3294441062,36710754.47456853,,1.0,Semiurban,N,39,Employed,9,176606.49411235336,349455.1234147894,635,Personal,Home Purchase,No
LP002872,Female,No,1,Graduate,No,463415.1992446111,1130373.4084174272,42025354.28592494,408.57058710755905,1.0,Semiurban,Y,41,Employed,17,67677.61542871878,272128.44624521176,748,Education,Debt Consolidation,Yes
LP002873,Male,Yes,0,Graduate,No,1566567.4691821192,0.0,19377550.728678785,336.63372113929154,1.0,Semiurban,Y,51,Employed,17,158011.2505500011,59804.53638907912,628,Auto,Wedding,No
LP002874,Male,Yes,1,Not Graduate,nan,912291.3009083045,810406.4316831894,26214037.410219893,480.0,0.0,Semiurban,Y,52,Employed,21,253881.88040396915,154603.0863660441,528,Personal,Debt Consolidation,No
LP002875,Male,No,1,Graduate,No,1031702.921129789,0.0,51018843.660330914,313.9482405658088,1.0,Semiurban,Y,39,Employed,11,270555.3321448427,464807.7589203544,681,Home,Study Abroad,No
LP002876,Male,No,0,Graduate,Yes,1041040.8137130172,935358.6667312908,10545488.869037952,375.3734561468915,1.0,Rural,Y,31,Employed,10,108014.35672903736,366559.9013587483,606,Auto,Wedding,No
LP002877,Male,Yes,3+,Graduate,No,797875.0929143714,27927.979953967966,33748067.791746564,303.9945464922576,1.0,Rural,N,47,Employed,16,240802.0370118798,338032.2066751913,561,Auto,Home Purchase,No
LP002878,Male,No,0,Graduate,No,1485204.3351181196,0.0,46872596.68608069,364.2869431493407,1.0,Rural,N,51,Employed,11,222314.7908515187,346532.1711359405,667,Home,Tuition Fees,No
LP002879,Male,Yes,0,Graduate,No,1894914.0279749786,710468.2598944025,34217240.43458236,332.3755941156729,1.0,Rural,Y,42,Self-Employed,0,144211.82248765577,459474.39089967107,653,Personal,Home Improvement,No
LP002880,Female,Yes,0,Not Graduate,No,1434599.0606233308,0.0,,324.9903425652457,1.0,Urban,N,35,Employed,19,233016.7691934704,429474.1153093442,645,Business,Home Improvement,Yes
LP002881,Female,Yes,1,Graduate,No,1251283.2281060475,668309.7965378263,36444063.85815301,302.78247382625256,1.0,Urban,Y,38,Employed,0,276231.3353303622,384857.06418659294,688,Auto,Medical Expenses,No
LP002882,Male,Yes,2,Graduate,No,706371.9804503766,0.0,31618645.28997554,348.7625443858742,1.0,Semiurban,Y,61,Employed,15,242425.48751024215,177326.29104499752,613,Home,Vehicle Repair,No
LP002883,Female,Yes,0,Not Graduate,No,1458004.8629122255,0.0,35458342.01756939,390.08037558805876,0.0,Urban,Y,46,Self-Employed,32,71034.63521844271,583851.4204243333,675,Personal,Medical Expenses,No
LP002884,Female,Yes,0,Not Graduate,Yes,2277767.045864649,470517.3629657789,28316036.72479871,281.40601814768706,,Urban,Y,54,Employed,16,140832.72655117017,149992.19177712552,612,Auto,Travel,No
LP002885,Male,No,0,Graduate,No,1009244.9181024537,307834.4097395926,46236591.28955725,336.99562030167516,1.0,Urban,N,34,Employed,7,201831.89916454995,73223.73851636346,739,Personal,Equipment Purchase,Yes
LP002886,Female,Yes,0,Graduate,No,1011600.4403240669,1448372.9057633549,49382496.30065662,369.49804423933824,1.0,Rural,Y,57,Employed,8,93551.61297639762,134218.50998900476,663,Personal,Tuition Fees,No
LP002887,Male,Yes,1,Graduate,No,919047.6645095013,0.0,33815943.86888378,380.88346646038053,1.0,Semiurban,Y,53,Employed,15,306081.878168751,8731.760797894443,822,Home,Study Abroad,Yes
LP002888,Female,No,1,Graduate,No,954885.1127527897,1391158.4338152963,21284952.88308757,451.69167083102656,1.0,Semiurban,Y,42,Self-Employed,12,194076.69869737007,363691.1130971393,620,Personal,Working Capital,No
LP002889,Female,No,0,Graduate,No,50325.0,0.0,29911415.38686605,374.6307067630143,1.0,Rural,Y,50,Employed,18,125045.12321439682,244263.29747997274,697,Auto,Medical Expenses,No
LP002890,Male,No,3+,Graduate,No,1402109.9229278564,1072229.9814975283,33309960.48897036,315.90867416589344,1.0,Semiurban,Y,58,Employed,24,119420.41334272485,472705.9757707167,766,Personal,Travel,Yes
LP002891,Male,No,0,Graduate,Yes,776816.1418226932,1202885.055997362,40205235.85903209,305.8299064953999,1.0,Urban,N,31,Employed,23,103300.99465419076,5883.43,713,Auto,Working Capital,Yes
LP002892,Male,No,3+,Not Graduate,No,394460.67060409987,653641.4401236478,25069714.858293224,305.0945095383046,1.0,Rural,N,38,Employed,3,229392.06489226947,289154.9413069248,677,Personal,Vehicle Repair,No
LP002893,Male,Yes,2,Graduate,No,1576187.2048662743,0.0,27458223.903578497,301.751393403886,1.0,Urban,N,49,Employed,12,240098.76209872295,195601.16848193115,695,Personal,Business Expansion,Yes
LP002894,Female,Yes,2,Graduate,No,,0.0,40256608.46858808,352.8541611164435,0.0,Urban,Y,44,Employed,16,106117.78800813833,177855.06466604958,710,Personal,Medical Expenses,No
LP002895,Female,Yes,0,Graduate,nan,1030257.7030581211,0.0,44538935.41039558,365.1430146825859,1.0,Semiurban,Y,48,Employed,24,298100.2783533594,38841.43542601948,692,Business,Travel,Yes
LP002896,Male,Yes,1,Not Graduate,No,1932813.42559429,1725223.9578496197,28933906.638293162,389.38268892320724,1.0,Semiurban,Y,51,Employed,15,131040.40089380008,255701.11766927724,663,Education,Home Purchase,No
LP002897,Male,Yes,0,Not Graduate,No,494984.3309877432,220821.864387621,21817676.550490044,379.8096835981143,0.0,Rural,Y,49,Self-Employed,7,94144.18286594364,94033.68304044369,731,Personal,Business Expansion,Yes
LP002898,Male,No,0,Not Graduate,No,433293.1127011189,0.0,53000000.0,414.6764292786631,1.0,Urban,Y,41,Employed,16,208817.7860795521,550910.7416843539,657,Auto,Wedding,Yes
LP002899,Male,Yes,0,Not Graduate,No,1334245.3247811692,0.0,42982889.46088714,299.77474936843817,1.0,Urban,N,41,Employed,27,57901.22322880151,372389.09821415704,576,Auto,Home Renovation,No
LP002900,Male,Yes,0,Not Graduate,No,1774335.9120051842,546123.9655247324,32479809.472329687,438.09905113799186,1.0,Semiurban,Y,60,Employed,10,43006.610276548,443261.8406237138,850,Business,Home Improvement,Yes
LP002901,Male,Yes,0,Graduate,No,412421.3711340185,152223.8174771361,43840159.8453084,302.13064609961424,1.0,Semiurban,Y,44,Employed,6,80074.30304671267,5883.43,744,Home,Wedding,No
LP002902,Female,No,2,Graduate,No,1403437.0984185885,0.0,33905280.792855784,360.7859414905159,1.0,Rural,Y,58,Employed,12,95193.05078589196,424103.79543965147,583,Auto,Home Renovation,No
LP002903,Male,Yes,1,Graduate,No,1490091.999980846,1033798.7586244144,43821415.98100187,328.2244792610101,1.0,Semiurban,Y,59,Employed,7,233321.22908199765,405252.4766577673,643,Personal,Home Improvement,No
LP002904,Male,No,0,Not Graduate,No,170011.98815383983,663108.7788485473,36743779.067762226,338.4762527434261,1.0,Urban,Y,35,Employed,19,49205.27673618861,165712.19531283126,613,Home,Home Purchase,No
LP002905,Male,Yes,2,Not Graduate,No,1598842.89895361,1716557.9894182184,36062566.07167573,380.24732579303554,0.0,Semiurban,N,51,Employed,7,199056.9863661665,209688.23416283278,620,Business,Vehicle Repair,Yes
LP002906,Male,Yes,0,Graduate,No,1637895.1699210897,1227174.3032881771,34014028.40769212,253.60478984087365,1.0,Urban,Y,31,Employed,22,241604.80976615933,50425.62262018316,743,Home,Medical Expenses,No
LP002907,Female,Yes,1,Graduate,No,1043699.4433719877,0.0,20676033.755369104,290.06654421677064,,Rural,N,61,Employed,16,295888.2045986399,185463.66469688847,635,Personal,Travel,No
LP002908,Female,No,1,Graduate,No,1825765.411149004,1420502.0716862942,53000000.0,384.863604114816,1.0,Urban,Y,45,Self-Employed,18,121598.47882420511,359901.05730158003,837,Personal,Vehicle Repair,No
LP002909,Male,Yes,0,Not Graduate,No,1767820.0171624226,1273864.1644921761,25734507.887322567,339.78084302852693,,Semiurban,Y,45,Employed,18,128727.27712751151,113107.5717050434,506,Auto,Debt Consolidation,No
LP002910,Male,No,2,Graduate,No,1251151.1928586024,0.0,21549611.32689406,324.5129309610982,1.0,Urban,Y,34,Employed,19,349146.59246664285,254199.11075449013,662,Auto,Business Expansion,Yes
LP002911,Male,Yes,0,Graduate,No,973869.5348375331,125817.26001384447,33021248.26243633,272.6535663001974,1.0,Rural,N,37,Employed,10,287649.6157320598,756100.9691558068,545,Home,Home Improvement,No
LP002912,Male,Yes,0,Graduate,Yes,713178.2837085214,716827.8650688692,25535128.954894938,324.9333512601862,1.0,Urban,N,46,Self-Employed,4,141150.96197730416,51216.34467931927,694,Business,Home Renovation,Yes
LP002913,Male,No,1,Graduate,No,1180810.4753169043,0.0,34632719.184397295,380.7668164940182,1.0,Rural,Y,44,Employed,8,269066.43573379045,313403.19713669724,705,Personal,Medical Expenses,Yes
LP002914,Male,No,0,Not Graduate,No,1484471.6898520896,258710.0822510187,42027485.575617686,306.1016128512601,1.0,Urban,Y,39,Employed,19,188138.72452076297,40212.97100058649,746,Personal,Vehicle Repair,Yes
LP002915,Male,No,0,Graduate,No,1037503.7994796793,1128646.5020781392,45102876.09529223,421.75380081150604,1.0,Rural,Y,53,Employed,0,167334.33054078976,5883.43,554,Business,Vehicle Repair,No
LP002916,Male,No,0,Not Graduate,No,100841.72736898507,791029.8260830562,43297154.30621682,404.5230958481576,0.0,Urban,Y,43,Employed,0,389358.98567508825,406834.8431603861,704,Personal,Medical Expenses,Yes
LP002917,Male,No,1,Graduate,No,1833949.177288285,0.0,32093526.5421432,318.90682572887374,0.0,Semiurban,N,32,Employed,14,262597.99754550634,165601.4580340088,586,Personal,Home Improvement,No
LP002918,Female,No,0,Graduate,No,1294703.840922447,1144552.6796488573,35645765.36661586,304.2490760326024,1.0,Semiurban,Y,51,Employed,19,335679.095857444,566851.6360063168,673,Home,Home Improvement,Yes
LP002919,Male,No,0,Graduate,No,1009779.9816615831,640646.9737800518,39228637.59897491,174.04129986554582,1.0,Semiurban,Y,31,Employed,20,70268.50533942637,360548.60694873903,625,Education,Medical Expenses,No
LP002920,Male,No,2,Graduate,No,1628171.424211644,616714.1070628115,17571972.850579277,275.298337483518,1.0,Rural,Y,22,Self-Employed,4,327651.45423694246,89815.50465729058,551,Personal,Debt Consolidation,No
LP002921,Male,No,1,Graduate,No,1961911.5282413783,68167.63591315714,40855694.0911986,271.6098198064066,1.0,Rural,Y,44,Employed,3,151794.38795112434,71584.53843385555,730,Business,Medical Expenses,No
LP002922,Female,No,0,Graduate,No,50325.0,424043.30943179654,20576854.214161687,254.0520141439183,0.0,Urban,Y,32,Employed,7,150632.9305014254,391097.53203141596,641,Auto,Debt Consolidation,Yes
LP002923,Male,No,0,Graduate,No,1416724.0549610357,0.0,53000000.0,337.7514113394035,1.0,Semiurban,Y,45,Employed,9,200951.03939213592,36394.447506191354,742,Personal,Debt Consolidation,No
LP002924,Male,Yes,0,Not Graduate,No,486267.62459482637,0.0,31104696.24358305,358.6348336195668,,Semiurban,N,52,Employed,9,211979.46815512652,30784.77480229683,748,Auto,Tuition Fees,No
LP002925,Male,No,0,Graduate,Yes,1449147.4833994706,232765.7740107111,33301095.31805409,448.7893205364078,1.0,Rural,N,54,Employed,13,260825.6724247188,5883.43,783,Home,Travel,No
LP002926,Male,No,0,Not Graduate,nan,1263555.8311872897,343113.7177336409,,343.8994396840417,1.0,Urban,Y,49,Employed,23,245380.243208759,371653.67295510834,619,Home,Home Purchase,Yes
LP002927,Male,Yes,2,Graduate,No,1517455.493220275,524722.4356413656,28850146.771443106,217.89677272930055,1.0,Semiurban,N,29,Employed,12,107075.73594764242,85051.3064749506,581,Auto,Vehicle Repair,Yes
LP002928,Male,No,2,Graduate,No,949968.4227526723,1277128.5088579464,53000000.0,295.04535811980105,1.0,Urban,Y,35,Employed,20,76182.97515307301,318919.17592253187,773,Business,Tuition Fees,No
LP002929,Male,Yes,0,Graduate,No,,0.0,44553543.976232976,376.5438565325381,1.0,Semiurban,Y,43,Employed,17,148650.99698671995,5883.43,674,Personal,Travel,Yes
LP002930,Male,Yes,0,Graduate,No,974408.1343716659,171193.8875396962,19657822.63852162,335.0252351852998,0.0,Semiurban,Y,43,Employed,6,164658.42114651136,5883.43,786,Home,Home Renovation,No
LP002931,Male,No,1,Graduate,No,1403016.0475698914,964944.6083348528,50191976.0968523,391.31968057566485,1.0,Urban,Y,33,Employed,17,173881.26128086107,390929.96456337534,558,Home,Vehicle Repair,No
LP002932,Male,Yes,0,Graduate,No,1707288.3943376117,0.0,47082269.84141432,309.08506158612585,1.0,Semiurban,Y,38,Employed,17,288887.732367297,215273.32910601157,727,Home,Business Expansion,Yes
LP002933,Female,No,3+,Graduate,No,613676.5797637374,536244.9601659346,32337722.46711712,409.0322391678966,1.0,Rural,Y,52,Employed,12,182465.22146765463,111335.3663832916,669,Personal,Study Abroad,No
LP002934,Male,No,2,Not Graduate,No,1713122.4434365088,142822.88050495065,38216816.51029838,354.6718044530648,1.0,Semiurban,Y,49,Employed,13,403206.4213812079,149685.1040444254,661,Personal,Study Abroad,No
LP002935,Male,Yes,0,Graduate,No,875656.0851767394,258083.2221020015,35000406.295789264,356.19865503589466,1.0,Semiurban,N,40,Employed,12,295989.72219353064,150398.0609837795,636,Auto,Debt Consolidation,No
LP002936,Male,Yes,2,Not Graduate,No,1380817.1707972633,959321.7124474738,53000000.0,348.90729325417846,1.0,Semiurban,Y,55,Employed,3,138739.03350896147,653829.644226894,565,Home,Wedding,No
LP002937,Male,Yes,0,Graduate,No,944645.2535671836,167203.15081369184,27186945.2000791,294.00063278133194,1.0,Rural,Y,29,Employed,31,6071.035882442928,300062.2612199702,724,Personal,Wedding,No
LP002938,Male,No,2,Graduate,No,1290677.5438560508,982141.0950678843,36609953.187757276,336.4785667095506,0.0,Urban,Y,52,Employed,21,380793.27370589366,274774.4313707864,629,Education,Wedding,No
LP002939,Male,No,0,Graduate,nan,1645531.0472851372,,30868393.780071955,357.5356550532023,1.0,Urban,Y,51,Employed,16,140445.85485958244,96278.60518001858,684,Education,Study Abroad,No
LP002940,Male,No,0,Graduate,No,586085.191355732,0.0,20819443.04382146,255.8707234814256,,Semiurban,Y,52,Employed,9,249459.75169138156,404338.22979493317,839,Home,Vehicle Purchase,No
LP002941,Male,Yes,1,Graduate,No,859639.2816265842,0.0,53000000.0,344.6856551658112,1.0,Semiurban,N,47,Employed,11,105817.086596084,16515.803463508724,616,Personal,Vehicle Purchase,No
LP002942,Male,No,0,Graduate,Yes,1292073.5236710433,0.0,23334181.298975877,412.8026751099121,,Urban,Y,36,Employed,3,309744.10285578365,350712.9090598804,638,Auto,Wedding,No
LP002943,Male,Yes,1,Graduate,nan,2400384.060515176,1728410.8539944205,37351138.96487776,365.9390880022074,1.0,Rural,Y,50,Employed,16,242165.67692089966,351794.9020771553,650,Personal,Debt Consolidation,No
LP002944,Male,No,0,Graduate,No,767997.3739165859,416345.15392158297,17742841.02619665,421.94740898615805,1.0,Rural,Y,39,Self-Employed,15,68026.77112777188,450483.6762483438,629,Personal,Wedding,Yes
LP002945,Male,Yes,2,Not Graduate,No,2219659.1729984595,0.0,31159141.697569072,364.37363939835035,,Semiurban,Y,46,Employed,10,1500.26,5883.43,632,Auto,Home Renovation,No
LP002946,Female,No,2,Not Graduate,No,2201803.8818375855,976585.0674946965,39369535.30433458,286.052146145958,1.0,Urban,Y,35,Employed,12,182849.19860970962,472424.7984984913,728,Personal,Home Improvement,Yes
LP002947,Male,Yes,0,Graduate,No,1150936.6546492043,1075428.0300800207,26902507.294976376,387.3555856502559,1.0,Rural,Y,40,Employed,10,210607.7091620586,317737.6876876815,784,Personal,Vehicle Purchase,Yes
LP002948,Male,No,0,Graduate,No,1050515.9669000497,,41017865.59735656,271.44843290183724,1.0,Urban,Y,42,Employed,8,234511.19940431206,96112.63677462778,676,Personal,Medical Expenses,Yes
LP002949,Male,Yes,0,Graduate,No,853559.6306676541,2177360.3725818787,32459436.17111918,327.4037686163107,0.0,Rural,Y,48,Employed,6,95865.91096872768,5883.43,731,Personal,Vehicle Repair,No
LP002950,Female,No,0,Graduate,No,1165490.9648336654,622051.880100739,46750672.213986136,323.35021856096654,0.0,Semiurban,Y,50,Employed,4,107927.0220566802,165727.64036580126,649,Personal,Debt Consolidation,No
LP002951,Female,No,0,Graduate,No,496232.513720221,710266.6819180388,48767456.22340224,299.213296251644,1.0,Rural,N,62,Employed,6,1500.26,284341.6888984371,647,Business,Home Purchase,No
LP002952,Male,Yes,2,Graduate,No,1161472.7213397012,776683.4959505033,29282399.482699886,480.0,1.0,Rural,Y,45,Employed,7,116175.41535733094,5883.43,629,Personal,Home Purchase,Yes
LP002953,Male,No,3+,Graduate,No,1948032.3669254282,775216.799032181,35917175.68392957,335.55128151729446,,Rural,N,33,Self-Employed,21,19060.728280609037,76775.60837852099,596,Personal,Home Purchase,No
LP002954,Female,No,1,Graduate,No,894049.6987616412,0.0,36984389.35472233,448.51370263236,1.0,Urban,N,52,Employed,7,101733.85536348174,5883.43,776,Personal,Home Purchase,Yes
LP002955,Male,Yes,2,Graduate,No,1079230.0780054745,1907383.7936739614,41343340.04434699,360.5254288307798,1.0,Semiurban,Y,47,Employed,0,195399.7551634014,160023.2146995712,620,Business,Vehicle Purchase,Yes
LP002956,Male,Yes,1,Not Graduate,No,349021.9928663791,228988.37727943837,35293667.05244266,290.6546913563961,1.0,Rural,Y,41,Employed,14,194103.3754793841,29321.918105324905,720,Home,Business Expansion,No
LP002957,Male,No,2,Not Graduate,No,1386623.2740655218,1098882.734350328,37051956.68342843,315.3347341657838,1.0,Semiurban,Y,39,Employed,17,105204.34594591954,681027.2734107175,589,Personal,Study Abroad,No
LP002958,Male,Yes,0,Graduate,No,1331833.072475687,96166.0544451265,32715782.34204881,337.60112033119896,1.0,Semiurban,Y,37,Employed,20,190353.74253653636,419713.1438833943,669,Education,Working Capital,Yes
LP002959,Female,Yes,1,Not Graduate,Yes,1231443.4098828854,,36302245.759720184,319.40150046552424,1.0,Urban,Y,36,Employed,13,298889.1679603433,25862.29009645013,665,Home,Vehicle Purchase,No
LP002960,Female,Yes,2,Not Graduate,No,1091178.7048889282,1759925.519275693,48129249.02535133,323.47286671658287,1.0,Rural,N,30,Employed,3,140829.4457384988,54988.207090352225,590,Personal,Tuition Fees,No
LP002961,Male,No,0,Graduate,No,1053213.2706137726,352760.56436681177,41610679.50211855,374.3346376312739,1.0,Rural,N,54,Employed,6,50754.73422495587,5883.43,634,Personal,Study Abroad,Yes
LP002962,Male,Yes,0,Graduate,No,1450542.346850336,404745.2493073188,42162403.484433696,361.83220326604015,1.0,Semiurban,Y,48,Employed,17,236570.78165951464,216910.0997067343,569,Home,Study Abroad,No
LP002963,Male,No,0,Graduate,No,1185183.9292056884,627152.333853507,42380550.33135579,381.3096233638438,1.0,Rural,Y,44,Employed,24,264148.03938919585,602008.7720313107,666,Personal,Vehicle Purchase,Yes
LP002964,Male,No,0,Not Graduate,No,1357078.165777666,2249859.6199245616,33611759.31118965,431.511074651551,0.0,Rural,Y,36,Employed,3,103185.65994497696,486446.3835879712,506,Auto,Home Renovation,Yes
LP002965,Female,No,1,Not Graduate,No,1307083.638727274,1946753.1075449989,38338117.52579531,311.62085003317367,1.0,Semiurban,N,55,Employed,14,103852.4288099558,286581.28457107977,660,Personal,Business Expansion,Yes
LP002966,Female,No,0,Graduate,No,1761305.873547881,1327268.1158280412,24298110.306642555,406.74355507168156,1.0,Urban,Y,28,Self-Employed,8,1500.26,188139.55162748866,723,Home,Home Purchase,No
LP002967,Female,Yes,0,Graduate,No,1538089.2786875272,2426156.097918315,47837923.65316957,423.52611575766355,,Semiurban,Y,42,Self-Employed,5,124390.37889451045,357264.2716913101,664,Personal,Home Improvement,No
LP002968,Male,No,3+,Graduate,No,1296023.1515750953,0.0,7320242.7665678,417.54404761223486,1.0,Semiurban,Y,54,Employed,12,82821.03226878351,302939.1787588148,602,Personal,Tuition Fees,No
LP002969,Male,Yes,0,Graduate,No,1958803.24532609,887739.0834839727,34278363.16664575,234.31415137556985,1.0,Rural,Y,21,Employed,11,28804.57403390389,333566.1137532655,606,Home,Medical Expenses,No
LP002970,Male,Yes,0,Graduate,No,1409726.4945282808,481696.34168630675,46558806.861502744,447.77119182777216,1.0,Urban,N,45,Employed,0,133036.21268068245,286450.2184882057,773,Business,Travel,No
LP002971,Female,Yes,0,Not Graduate,nan,1852073.5743952096,0.0,21511167.75370659,301.7260611366718,1.0,Rural,Y,36,Employed,14,165422.16677692035,335938.12167769903,679,Home,Medical Expenses,No
LP002972,Male,Yes,2,Graduate,No,1503063.5341933188,752788.1414646427,39147646.26616851,229.46966177101294,0.0,Rural,Y,45,Self-Employed,15,148962.15795237475,5883.43,741,Auto,Tuition Fees,No
LP002973,Male,No,3+,Not Graduate,No,278632.69053422846,85041.75406016567,28342182.624209736,446.29660544716046,0.0,Semiurban,N,39,Employed,18,136716.51925665105,222909.7874449933,750,Personal,Vehicle Purchase,No
LP002974,Male,No,0,Not Graduate,No,1852009.6116596647,1502070.8786862164,31461814.438111316,370.71426209043733,0.0,Rural,Y,50,Employed,7,303058.096025923,293679.9213356668,625,Personal,Home Improvement,Yes
LP002975,Male,Yes,1,Not Graduate,No,1267180.3506713344,152104.984893142,44609256.696394384,373.19229595024166,1.0,Urban,Y,57,Employed,0,193534.00747422336,159965.18759012548,575,Personal,Home Purchase,No
LP002976,Male,Yes,0,Graduate,No,1173614.844549611,112295.9115440101,37130416.3488515,319.98565864528086,1.0,Rural,Y,65,Employed,9,224431.76940792814,5883.43,723,Personal,Home Renovation,No
LP002977,Male,No,1,Graduate,No,1340266.4037447884,1501768.4680959133,14806288.411156375,,1.0,Semiurban,Y,42,Employed,18,328823.57602929237,248020.96623088443,588,Personal,Home Improvement,Yes
LP002978,Male,Yes,2,Graduate,No,1027100.6490214663,382802.50510447996,25385591.692684017,331.5510087492136,1.0,Rural,Y,51,Employed,11,254687.27989951053,1076554.9400667686,612,Personal,Tuition Fees,Yes
LP002979,Male,Yes,1,Graduate,No,1313106.6601944726,,44903204.438887596,302.4578313502245,1.0,Semiurban,Y,47,Employed,19,141242.47175799153,82355.92811040027,674,Auto,Tuition Fees,No
LP002980,Male,Yes,0,Graduate,No,903654.1968284538,725671.8979463093,39639274.27192998,341.2894508440437,1.0,Semiurban,Y,48,Employed,2,1500.26,218523.9238667267,642,Personal,Vehicle Purchase,No
LP002981,Male,No,3+,Graduate,No,1836728.359367185,735060.3129124308,52631202.81524285,346.69829243786796,1.0,Rural,Y,60,Employed,19,132447.31997480884,499253.0216165745,456,Home,Vehicle Repair,No
LP002982,Male,No,2,Graduate,No,1142798.1731894747,257787.12898371546,51976323.03013298,260.6119594841973,0.0,Urban,N,36,Employed,14,296858.44709422765,601600.797313994,554,Home,Vehicle Purchase,Yes
LP002983,Male,Yes,0,Graduate,No,1008300.3086387832,780167.3219949055,31727395.788532086,343.2479275291668,1.0,Urban,N,39,Employed,9,254052.436781611,130318.00948114478,756,Home,Vehicle Repair,Yes
LP002984,Male,Yes,1,Graduate,No,737129.322140363,336576.0216075422,53000000.0,232.65850768796685,1.0,Urban,Y,41,Employed,21,132802.4041498144,439898.992790548,657,Home,Home Improvement,Yes
LP002985,Male,No,0,Graduate,No,1333980.1245743206,,35394643.788519114,455.13108412702576,1.0,Rural,Y,32,Employed,14,158751.85457410917,405226.31593455013,731,Personal,Tuition Fees,No
LP002986,Male,No,1,Not Graduate,No,1293145.780062546,355642.2692784818,25523161.74590975,333.75511838554735,1.0,Semiurban,Y,43,Self-Employed,4,177369.88834157345,145710.38691241137,592,Personal,Study Abroad,No
LP002987,Female,Yes,0,Not Graduate,No,,1330101.8420725402,28813448.43089423,275.6202768800931,1.0,Semiurban,Y,51,Self-Employed,20,110428.8792222965,371967.72430698224,565,Auto,Debt Consolidation,No
LP002988,Male,No,2,Graduate,No,685966.2862474355,803826.7479139564,12582596.037105814,370.7030920413765,1.0,Semiurban,N,52,Self-Employed,10,115815.1682322305,212361.62002448857,730,Education,Vehicle Purchase,Yes
LP002989,Male,Yes,0,Graduate,No,399001.6305942135,966528.8019287363,51220037.17249282,295.1080368314805,1.0,Urban,Y,41,Employed,12,107466.31838212664,121620.59651724286,781,Personal,Travel,Yes
LP002990,Male,Yes,0,Graduate,Yes,1512387.8812532797,429647.4500094773,51097466.980438635,338.1545598314377,1.0,Semiurban,Y,56,Employed,5,210176.60570059816,590789.0305820729,586,Personal,Home Improvement,Yes
LP002991,Male,No,0,Graduate,No,1941913.1609382536,0.0,24994772.701866794,367.2400690655113,0.0,Semiurban,Y,21,Employed,12,70837.44282383537,376842.2920109679,756,Education,Wedding,No
LP002992,Male,Yes,0,Graduate,No,686415.4188050518,0.0,32871004.206180945,278.90855300784284,1.0,Urban,Y,65,Employed,5,295634.8049359765,5883.43,577,Personal,Working Capital,No
LP002993,Male,No,0,Not Graduate,No,1994312.871780849,226316.4025192928,36105922.53112578,456.89255952622807,1.0,Semiurban,Y,50,Self-Employed,11,165306.31709464162,221431.641956531,517,Home,Tuition Fees,No
LP002994,Female,Yes,0,Graduate,No,1341547.7593681905,0.0,25546316.568578865,462.6048681269308,1.0,Urban,Y,39,Employed,12,66344.64917567273,143078.22700878308,717,Personal,Vehicle Repair,Yes
LP002995,Male,Yes,0,Graduate,No,1196060.777724585,61569.996186459495,17598826.77728839,308.38280042569136,,Rural,N,48,Employed,17,258206.78237449666,204846.51653735325,579,Personal,Working Capital,Yes
LP002996,Female,No,0,Graduate,No,1000817.881727111,36232.091200058465,33046271.052230887,272.51042915171513,1.0,Semiurban,N,42,Self-Employed,1,300892.46089033026,350167.2957481735,556,Home,Vehicle Repair,No
LP002997,Male,Yes,0,Graduate,No,507333.2202875017,57334.171910703764,31939052.795407534,308.10951027415365,1.0,Urban,Y,21,Employed,20,448566.05582970835,305656.9921164473,558,Home,Home Renovation,No
LP002998,Female,No,2,Graduate,No,1693456.4879622997,1434639.1887128784,31265734.68011225,311.31675497824097,0.0,Urban,Y,44,Employed,20,289235.8551531942,533791.0095741022,633,Personal,Medical Expenses,No
LP002999,Male,Yes,0,Graduate,No,811789.0492811984,391535.4975493292,37377007.71600965,406.5310296377098,1.0,Urban,N,53,Employed,11,87099.86341393106,491346.0064082674,512,Home,Debt Consolidation,No
LP003000,Male,Yes,1,Graduate,No,809688.8921311998,1082889.400670374,49445043.675259925,309.14720980268726,1.0,Urban,Y,54,Employed,13,184772.16673442247,5883.43,718,Auto,Tuition Fees,Yes
LP003001,Male,Yes,1,Graduate,Yes,1695555.3849434773,543381.7511906181,32118919.89308274,270.2103281638165,1.0,Urban,Y,46,Employed,15,393451.2292431318,227313.17354707763,708,Home,Medical Expenses,No
LP003002,Male,No,2,Graduate,No,258100.50666413666,,36854277.07721363,346.00441033433543,1.0,Urban,Y,54,Employed,13,95831.93554538432,5883.43,708,Personal,Home Renovation,Yes
LP003003,Male,Yes,0,Graduate,No,437793.3246659166,1143306.013603338,42418552.32744937,250.45878445911262,1.0,Semiurban,N,48,Employed,17,51567.67980889295,47638.50794293295,773,Home,Vehicle Repair,No
LP003004,Male,No,1,Graduate,No,1190525.108245959,14559.181230602844,40691276.35512749,,1.0,Urban,Y,46,Employed,9,130768.7662510346,5883.43,752,Auto,Vehicle Purchase,Yes
LP003005,Male,Yes,0,Not Graduate,No,1346234.444502426,1801760.9213087254,29005611.845521584,375.90956091794385,0.0,Urban,Y,36,Employed,6,74542.19358651697,5883.43,583,Auto,Vehicle Purchase,No
LP003006,Male,No,0,Graduate,No,1441959.5539844618,110454.60508710839,36113618.321140364,303.9166238899613,1.0,Semiurban,N,40,Employed,16,111185.33303051331,526996.542743157,725,Auto,Medical Expenses,Yes
LP003007,Male,Yes,0,Graduate,No,1048692.9833018736,568620.7560821627,40625245.291690536,310.46673247146066,1.0,Semiurban,N,41,Employed,0,106358.91698947316,397517.63323968934,765,Personal,Home Purchase,No
LP003008,Female,No,1,Graduate,No,2464777.0643208446,692539.0731212293,23866333.714892227,354.8341044443323,1.0,Rural,N,46,Employed,17,230310.3724301415,370387.91367421584,738,Auto,Vehicle Repair,No
LP003009,Female,No,0,Graduate,No,1085645.9506170829,770475.6221501484,47785237.197965086,273.7272131514192,0.0,Urban,Y,52,Self-Employed,18,49172.384033157636,482043.47259173554,745,Auto,Home Purchase,No
LP003010,Female,No,0,Graduate,No,1084199.1539486388,985946.2164833641,49465736.14214112,292.6362576593293,1.0,Urban,Y,37,Employed,6,177644.29724957558,369517.123347959,651,Personal,Home Purchase,No
LP003011,Male,No,nan,Graduate,No,801098.8955930612,0.0,27922044.535555065,326.38521418787855,1.0,Rural,N,28,Employed,23,97021.1632197964,230021.21608557674,606,Home,Home Purchase,No
LP003012,Male,No,1,Graduate,No,1261545.6382605354,927254.976769357,37086547.27348169,260.7830417397678,1.0,Rural,N,59,Employed,9,215364.93381889138,129108.07838233424,644,Personal,Medical Expenses,No
LP003013,Female,No,0,Graduate,Yes,1507072.8460233873,835422.179906071,41572629.65671032,312.64968401706125,1.0,Urban,Y,33,Employed,9,225163.96160297192,586105.6525661442,602,Auto,Tuition Fees,Yes
LP003014,Male,Yes,0,Graduate,No,1801381.25726673,428950.7143523594,29693705.526712477,275.5264648532035,1.0,Rural,Y,49,Employed,7,246201.34147598664,508253.0430840051,755,Personal,Medical Expenses,No
LP003015,Female,Yes,1,Graduate,No,454950.097779891,295799.83723215724,39965985.546880946,425.4819496191601,1.0,Rural,N,46,Employed,16,246185.0847147914,203083.47839582263,682,Home,Medical Expenses,Yes
LP003016,Female,No,0,Not Graduate,No,1076594.5608221495,0.0,36782403.35292166,315.7038576378499,1.0,Urban,N,40,Employed,9,109966.77498067457,399748.56012950704,739,Business,Debt Consolidation,Yes
LP003017,Female,No,0,Graduate,nan,1422944.035404572,764866.103487117,20470665.313611995,283.1005567591225,0.0,Urban,Y,50,Employed,1,165474.21022532223,5883.43,534,Auto,Wedding,No
LP003018,Male,No,0,Graduate,No,1493120.997297268,0.0,39741460.24978559,380.376975484971,1.0,Urban,Y,30,Employed,15,298134.71297812636,409822.4529147611,625,Business,Vehicle Purchase,Yes
LP003019,Male,Yes,1,Graduate,No,1202866.5589022697,595136.8291397537,24148422.927289646,302.2008484301053,1.0,Rural,Y,61,Self-Employed,10,205637.30896923156,146818.0700406197,572,Business,Travel,No
LP003020,Female,Yes,2,Graduate,No,1470804.214766051,357689.9740273368,44541875.606620476,273.7608577738321,0.0,Urban,Y,65,Employed,21,245732.24796262942,789473.1193390619,518,Personal,Wedding,No
LP003021,Male,Yes,1,Graduate,No,795110.2835370998,0.0,28437736.338661116,393.16179514347675,0.0,Semiurban,Y,57,Self-Employed,15,56333.84277001141,477100.5037347492,692,Auto,Wedding,No
LP003022,Male,No,1,Graduate,No,1978544.9461591784,0.0,33536992.753388554,320.52150771204185,1.0,Rural,Y,34,Employed,14,251690.84257837708,5883.43,569,Home,Home Renovation,Yes
LP003023,Male,Yes,0,Graduate,No,1695906.2814897147,711963.3904414738,48872636.22446575,390.37127825355003,,Urban,Y,21,Employed,20,1500.26,104715.95069006016,631,Education,Vehicle Repair,No
LP003024,Female,Yes,0,Graduate,nan,527128.3364674138,61597.61022141442,40113663.55528846,339.006767739904,1.0,Semiurban,Y,49,Employed,13,28255.67345731368,259092.0547678195,577,Personal,Wedding,No
LP003025,Male,Yes,0,Graduate,No,662040.7059416221,37726.172058726894,24355107.89425455,347.6619271267874,1.0,Urban,Y,29,Employed,18,84918.96673577264,238488.19859905986,628,Business,Debt Consolidation,No
LP003026,Male,Yes,0,Graduate,No,676131.354946547,0.0,25000681.382009167,373.7007273807779,0.0,Urban,N,39,Employed,7,204169.93287256124,229454.78423991197,718,Auto,Home Renovation,Yes
LP003027,Male,Yes,0,Not Graduate,No,1538577.2154482643,0.0,29156819.203762747,301.820358377388,1.0,Rural,Y,60,Employed,25,219573.0407049958,443922.2756912238,579,Auto,Debt Consolidation,No
LP003028,Male,Yes,2,Graduate,No,557228.3467912663,1578486.8524994436,39096287.92356666,291.2971259913344,1.0,Semiurban,Y,61,Employed,14,92600.21813990163,138820.3824714101,624,Personal,Medical Expenses,Yes
LP003029,nan,No,0,Graduate,Yes,1034080.0628959597,0.0,38732845.239327684,412.02020836367285,1.0,Rural,N,62,Employed,2,1500.26,232509.673999288,712,Personal,Home Improvement,Yes
LP003030,Male,Yes,1,Graduate,No,1426944.4282083872,1459652.5619656246,26718824.043371312,374.64515839518583,1.0,Urban,Y,44,Employed,13,251680.62919680114,552190.3499263346,726,Auto,Home Purchase,Yes
LP003031,Male,Yes,0,Graduate,No,1166509.2627267826,197108.43544120496,23477752.23385641,335.86012106501073,1.0,Semiurban,N,53,Employed,14,218749.65844846037,555419.8146292826,629,Personal,Travel,Yes
LP003032,Female,Yes,0,Not Graduate,No,1329035.987856353,0.0,37965681.140858345,387.6520547454137,1.0,Rural,N,21,Employed,13,204368.21183279064,442523.5771136315,691,Education,Study Abroad,Yes
LP003033,Male,Yes,2,Graduate,No,666690.8743256208,697296.7846818885,33331246.432098385,372.3195825322084,0.0,Urban,Y,27,Employed,0,339265.47987109225,177030.50979496923,738,Personal,Vehicle Purchase,No
LP003034,Male,Yes,0,Graduate,No,1497019.4166986223,465748.83898931294,53000000.0,396.5081720211314,1.0,Semiurban,N,40,Employed,8,179367.90357239134,105510.9372783617,570,Auto,Wedding,No
LP003035,Male,Yes,2,Graduate,No,892986.2837620017,290370.3243919351,35515883.65563079,271.3399274271752,1.0,Urban,Y,53,Employed,1,76594.84890057541,238717.15773910514,601,Personal,Wedding,No
LP003036,Male,Yes,0,Graduate,No,1037282.3928010294,582538.8313454296,53000000.0,336.05925757786014,,Rural,Y,39,Employed,1,285455.2237090195,252666.27719504526,631,Auto,Debt Consolidation,No
LP003037,Male,Yes,0,Graduate,Yes,,454659.02785538736,23446011.108956605,407.69817999949595,1.0,Semiurban,Y,52,Employed,13,129193.70641269238,239910.2341137795,705,Auto,Wedding,No
LP003038,Female,No,0,Graduate,No,1251131.340765424,277701.8640621117,19417717.694382932,440.54362456221907,1.0,Semiurban,Y,31,Employed,8,156400.0724886819,358235.0447399294,682,Personal,Vehicle Repair,No
LP003039,Female,No,0,Graduate,nan,1211582.2395077965,1083592.355475518,23948995.764744658,307.7537051912009,1.0,Semiurban,N,44,Self-Employed,9,117585.98649326563,319109.1929859983,671,Personal,Home Improvement,No
LP003040,Female,No,0,Not Graduate,No,,0.0,47041144.90453467,,1.0,Semiurban,Y,49,Employed,5,90952.64365557588,310757.3883574373,572,Personal,Home Purchase,Yes
LP003041,Female,Yes,2,Graduate,No,1049817.524400404,0.0,52710862.98693535,341.0701491150777,1.0,Rural,Y,52,Employed,23,127925.75352139788,153627.12945604548,743,Home,Vehicle Repair,No
LP003042,Male,Yes,3+,Not Graduate,No,1200684.0254185179,0.0,27328052.550473664,265.25912705738824,1.0,Urban,Y,38,Employed,12,302722.9271523544,7188.493886741257,620,Home,Home Purchase,Yes
LP003043,Male,Yes,0,Not Graduate,No,512049.61341645755,0.0,30544186.792404428,322.65641161455926,1.0,Semiurban,Y,44,Employed,0,69879.86007022968,385904.3536297306,641,Auto,Vehicle Repair,No
LP003044,Female,Yes,2,Not Graduate,No,968325.7468433105,488768.9165326844,23460037.987875007,245.18843927641169,1.0,Semiurban,Y,26,Employed,17,262122.37552948325,259114.15062664266,682,Home,Wedding,Yes
LP003045,Male,No,0,Graduate,No,1393432.1695164233,782413.9813521442,17033448.61881613,329.870703440731,1.0,Semiurban,Y,42,Employed,9,1500.26,328738.0048259273,842,Home,Home Improvement,Yes
LP003046,Male,Yes,2,Graduate,No,560873.9280773287,,42333964.0677663,277.6288673929223,0.0,Rural,N,55,Employed,22,309952.9039477933,334320.3969769342,607,Home,Vehicle Purchase,No
LP003047,Female,Yes,0,Not Graduate,No,1777883.0557971199,96783.13887493551,37380050.119621634,350.10488688892985,1.0,Semiurban,Y,40,Employed,12,319382.12961766904,5883.43,603,Personal,Vehicle Purchase,No
LP003048,Female,No,0,Graduate,No,1834398.8612999213,203455.7836156185,35254726.916738756,321.3161667818063,1.0,Rural,N,35,Employed,7,73727.85850499374,591278.1631324796,631,Personal,Medical Expenses,No
LP003049,Male,No,0,Graduate,No,577016.9420199572,228521.12068979864,21149281.718366206,320.36109521310266,1.0,Urban,Y,52,Employed,8,172970.49107461737,133955.44794036355,769,Business,Tuition Fees,No
LP003050,Male,Yes,0,Not Graduate,No,1878402.0465250695,0.0,51549413.90828661,433.11528918417355,,Semiurban,N,65,Employed,9,223812.89272963643,521764.84404423466,678,Education,Home Purchase,Yes
LP003051,Male,Yes,0,Not Graduate,No,,209295.67902065915,30116279.70950527,344.15855013121916,1.0,Rural,N,65,Employed,16,111496.56893495619,331907.18067050906,699,Personal,Vehicle Purchase,Yes
LP003052,Male,Yes,0,Graduate,No,1408849.5095785274,0.0,40486111.33816476,452.60334312525265,0.0,Urban,Y,46,Employed,6,335312.95543865976,31261.758393625496,737,Home,Study Abroad,No
LP003053,Male,Yes,0,Graduate,No,951266.7039358766,194556.31530907587,20604233.03755276,366.6922919929407,1.0,Urban,Y,52,Employed,22,167811.24883091098,105448.21584314323,766,Education,Home Renovation,No
LP003054,Male,Yes,3+,Graduate,Yes,1661114.6436133808,0.0,33244595.19379963,388.84317159556497,,Rural,N,61,Employed,15,119055.10335348366,109151.38690747562,604,Home,Travel,No
LP003055,Male,Yes,0,Not Graduate,No,1402639.2394243334,199328.6936417142,38063591.652385846,287.73865789573466,1.0,Semiurban,Y,46,Employed,14,172960.20000023814,120653.93117468317,712,Personal,Study Abroad,No
LP003056,Male,Yes,0,Not Graduate,No,792515.6017011981,0.0,38420599.27053308,298.28928142413224,1.0,Semiurban,N,48,Self-Employed,13,99605.6710044722,5883.43,768,Personal,Vehicle Repair,Yes
LP003057,Male,Yes,0,Graduate,No,616991.2300173558,244883.55657717824,36696332.522366256,340.94583275554646,1.0,Rural,Y,40,Employed,12,167749.84821502742,87283.54674363168,683,Home,Wedding,No
LP003058,Male,Yes,0,Graduate,No,469441.0123953887,,40095072.01048773,412.694514203199,1.0,Semiurban,Y,65,Employed,2,125386.5392828657,440452.29819949134,591,Business,Home Improvement,No
LP003059,Male,Yes,0,Not Graduate,No,1293563.1182163781,397305.74770934565,23844642.529670395,318.13275873076407,1.0,Semiurban,Y,51,Employed,14,95753.4726231601,460927.05024316907,573,Auto,Home Improvement,No
LP003060,Female,Yes,0,Graduate,No,1485827.9358898678,983996.9312428902,37123573.1443966,254.02286252625734,1.0,Semiurban,N,40,Employed,27,237638.22664268245,111724.35865827542,705,Personal,Home Improvement,No
LP003061,Male,No,0,Graduate,Yes,1525075.0693897207,176083.80076256042,36287423.92480278,363.78942151282604,1.0,Semiurban,Y,37,Employed,18,13547.79774615314,5883.43,561,Personal,Home Improvement,Yes
LP003062,Male,No,0,Not Graduate,No,1140601.682696311,861839.662505565,37466573.931950614,343.7486986168054,1.0,Rural,N,23,Employed,16,324517.3189847418,373159.61696194654,592,Auto,Business Expansion,No
LP003063,Male,Yes,0,Graduate,No,621094.002167818,,35873299.26319182,306.8493953597693,1.0,Semiurban,N,26,Self-Employed,0,186601.2453367398,31228.315522297402,621,Education,Working Capital,Yes
LP003064,Female,Yes,0,Graduate,No,858554.8309881084,620252.0838247675,22417719.350866027,317.52617278217247,1.0,Urban,Y,35,Employed,21,332109.0895676497,46837.2271368542,690,Auto,Working Capital,Yes
LP003065,Male,Yes,0,Graduate,No,1775766.5494809628,414061.8086274521,21971849.568910267,287.64557974628553,1.0,Urban,Y,54,Employed,19,252446.91224373766,190409.1467187271,717,Auto,Study Abroad,No
LP003066,Male,No,0,Graduate,No,957277.9476999593,718673.7489251518,13007165.23115449,395.34440507576636,1.0,Urban,N,47,Employed,21,44956.20529187996,171682.15637823855,601,Personal,Tuition Fees,No
LP003067,Male,No,0,Not Graduate,No,1271301.045340738,644978.82221812,43325192.18845298,341.3094458194796,1.0,Semiurban,Y,30,Employed,5,172231.22190606486,89025.14865045002,548,Education,Vehicle Purchase,Yes
LP003068,Male,Yes,1,Graduate,No,661766.9882125562,1129490.3956652808,43426422.18735199,354.3386433934947,1.0,Rural,N,33,Employed,9,4298.847482542042,107096.5756035882,738,Auto,Wedding,Yes
LP003069,Male,No,0,nan,Yes,1367883.7527295174,984279.9116569057,43585350.002221204,304.12441046755316,1.0,Semiurban,Y,46,Employed,0,84543.78272628676,146587.9890951297,726,Personal,Medical Expenses,Yes
LP003070,Male,Yes,0,Graduate,No,970749.9491604611,992699.3372973416,38217746.714614525,420.08363497747644,1.0,Rural,Y,62,Employed,0,153553.53946681265,104178.38724051966,707,Auto,Study Abroad,No
LP003071,Male,Yes,0,Graduate,No,1722948.5868878819,459438.46029326686,13818654.912818894,353.15780121668206,1.0,Rural,N,31,Employed,7,102407.5748982989,116758.54629067419,699,Personal,Home Improvement,Yes
LP003072,Male,No,3+,Graduate,No,1586371.0831034067,667478.9328847388,24882742.17214734,211.4418570418057,1.0,Urban,Y,48,Employed,16,122984.61889444,185829.9389359412,629,Personal,Home Renovation,No
LP003073,Female,No,0,Graduate,No,951739.2567125501,654388.6742791771,36854001.26593112,367.5088956884261,1.0,Urban,Y,38,Self-Employed,9,105828.48718777814,317647.3928912601,649,Personal,Debt Consolidation,Yes
LP003074,Male,No,0,Graduate,No,1136260.2163261683,0.0,36505027.117917955,324.05075849984144,,Urban,Y,39,Employed,7,366482.18451507005,296786.47606813785,672,Personal,Wedding,Yes
LP003075,Male,No,0,Graduate,No,924034.1099796856,1176861.5028977185,32922364.958479792,330.07329471417154,1.0,Urban,Y,30,Employed,15,176563.1709397044,138541.8193947033,589,Personal,Home Renovation,No
LP003076,Female,Yes,0,Graduate,No,489875.6317274951,0.0,38839019.11908247,399.53145712557733,1.0,Rural,Y,50,Employed,0,221977.97331021918,183637.26325514534,699,Home,Debt Consolidation,Yes
LP003077,Male,No,0,Graduate,No,770871.0152263916,927150.950338926,35266364.16685246,345.22429706886953,1.0,Rural,N,38,Employed,8,161205.14193857802,515845.74668518,675,Home,Vehicle Repair,No
LP003078,Male,Yes,0,Not Graduate,No,1298700.89386041,615517.5578003956,36357551.74551362,442.6505394986606,1.0,Semiurban,Y,39,Self-Employed,15,196230.7333251512,444302.684015251,653,Home,Wedding,Yes
LP003079,Male,No,1,Graduate,Yes,1362221.979114791,229618.53056155617,28759193.761679843,346.2455882890625,1.0,Urban,Y,54,Employed,9,1500.26,356619.5471051091,747,Personal,Vehicle Repair,No
LP003080,Male,Yes,0,Graduate,No,1273866.1817963193,702453.4011783758,44969956.95121591,311.91297934244733,1.0,Rural,Y,55,Employed,22,316229.8952690531,5883.43,656,Personal,Home Purchase,Yes
LP003081,Female,No,2,Graduate,Yes,1048725.703020682,721618.8183606137,30842131.003196165,231.1127231425374,,Rural,Y,35,Employed,7,100904.06588198847,268386.0359706657,724,Auto,Vehicle Repair,No
LP003082,Female,Yes,nan,Graduate,nan,1666125.5328604926,0.0,21843356.25979374,296.83780312288866,,Urban,Y,47,Employed,7,268988.40914055886,111881.46095020184,558,Home,Home Improvement,Yes
LP003083,Male,No,0,Graduate,No,1231363.1822804688,1419908.6874570542,27439856.961812716,320.5752927418504,0.0,Urban,N,53,Self-Employed,4,272488.5960028245,55673.667576739885,740,Personal,Vehicle Purchase,No
LP003084,Male,Yes,0,Graduate,No,1551219.1440479737,479116.9276961666,31665185.176380202,427.8872903403542,1.0,Semiurban,N,41,Employed,6,4016.9802157915256,175038.26276002702,719,Education,Study Abroad,No
LP003085,Male,No,0,Graduate,No,312704.66389874066,2048932.9031786441,45089874.97368847,312.27674015722545,1.0,Rural,Y,51,Employed,14,170913.63566745314,456390.9423537933,850,Auto,Vehicle Repair,No
LP003086,Male,Yes,0,Not Graduate,No,50325.0,981460.0100456944,34727167.10565207,438.43071961844527,1.0,Semiurban,Y,40,Employed,19,202346.19215988557,424631.46833106095,809,Education,Travel,Yes
LP003087,Male,Yes,0,Not Graduate,No,1341486.24391904,,33288364.900343515,,,Urban,Y,40,Self-Employed,29,175748.26844829303,123073.09813478473,749,Home,Home Purchase,No
LP003088,Male,Yes,1,Graduate,No,487209.40313925524,0.0,22663212.84237373,293.5619184028317,1.0,Semiurban,Y,33,Employed,17,165781.60369234928,263899.9945823313,616,Personal,Wedding,No
LP003089,Male,Yes,2,Graduate,Yes,1093366.378643472,351032.61396509,43004672.988295764,407.5286192409879,1.0,Semiurban,Y,62,Employed,3,126643.55826294405,162663.92332890898,585,Auto,Working Capital,No
LP003090,Male,No,0,Not Graduate,No,1048543.7094876971,533501.8000078655,28630325.549766146,304.2026787395678,1.0,Urban,Y,38,Employed,22,101620.43664736563,198962.62645309107,599,Personal,Travel,Yes
LP003091,Male,Yes,0,Graduate,No,1993292.5312077685,1454421.3980294045,34149568.500586644,405.8637187416257,1.0,Rural,Y,35,Employed,16,261089.84114126477,446487.1083770399,711,Home,Medical Expenses,No
LP003092,Female,No,1,Not Graduate,No,1399590.5064718032,1287282.1740173704,49951677.85881865,290.3319089746346,,Semiurban,Y,32,Employed,12,201664.54297912234,234344.9305384671,781,Personal,Debt Consolidation,No
LP003093,Male,Yes,3+,Not Graduate,nan,1282521.7433993365,744662.2277324625,40237480.40049305,296.3445905104496,1.0,Urban,Y,44,Employed,21,182545.16930080322,5883.43,556,Education,Tuition Fees,No
LP003094,Male,Yes,1,Not Graduate,No,1618087.807316837,,18867306.61284826,378.4209360374181,1.0,Semiurban,N,32,Employed,31,21765.655108288804,274713.85497240647,589,Personal,Home Renovation,No
LP003095,Male,No,0,Graduate,nan,1383841.0234195194,0.0,17454744.726475284,291.17191907904805,1.0,Semiurban,Y,35,Employed,11,142764.48540667078,610249.6924052448,668,Education,Debt Consolidation,No
LP003096,Male,No,2,Graduate,No,970753.7335057835,752571.4605698155,34506742.588807546,323.44573926489284,0.0,Urban,Y,52,Employed,5,160842.2748699864,106976.18204923361,563,Education,Vehicle Repair,No
LP003097,Male,Yes,0,Graduate,No,1735330.19512728,1307576.6329643042,23022440.941251956,363.596717541369,1.0,Urban,Y,48,Employed,23,241536.46274860518,556684.4444348466,627,Home,Study Abroad,Yes
LP003098,Male,Yes,0,Graduate,No,644717.1660558629,811826.7299908854,41635314.56632998,324.7536562505588,0.0,Semiurban,Y,29,Employed,33,8946.431599862583,370468.89410142944,777,Auto,Home Purchase,Yes
LP003099,Male,No,0,Not Graduate,No,1361215.823766781,0.0,35572477.739649795,306.155295841013,1.0,Semiurban,N,51,Employed,13,67243.80125669147,482227.998464596,730,Auto,Home Renovation,No
LP003100,Male,Yes,0,Graduate,No,425807.3329318444,1401230.4834624557,36803694.780238636,267.47632564124024,0.0,Semiurban,Y,44,Self-Employed,12,327752.0341764588,422064.3408738711,739,Education,Medical Expenses,No
LP003101,Male,No,2,Graduate,No,1301564.1587579974,961564.2843614041,28082415.273576472,426.869716477101,1.0,Semiurban,Y,56,Employed,13,94101.75307792834,282534.87588630756,576,Home,Home Purchase,Yes
LP003102,Male,No,0,Not Graduate,No,1296087.0508864648,668728.6621494221,52563683.64286706,438.0767345089165,1.0,Rural,Y,59,Employed,16,1500.26,124327.03438213361,508,Auto,Vehicle Repair,No
LP003103,Male,No,0,Not Graduate,No,2037819.7109573314,490470.88380925055,53000000.0,359.6701397723255,1.0,Rural,N,26,Employed,1,103030.80043729545,282110.79640787316,626,Home,Wedding,Yes
LP003104,Female,Yes,0,Not Graduate,No,417105.2832791103,1824211.7377041283,32363999.852432854,325.9829710632164,1.0,Semiurban,Y,52,Employed,15,94422.83004042551,293612.32019619184,455,Business,Travel,No
LP003105,Male,No,0,Not Graduate,Yes,899148.6420730937,739782.5706130662,38680239.57415001,329.27969445833196,1.0,Urban,Y,61,Employed,14,224467.65546140622,441287.8527091943,705,Home,Equipment Purchase,No
LP003106,Male,Yes,0,Graduate,No,1610933.4432870718,259276.5288839853,36124020.52064313,389.841574488172,0.0,Rural,Y,46,Employed,14,223361.95524665355,5883.43,732,Home,Vehicle Repair,No
LP003107,Male,Yes,0,Graduate,No,,0.0,32552978.455589317,401.8169215386364,1.0,Semiurban,Y,51,Employed,13,78623.65709574401,5883.43,594,Auto,Medical Expenses,Yes
LP003108,Male,Yes,2,Not Graduate,No,1289744.7556687514,,26829142.412672035,307.5008287088591,1.0,Rural,Y,46,Self-Employed,13,131763.159581716,294236.5947472832,717,Education,Home Purchase,No
LP003109,Male,Yes,0,Graduate,No,721524.3785207304,1118983.666692921,24300167.21519523,404.38649042399413,1.0,Rural,Y,54,Employed,0,214190.55835532368,313522.02821810736,717,Home,Home Improvement,No
LP003110,Male,No,0,Graduate,No,904183.0559542854,468181.1781385828,23793874.43474476,376.8153390489619,1.0,Semiurban,Y,48,Employed,6,217206.5196737664,73530.80831842902,564,Personal,Study Abroad,No
LP003111,Male,No,0,Graduate,No,1822112.7341116283,38175.354107746156,39202247.34549146,403.343424506117,0.0,Semiurban,N,21,Employed,19,72752.95681574567,318431.51275268104,629,Home,Home Renovation,Yes
LP003112,Male,No,3+,Graduate,No,1173837.633123036,1359659.908748435,29953102.30796365,243.8033832955378,1.0,Rural,Y,42,Employed,21,82698.74375039051,382647.07198112656,623,Business,Vehicle Purchase,Yes
LP003113,Male,Yes,2,Not Graduate,No,1387272.0780722366,0.0,,314.7577917910615,,Urban,Y,41,Employed,9,356336.1309354154,208034.14995297586,749,Auto,Equipment Purchase,No
LP003114,Male,Yes,2,Graduate,No,1141998.0656117606,1807232.056932386,39598429.295983225,329.5359149861154,,Semiurban,Y,51,Employed,4,142491.70313413203,532887.0726013023,731,Education,Home Renovation,No
LP003115,Male,Yes,0,Graduate,No,608049.4723751174,0.0,34767234.26535845,311.7727782152911,1.0,Semiurban,N,56,Employed,18,300276.58065650077,570264.8144062761,716,Personal,Study Abroad,Yes
LP003116,Male,No,0,Graduate,No,1666497.4430374983,0.0,48616577.10401146,454.9493796482444,1.0,Urban,Y,41,Employed,14,186441.20934346417,271332.8857185947,614,Home,Travel,No
LP003117,Male,Yes,0,Graduate,No,1451208.4222662481,0.0,38881071.0609101,315.31794177298804,0.0,Urban,N,30,Self-Employed,11,264418.4643497354,415150.4119399125,788,Auto,Study Abroad,No
LP003118,Male,No,2,Graduate,No,2352410.6486835945,0.0,20363111.12689703,368.0135452140957,1.0,Rural,Y,47,Employed,19,222141.96329952657,5883.43,681,Education,Debt Consolidation,No
LP003119,Female,Yes,3+,Graduate,No,,263003.01717420656,12853080.682700194,349.08039494345525,1.0,Rural,Y,35,Employed,3,181255.81625013752,461650.193802902,709,Personal,Vehicle Repair,Yes
LP003120,Male,Yes,0,Not Graduate,No,1610878.6906002401,,27955123.24662063,322.49636814248555,1.0,Semiurban,Y,37,Employed,21,180190.79112808374,540173.164527314,821,Education,Working Capital,No
LP003121,Male,No,1,Graduate,nan,543820.2469814994,1145868.1673815008,28898772.883063477,297.39158634364026,1.0,Urban,Y,65,Employed,0,54202.77920022965,43895.27052328555,724,Home,Debt Consolidation,Yes
LP003122,Male,Yes,2,Graduate,No,1278265.513836539,1046072.6607026362,,463.26091193207384,0.0,Urban,N,36,Employed,5,150865.46567039783,370320.4013826032,654,Personal,Vehicle Purchase,No
LP003123,Male,No,0,Graduate,No,1687845.5245315824,272162.5486890171,35061137.76710427,326.59766030306946,1.0,Urban,N,26,Employed,4,118882.29967865854,5883.43,620,Personal,Home Renovation,No
LP003124,Male,No,1,Graduate,No,163524.67195175646,2600989.3740354087,46486732.07098509,392.44507494529915,1.0,Semiurban,Y,50,Self-Employed,7,136361.142885476,89621.35764915991,509,Personal,Study Abroad,Yes
LP003125,Male,Yes,0,Graduate,No,1097125.992879196,262887.54325050494,21901516.532973655,339.3311000229527,0.0,Rural,Y,51,Self-Employed,15,132605.2429314396,142911.72932835334,524,Home,Debt Consolidation,No
LP003126,Female,Yes,0,Not Graduate,No,917987.3629786898,356158.8414559946,44802490.93380448,312.386700305011,1.0,Rural,N,53,Employed,18,180482.14815801554,5883.43,742,Personal,Study Abroad,No
LP003127,Male,Yes,0,Graduate,No,848613.580852439,0.0,42359738.6243092,346.40749464730595,1.0,Urban,Y,53,Employed,11,223282.04248759043,199377.86823385156,487,Personal,Home Purchase,Yes
LP003128,Male,No,0,Not Graduate,No,1392198.556129677,372242.0627625206,14967505.97568804,358.39682299857947,1.0,Urban,Y,45,Employed,2,153488.97986838405,186183.60444225435,756,Education,Home Improvement,Yes
LP003129,Male,Yes,0,Graduate,No,1759935.0832112976,636800.7739737697,48376025.502607726,311.7348569137971,1.0,Semiurban,Y,45,Employed,0,251805.51232413403,370331.30134334555,737,Personal,Study Abroad,Yes
LP003130,Male,No,0,Graduate,No,1132952.8723854222,0.0,36084432.00766353,294.0327629101005,1.0,Urban,Y,54,Employed,19,128475.82437610289,5883.43,587,Personal,Medical Expenses,Yes
LP003131,Male,No,0,Graduate,No,1302335.44378001,79536.29263321345,39070292.12868506,368.4804405402649,1.0,Urban,Y,61,Employed,18,173668.9140416877,371644.480959557,681,Home,Debt Consolidation,Yes
LP003132,Female,No,0,Not Graduate,No,1256746.606529624,657527.800982929,26500885.965715777,346.8920358981856,1.0,Urban,Y,29,Employed,21,392969.57558971934,89142.30253424417,717,Home,Wedding,No
LP003133,Male,Yes,0,Graduate,No,1200493.9831782072,61235.45462946093,47902317.21921973,300.786531180771,1.0,Rural,Y,37,Employed,11,57740.945505609925,5883.43,673,Auto,Home Improvement,No
LP003134,Female,No,0,Graduate,No,654920.9111439468,0.0,23291323.797611304,283.6038793145557,1.0,Urban,Y,50,Employed,17,127940.99219285166,207697.58202731845,776,Home,Home Improvement,Yes
LP003135,Female,No,0,Graduate,No,1753814.5308614464,,43470767.273739465,360.8667300829527,,Semiurban,Y,46,Employed,7,2571.076225747558,397524.55184501834,539,Auto,Study Abroad,No
LP003136,Male,Yes,0,Graduate,No,1347189.914079418,0.0,43355921.84908672,224.82516011052047,1.0,Rural,Y,24,Employed,16,186426.47457970819,150134.0064367471,710,Auto,Home Renovation,No
LP003137,Male,Yes,2,Graduate,No,1397032.9750012888,0.0,25408172.808277782,324.2740102823644,0.0,Semiurban,N,37,Employed,8,167354.58240103905,349757.1159074524,610,Personal,Home Improvement,No
LP003138,Male,No,2,Graduate,No,796337.4154872089,552785.8284089956,53000000.0,348.01529941304045,,Semiurban,Y,47,Employed,6,177180.9789097128,302757.2101276735,508,Personal,Home Renovation,No
LP003139,Male,Yes,1,Graduate,No,969982.0310053797,1020931.7739181984,,444.1703429744396,1.0,Semiurban,Y,43,Employed,14,83826.22976108197,873908.9962849261,560,Home,Debt Consolidation,Yes
LP003140,Male,No,2,Graduate,No,1111525.1311446107,642487.066358634,41688773.19271024,340.53886959059474,0.0,Urban,N,39,Employed,14,97312.92772589791,184458.80801998492,618,Home,Vehicle Purchase,No
LP003141,Male,Yes,0,Graduate,No,432529.8832755742,271899.21125065256,19878639.13664245,321.8385185512828,1.0,Rural,N,65,Employed,19,170731.39418167627,213677.82087806464,667,Auto,Working Capital,No
LP003142,Male,Yes,2,Not Graduate,No,355575.06740116095,214848.25655713532,53000000.0,356.9836510795325,0.0,Urban,Y,43,Employed,2,39613.60498509563,468560.43950338475,584,Home,Vehicle Purchase,Yes
LP003143,Male,No,0,Not Graduate,No,899218.2646807161,1135929.6079785756,22904277.687749106,296.91755465855636,1.0,Rural,Y,46,Employed,19,245201.99289155545,236633.6701074657,619,Home,Wedding,No
LP003144,Female,Yes,0,Not Graduate,No,1460852.613221195,1029921.2930794777,45398711.417659305,326.77382580410335,1.0,Urban,N,45,Employed,13,40686.58761170495,297173.20371614816,629,Personal,Home Purchase,No
LP003145,Male,Yes,1,Graduate,No,873023.5350350295,463514.76629003393,25202129.91068305,341.66812168706684,1.0,Semiurban,N,46,Employed,21,152280.22654179946,5883.43,586,Personal,Medical Expenses,No
LP003146,Female,Yes,0,Graduate,No,690189.6312046433,234287.2006044374,28959959.061523177,377.68074147201537,1.0,Rural,N,44,Employed,21,126644.94845952433,222592.77807554966,614,Home,Working Capital,Yes
LP003147,Male,Yes,1,Graduate,No,792249.4033811649,453310.8248517125,43037387.528854474,,1.0,Semiurban,N,21,Employed,0,120861.89241710113,105956.43285424943,716,Home,Wedding,Yes
LP003148,Male,Yes,1,Graduate,No,971921.0184273437,0.0,45425374.22675157,339.56657014581936,1.0,Semiurban,Y,32,Employed,20,21350.833145411976,151074.3990839976,813,Home,Vehicle Purchase,Yes
LP003149,Male,Yes,1,Graduate,No,1022662.748589948,323497.3340235698,22437004.598858982,232.44906871846786,1.0,Urban,Y,40,Employed,21,161888.6038540107,298283.6717811531,684,Personal,Wedding,Yes
LP003150,Male,No,3+,Graduate,No,2282352.9561032783,85944.61960660428,46054568.78056994,370.9108311503589,1.0,Semiurban,Y,52,Self-Employed,2,57141.303588128765,235994.10400874694,677,Auto,Home Improvement,No
LP003151,Female,Yes,0,Graduate,No,1726902.5442436591,,45599652.04133195,326.0835993275887,1.0,Semiurban,Y,40,Employed,0,178483.51510201674,401408.4035827384,658,Education,Vehicle Repair,Yes
LP003152,Male,No,0,Graduate,Yes,1711979.286140864,111041.30123736878,25770313.001551077,452.9690106385906,1.0,Urban,Y,34,Employed,18,97512.55730118332,437772.69196125807,630,Personal,Home Improvement,Yes
LP003153,Female,Yes,0,Not Graduate,No,1783882.4121366907,795386.6017565997,51136323.02591111,360.99012106394844,1.0,Urban,Y,54,Employed,13,161341.8807355112,211535.78386333107,717,Home,Working Capital,No
LP003154,Male,No,0,Graduate,nan,700181.7953329752,1001504.0698946049,20581270.807519622,287.89050555762213,1.0,Urban,Y,58,Employed,7,2844.9462848592375,306872.0209849841,753,Business,Tuition Fees,No
LP003155,Male,Yes,0,Graduate,No,588409.9225063804,162819.21584971814,28902121.26222385,274.28884826732866,0.0,Rural,N,26,Self-Employed,24,247971.25772785957,5883.43,560,Personal,Wedding,Yes
LP003156,Male,No,2,Graduate,No,646157.0842329717,0.0,39939873.33091989,379.61199587423573,,Urban,Y,44,Employed,15,264536.9112697145,309892.00283082074,758,Auto,Medical Expenses,Yes
LP003157,Female,Yes,2,Graduate,No,1866845.2966689188,926755.503928921,26614184.24297394,447.6958800274253,1.0,Rural,Y,21,Employed,0,116178.71873279792,457578.411284485,811,Personal,Home Improvement,Yes
LP003158,nan,Yes,0,Graduate,No,925996.3355587545,557951.4589519089,37788037.946793415,429.31982542958445,1.0,Semiurban,Y,40,Employed,4,417993.154039726,65025.59525717591,574,Auto,Business Expansion,Yes
LP003159,Male,Yes,0,Not Graduate,No,573914.1388803566,171905.03503808437,37560607.87803295,267.1485251481234,1.0,Urban,Y,64,Employed,20,234330.6270038017,398077.8449959001,748,Personal,Equipment Purchase,No
LP003160,Male,Yes,0,Not Graduate,No,984094.1298900935,1391506.6293542448,33279104.390772797,352.1076101793701,1.0,Rural,N,44,Employed,12,142626.50519374834,156581.20227745202,812,Business,Wedding,Yes
LP003161,Female,Yes,0,Graduate,No,1080289.4641426862,33096.307673454576,43473852.4759056,407.53121554126295,1.0,Urban,Y,28,Employed,6,121680.65562965264,131638.76508502086,729,Auto,Home Purchase,No
LP003162,Male,Yes,1,Not Graduate,nan,1333798.866847281,0.0,32866239.163423613,259.4404172675515,0.0,Rural,N,28,Employed,16,95545.98193449325,531813.4920165462,649,Auto,Vehicle Repair,No
LP003163,Female,No,0,nan,No,1325067.7403560216,0.0,37465257.77813806,402.15203438584723,1.0,Semiurban,Y,33,Employed,7,112699.75017740135,240397.06471044724,735,Auto,Vehicle Purchase,Yes
LP003164,Female,Yes,0,Not Graduate,No,785501.948063246,1561485.223823919,46614565.86487903,297.7427232470247,1.0,Semiurban,Y,36,Employed,2,155977.97364641033,420339.07922612765,592,Home,Vehicle Purchase,No
LP003165,Male,Yes,0,Not Graduate,No,1542420.4262568555,,43056709.190258406,326.98162385423876,1.0,Urban,Y,22,Employed,20,161927.89825097108,5883.43,637,Home,Medical Expenses,Yes
LP003166,Male,No,2,Graduate,No,879995.463124921,67812.78599482967,43010019.99814209,356.5079442619865,1.0,Urban,Y,47,Employed,21,39503.38933770571,125008.5858655557,599,Education,Medical Expenses,No
LP003167,Male,No,2,Graduate,No,1121454.0616474785,447242.4748774945,23658051.0678322,404.0089322011517,1.0,Rural,N,49,Employed,16,287793.20102551254,389295.2906200288,544,Business,Vehicle Purchase,No
LP003168,Male,Yes,0,Graduate,No,1542979.2652516775,1136364.4515250311,40397772.84501322,431.8244097709454,1.0,Semiurban,Y,39,Employed,0,236675.64966038126,271857.82165153127,668,Home,Home Purchase,No
LP003169,Female,Yes,0,Graduate,No,878681.5280278292,370590.29649798915,26364859.180304956,320.5340035261213,1.0,Rural,N,65,Employed,27,332117.769138389,210202.60021834666,692,Business,Wedding,No
LP003170,Male,Yes,0,nan,No,914916.5182094312,842563.5973360483,22335697.292219743,311.1316152520442,0.0,Rural,Y,39,Employed,27,198976.36514636182,367771.4684568438,724,Home,Home Improvement,No
LP003171,Female,No,0,Graduate,No,1495426.2548465654,296133.9283442341,34432783.62715032,307.13629787694913,1.0,Semiurban,N,57,Employed,22,260071.3217036663,80704.8696529785,403,Home,Wedding,No
LP003172,Male,No,2,Not Graduate,nan,770725.6416974902,848068.1098024561,26106895.223484106,386.6850547697822,0.0,Semiurban,Y,28,Employed,15,53345.52969138486,490424.1135064929,681,Home,Debt Consolidation,Yes
LP003173,Female,Yes,0,Not Graduate,No,1007196.2181979646,554804.2457310581,43056024.27839977,399.64334779811264,1.0,Rural,N,47,Employed,13,220068.24266621147,204459.88200185433,672,Personal,Vehicle Repair,No
LP003174,Male,No,0,Not Graduate,nan,1477463.3190214462,150026.04757754435,43295201.68695325,393.57483015608005,1.0,Rural,Y,48,Employed,16,4616.734183939698,83828.09562729282,567,Personal,Wedding,No
LP003175,Male,No,0,nan,No,2226638.4507179875,609284.6736209354,16123584.725685585,356.097359193633,1.0,Urban,Y,36,Self-Employed,3,78421.04779873078,96962.9667096349,625,Personal,Home Improvement,No
LP003176,Female,Yes,nan,Graduate,No,1502294.4823813732,48863.35459968634,26866821.694231104,362.01682173377463,1.0,Semiurban,Y,45,Employed,8,391455.71015872224,230665.95276687277,733,Home,Debt Consolidation,Yes
LP003177,Male,No,0,Graduate,No,1435912.111495006,,20551980.370820016,326.0878709632129,1.0,Urban,N,35,Employed,7,134376.17184615255,161680.5380060299,674,Home,Home Improvement,No
LP003178,Male,Yes,2,Graduate,No,1464993.0218363646,414698.83430350287,30523554.324071098,331.6837154745739,1.0,Urban,Y,40,Employed,17,164143.93663935823,352207.80809020007,663,Home,Debt Consolidation,Yes
LP003179,Female,Yes,0,Graduate,No,,0.0,39701603.78868825,391.14841242868124,1.0,Semiurban,Y,40,Employed,14,229040.90794971236,237702.01967719058,745,Business,Home Purchase,Yes
LP003180,Female,Yes,0,Graduate,No,1257390.599339954,846820.9648702214,32726966.10821612,355.7675167189079,1.0,Rural,N,28,Employed,4,162375.32851994762,175779.51053450117,850,Personal,Home Renovation,No
LP003181,Male,Yes,0,Graduate,No,1184708.9858317992,,29252254.68332865,311.52003612838547,1.0,Semiurban,Y,49,Employed,0,73937.34372070142,317654.63107866875,643,Home,Debt Consolidation,No
LP003182,Male,Yes,0,Not Graduate,No,1360384.5001863781,1424924.6538966836,48151612.358131394,405.8695966876507,1.0,Semiurban,Y,50,Employed,15,76159.52531260713,141067.63961215282,687,Personal,Medical Expenses,Yes
LP003183,Male,No,3+,Graduate,No,1257846.2562379355,197454.31228302725,12101275.364037119,303.4398661286897,1.0,Urban,Y,39,Employed,4,237998.81199432636,345242.72335663217,585,Personal,Vehicle Purchase,Yes
LP003184,Male,Yes,0,Graduate,No,1389442.0687085562,414601.2522095331,47518566.02518225,348.65186692403336,,Semiurban,Y,46,Employed,2,192710.5409247073,312254.493913782,850,Auto,Travel,Yes
LP003185,Male,Yes,0,Graduate,No,1043858.6325503992,0.0,29706964.158445146,265.50872622308157,1.0,Semiurban,N,33,Employed,29,241140.46885500106,304024.49210871087,616,Home,Wedding,No
LP003186,Male,Yes,0,Graduate,No,1228896.6886858963,0.0,34368756.98887211,283.16194410405717,1.0,Urban,N,30,Employed,31,218730.5872459136,175386.36661284795,502,Auto,Home Improvement,No
LP003187,Male,No,0,Graduate,No,585677.9469715039,0.0,29876213.712798916,341.05632251752024,1.0,Semiurban,Y,39,Employed,8,171307.71103086285,121054.09176211913,721,Personal,Home Improvement,No
LP003188,Female,Yes,0,Not Graduate,No,1039638.5909985431,1182865.957802315,50578728.14539119,298.13540677354024,1.0,Semiurban,N,51,Employed,0,167053.96787706297,408717.4243165663,520,Home,Tuition Fees,No
LP003189,Female,Yes,0,Graduate,nan,1895009.0040883217,106932.26950411667,22840062.121947408,326.1609604582215,1.0,Semiurban,Y,42,Employed,22,174574.76371531392,369786.7920581859,781,Personal,Home Improvement,No
LP003190,Male,Yes,2,Not Graduate,No,1358996.399814128,1357576.1159753832,35267210.78721936,412.7061988592143,,Rural,Y,38,Employed,15,133135.97842744063,45378.7885423445,718,Personal,Home Improvement,No
LP003191,Male,Yes,0,Graduate,No,1189131.7113084616,0.0,40424233.60859997,332.4246184966538,1.0,Urban,Y,47,Employed,18,134180.34167554468,160410.37700632887,572,Personal,Vehicle Repair,No
LP003192,Male,No,0,Not Graduate,No,2147653.8681271733,1512272.3689808755,19039819.41114833,393.9009540494296,0.0,Urban,Y,33,Employed,7,211045.62876069016,514917.99079237523,725,Personal,Business Expansion,Yes
LP003193,Male,No,1,Graduate,No,519174.74084946036,381004.2665065851,25950865.385538466,293.0672491886338,1.0,Urban,Y,30,Employed,4,295529.46227741655,443777.43266308185,635,Personal,Home Renovation,Yes
LP003194,Male,Yes,0,Graduate,No,644864.45227689,666513.4622757317,33668061.75501771,372.8442600387657,1.0,Rural,N,39,Employed,10,15042.707076803956,12971.705646568094,703,Personal,Wedding,No
LP003195,Female,No,3+,Graduate,No,,0.0,26283196.743156254,279.8985563257022,1.0,Semiurban,N,34,Employed,13,380740.88905868446,249353.71288430877,549,Business,Study Abroad,Yes
LP003196,Male,No,0,Not Graduate,No,1222572.6980244669,797723.2331861289,26993929.377808504,,1.0,Urban,Y,30,Employed,6,228202.69582309018,330776.85008358007,544,Personal,Medical Expenses,No
LP003197,Male,No,1,Graduate,No,1078300.711855103,166880.3877613525,31651220.45923563,375.27964056206014,1.0,Rural,Y,53,Employed,22,205061.68266935405,445703.19078663224,693,Personal,Study Abroad,Yes
LP003198,Male,Yes,0,Graduate,No,599990.0674521783,0.0,41645660.40646174,340.6754337433231,1.0,Urban,N,65,Employed,0,75118.26448873508,272400.3190137988,834,Personal,Study Abroad,No
LP003199,Male,Yes,1,nan,No,1423440.363197506,0.0,31722669.321218558,396.4480433621445,1.0,Semiurban,N,26,Employed,15,101794.95648541357,343748.05004016863,607,Home,Debt Consolidation,No
LP003200,Male,Yes,3+,Not Graduate,No,1471822.1647637312,0.0,45934109.034729466,379.9608541238309,,Urban,N,39,Employed,13,220882.0329665565,433244.66673635686,600,Personal,Home Purchase,Yes
LP003201,Male,No,0,Graduate,Yes,652345.0495825518,694788.0070577807,25172269.263406456,321.4056910396752,1.0,Semiurban,Y,45,Employed,22,188443.77834351163,460114.7590407078,634,Education,Wedding,No
LP003202,Male,Yes,3+,Graduate,No,1129454.4372247858,0.0,22630624.48526548,417.7269023686581,0.0,Urban,N,24,Employed,4,49591.47729350999,210822.2591982508,546,Business,Wedding,Yes
LP003203,Male,Yes,0,Graduate,No,1031834.313983467,0.0,53000000.0,366.0883042478075,1.0,Rural,Y,41,Employed,18,88277.4860629687,256087.68549342087,715,Personal,Wedding,No
LP003204,Male,Yes,0,Graduate,No,1327580.8032093856,,28570265.81334489,325.2886466234934,1.0,Semiurban,Y,42,Employed,16,99293.01088236124,95365.47382324006,746,Home,Home Purchase,No
LP003205,Female,No,0,Graduate,No,639967.108889678,0.0,22040727.019278407,348.6559708176244,,Rural,Y,49,Employed,14,91598.38810620052,192350.1009689157,708,Personal,Wedding,No
LP003206,Male,Yes,0,Not Graduate,nan,1825565.9572565786,1358970.7578958669,17729307.6722817,,0.0,Semiurban,Y,35,Employed,5,190297.72683009782,165493.44626775177,649,Auto,Vehicle Purchase,No
LP003207,Male,No,0,Not Graduate,No,1657504.120798802,1819107.6933912765,45900881.6280894,352.00553958479225,0.0,Rural,Y,37,Employed,6,73705.73364556515,209252.10943413406,573,Home,Home Purchase,No
LP003208,Male,No,0,Graduate,Yes,1018004.450633592,0.0,31736801.94339941,331.4044405033358,1.0,Urban,Y,54,Employed,10,235973.8162306293,228126.68797737532,850,Personal,Debt Consolidation,Yes
LP003209,nan,Yes,0,Graduate,No,1091382.8741808145,1165335.7321298302,32612749.739336018,362.2616629783192,1.0,Semiurban,Y,48,Employed,8,32186.261618851568,409648.2459454426,588,Personal,Vehicle Purchase,Yes
LP003210,Male,No,2,Graduate,No,1131381.154861192,672988.891683853,33557829.97413361,387.2991822107343,1.0,Semiurban,N,51,Employed,22,253723.10740984778,316840.4929050786,585,Auto,Wedding,Yes
LP003211,Male,Yes,1,nan,No,810437.9534967483,78593.21641550394,45279275.93669782,365.443835290519,1.0,Rural,Y,24,Employed,13,441239.78439761896,5883.43,503,Home,Vehicle Repair,Yes
LP003212,Female,No,0,Not Graduate,No,977877.5208824822,111259.59555911354,33354548.7502408,363.40170797164535,1.0,Semiurban,Y,36,Employed,18,235953.97071775602,357054.43154582253,537,Personal,Medical Expenses,No
LP003213,Female,Yes,0,Graduate,nan,1064457.0461626954,886755.1090370752,53000000.0,333.8692564373761,0.0,Semiurban,Y,60,Employed,0,116912.24572045813,137219.68548066512,696,Auto,Vehicle Purchase,Yes
LP003214,nan,No,0,Not Graduate,No,2006026.415353564,400654.731677579,36487452.830542296,286.74506270624994,0.0,Semiurban,N,42,Employed,0,120845.2665263087,29095.650277866283,626,Home,Business Expansion,No
LP003215,Male,No,0,Not Graduate,No,1672901.3841652183,0.0,45767694.75958321,272.14933391207586,1.0,Urban,Y,42,Employed,11,64749.895159824446,18523.508400643885,587,Education,Home Purchase,Yes
LP003216,Male,No,0,Graduate,No,1666919.5836683118,1879730.3721024662,43202245.66904407,297.4554198015268,1.0,Urban,Y,42,Employed,2,262921.0290935495,280931.5440538773,593,Personal,Vehicle Repair,No
LP003217,Male,No,0,Graduate,No,1384555.036502195,731842.220189363,34785373.887419626,314.82976203953586,0.0,Semiurban,Y,61,Employed,12,180538.10219094984,459160.04137748026,619,Auto,Vehicle Repair,Yes
LP003218,Female,Yes,0,Graduate,No,640928.7255343826,392212.7434280683,29280137.22979537,440.2174833828771,1.0,Semiurban,N,35,Employed,5,3018.3725869461196,204813.91826214967,605,Auto,Medical Expenses,Yes
LP003219,Male,No,3+,Graduate,No,1178846.6777113103,0.0,38469486.37566554,415.0096927284001,1.0,Semiurban,N,51,Employed,15,35058.29744356393,434429.34086556605,791,Personal,Travel,Yes
LP003220,Male,No,0,Graduate,No,1684836.45980669,296347.9374334982,40250834.402072735,304.3110259253834,1.0,Semiurban,Y,46,Employed,6,7724.162846874329,264110.61435306416,631,Auto,Debt Consolidation,Yes
LP003221,Female,Yes,0,Graduate,No,570459.915316356,1317051.3711958337,29423986.60873473,366.89213697374583,1.0,Urban,Y,28,Employed,17,234485.41204792535,5883.43,678,Home,Debt Consolidation,Yes
LP003222,Male,Yes,0,Not Graduate,Yes,1517868.833436632,611753.194182341,36813235.74950656,335.85266751576756,,Urban,N,40,Employed,5,75701.78840059487,369405.6808732161,670,Business,Study Abroad,Yes
LP003223,Male,No,0,Graduate,No,2360896.842631383,691382.5271136034,47511896.872595966,354.06944587690464,1.0,Semiurban,Y,34,Unemployed,0,240914.69922867045,138540.94542501675,673,Personal,Wedding,No
LP003224,Male,No,0,Graduate,No,1730500.552994866,0.0,53000000.0,306.9927615958403,1.0,Semiurban,Y,29,Employed,19,115627.93170573632,84868.41777746213,631,Auto,Vehicle Repair,No
LP003225,Male,No,2,Graduate,No,1906606.7977809936,,43693540.29349422,474.41558982781277,1.0,Urban,Y,56,Employed,6,237190.8723628022,370554.1313125295,622,Home,Working Capital,No
LP003226,Male,Yes,0,Graduate,No,1308761.6052210804,464356.3447203436,53000000.0,451.7799834032453,0.0,Rural,Y,30,Employed,23,142703.64099814603,273747.9048867245,723,Business,Home Purchase,No
LP003227,Male,No,0,Graduate,No,1683558.2043824948,916216.7304202791,28856104.97793545,322.35294907721357,0.0,Rural,Y,52,Employed,7,251351.84450114908,233522.35882612792,685,Personal,Vehicle Repair,No
LP003228,Male,Yes,nan,Graduate,No,840665.6228229823,137548.943084942,42168669.61059295,304.1302590566542,1.0,Rural,Y,34,Employed,5,94572.57390054088,266386.4025820843,596,Business,Home Purchase,No
LP003229,Male,No,1,Graduate,No,1597524.136170613,1078128.4258326495,48535042.17581272,395.4383580052958,1.0,Semiurban,Y,58,Employed,10,99751.36780666067,77557.66812625577,407,Education,Vehicle Purchase,No
LP003230,Male,Yes,2,Graduate,nan,1526786.2970303816,0.0,26186513.760280043,267.3298488751353,1.0,Semiurban,N,39,Self-Employed,8,124886.20599123609,600968.1042819358,610,Personal,Home Renovation,Yes
LP003231,Male,No,0,Graduate,No,1344547.8170188314,477295.7161608732,30293945.96954991,390.66687548616244,1.0,Semiurban,Y,47,Employed,13,240904.4826075026,281490.9195591567,542,Education,Medical Expenses,Yes
LP003232,Female,No,0,Graduate,No,1857595.9398592492,360289.8747710822,52528894.708352506,347.43795870751234,1.0,Semiurban,N,37,Employed,15,68465.90258038796,278703.9099746633,582,Business,Study Abroad,No
LP003233,Male,Yes,0,Graduate,No,930199.8110763057,0.0,25398858.532130606,253.86416044021183,1.0,Urban,Y,21,Employed,17,113972.97308408176,229566.43198344344,546,Personal,Business Expansion,No
LP003234,Male,No,0,Graduate,No,1106063.4717631687,395224.5803268724,21738546.763442896,330.8037692232852,1.0,Rural,Y,25,Employed,11,143371.56037086766,5883.43,769,Home,Tuition Fees,No
LP003235,Female,Yes,0,Graduate,No,1247323.2506791484,20797.125603703724,50429662.82639512,300.56476020031806,1.0,Rural,Y,22,Employed,0,201782.08685649603,112062.81809172643,768,Home,Tuition Fees,No
LP003236,Male,No,0,Not Graduate,nan,684786.7444552997,1418262.599245049,47117479.33980439,349.61681468125937,1.0,Rural,N,46,Employed,26,130206.85584500141,5883.43,733,Personal,Home Improvement,Yes
LP003237,Female,No,0,Graduate,Yes,1313058.2019001239,141441.06485523906,39471049.5298377,343.3603775271408,0.0,Semiurban,N,43,Employed,9,217852.98528113766,5883.43,635,Personal,Vehicle Repair,No
LP003238,Male,Yes,0,Graduate,Yes,340127.02352307655,674229.6642149002,34692739.54354173,,1.0,Urban,Y,50,Employed,9,98562.55527731503,5883.43,605,Personal,Medical Expenses,No
LP003239,Female,No,3+,Not Graduate,nan,1723069.4972141045,0.0,30764602.033950184,319.86139023174724,1.0,Semiurban,N,36,Employed,11,254877.09520356875,119934.22469163963,530,Personal,Home Purchase,Yes
LP003240,Male,No,1,Graduate,No,1222910.9132829828,594218.5153892566,37969335.82809052,374.3932189509832,,Semiurban,Y,21,Employed,10,233952.3828257749,251072.65989911294,747,Home,Working Capital,Yes
LP003241,Female,Yes,2,Graduate,No,939145.7780481183,138087.87397331535,50947916.6640155,384.7244903171306,1.0,Urban,N,58,Employed,0,114308.73242357004,5883.43,743,Personal,Debt Consolidation,No
LP003242,Male,Yes,0,Not Graduate,No,782405.4238524393,0.0,37535508.35142076,318.12651712242985,1.0,Semiurban,N,54,Employed,17,230719.6703588719,386944.62687574537,709,Education,Tuition Fees,Yes
LP003243,nan,No,1,Not Graduate,No,1082302.7151904062,2412344.8523562094,53000000.0,367.37623857295625,1.0,Urban,N,47,Employed,6,67623.08298702852,306467.7596252261,565,Auto,Study Abroad,No
LP003244,Male,No,0,Not Graduate,No,1543722.0853862069,181205.96987509148,26170427.2335977,355.8928120566767,1.0,Semiurban,Y,56,Employed,9,180424.99082165502,200634.16523691482,634,Personal,Equipment Purchase,No
LP003245,Male,No,1,Graduate,No,1473461.7193687803,280256.03947324207,34953039.54671731,336.7513765746387,1.0,Urban,Y,42,Employed,26,94794.87273739393,679394.5690203826,654,Auto,Working Capital,No
LP003246,Female,No,0,Graduate,No,846823.2563607695,1060015.7069250962,31419260.41336085,367.74275236272337,1.0,Rural,Y,46,Employed,20,194064.50742886245,198856.25849780982,506,Auto,Wedding,No
LP003247,Male,Yes,1,Graduate,No,776572.3936861828,0.0,24298431.658376675,284.39773427225896,0.0,Semiurban,Y,36,Employed,25,150582.6419621377,406618.0115607168,793,Business,Vehicle Purchase,No
LP003248,Male,No,0,Graduate,No,1528041.5831598237,710910.8841876087,33619009.759903446,339.96822404951916,1.0,Rural,Y,32,Employed,7,97547.33557146374,288869.0962349359,543,Personal,Debt Consolidation,No
LP003249,Male,Yes,1,Graduate,No,838418.5276924853,785844.5787109262,39323140.1066044,243.67364581055602,1.0,Semiurban,Y,26,Employed,18,24431.767379055585,534723.4104960947,595,Personal,Wedding,Yes
LP003250,Male,Yes,3+,Graduate,No,1229547.1170397517,599910.5885231949,40392148.8895203,336.662481648984,1.0,Urban,Y,35,Employed,15,146411.90785982474,463892.8874682555,505,Business,Travel,Yes
LP003251,Male,Yes,0,Not Graduate,No,1261469.5512621384,2036057.8111505513,53000000.0,425.4115842811117,1.0,Rural,Y,65,Employed,12,273239.7792483138,186975.66678716853,646,Business,Study Abroad,No
LP003252,Male,Yes,0,Graduate,No,1355623.2958633692,0.0,39794521.7872356,320.7384669464842,1.0,Urban,Y,27,Employed,6,191446.97942190172,194239.74084073497,642,Auto,Working Capital,No
LP003253,Female,Yes,3+,Graduate,No,1628727.4450909358,1504940.711101785,,419.41240769501246,1.0,Rural,Y,33,Employed,21,25121.476386387105,5883.43,753,Auto,Travel,Yes
LP003254,Male,Yes,0,Graduate,No,568110.7615663386,759118.5716978962,35810789.552989766,321.6947158707452,1.0,Semiurban,N,45,Employed,8,144844.19594801043,270166.8800960008,579,Personal,Vehicle Purchase,No
LP003255,Male,No,1,Graduate,No,244012.56736975617,1065235.0192329548,51930403.094525956,274.8267339750263,1.0,Urban,Y,65,Self-Employed,13,272825.9277691423,377904.0754911155,567,Home,Debt Consolidation,Yes
LP003256,Female,Yes,0,Graduate,No,915868.5893858242,667484.350178399,53000000.0,379.83366988094497,1.0,Urban,Y,32,Employed,19,137980.44438845167,234601.5344367972,672,Personal,Vehicle Purchase,Yes
LP003257,Female,Yes,0,Graduate,No,2100356.433916093,1743414.4362209307,,367.7460425192553,1.0,Rural,N,36,Employed,4,78303.83081702575,527097.142267552,478,Personal,Vehicle Repair,No
LP003258,Male,Yes,0,Graduate,No,2210679.280043689,204565.74370950993,25223256.935484193,479.05047605418997,,Semiurban,Y,51,Employed,3,323123.46852107334,275998.2478262959,785,Education,Home Improvement,No
LP003259,Male,Yes,0,Graduate,No,2115180.7977829436,776674.4569103578,29661796.86222832,281.15225700801466,1.0,Rural,Y,50,Employed,32,68603.65447869054,496458.1125276776,546,Personal,Vehicle Purchase,No
LP003260,Male,Yes,2,Not Graduate,No,1103101.5461196552,1342451.3483994736,37969190.12205163,361.29484264151876,1.0,Urban,Y,36,Employed,5,145503.13774682046,214347.54320065255,828,Home,Vehicle Repair,No
LP003261,Male,Yes,0,Not Graduate,No,308534.6890075855,37430.40205011924,39714827.44250646,363.4325950739616,0.0,Semiurban,Y,34,Employed,25,110511.049415059,15068.452562916122,593,Business,Debt Consolidation,No
LP003262,Male,Yes,0,Graduate,No,50325.0,1128925.964107684,42134098.433843724,403.4010821115279,1.0,Urban,N,48,Employed,12,224623.02050272402,121977.89300729735,536,Personal,Travel,Yes
LP003263,Male,No,0,Graduate,No,892573.1492252944,415573.5110839626,39751823.90230042,371.69793599378795,1.0,Semiurban,Y,40,Employed,9,209195.5465752207,240536.22881367177,717,Business,Medical Expenses,No
LP003264,Male,No,0,Not Graduate,No,1100555.4149253198,0.0,35219696.25255939,322.6253473462848,1.0,Urban,Y,46,Employed,9,85286.19823409682,97066.68225055074,712,Business,Medical Expenses,No
LP003265,Male,Yes,1,Not Graduate,No,1849904.9305279795,0.0,28787862.677978717,275.64566758771247,1.0,Rural,Y,41,Employed,12,102896.16585435337,5883.43,714,Home,Medical Expenses,No
LP003266,Female,Yes,3+,Graduate,No,1633494.959771223,365046.4066372302,39161229.7026423,360.7073735485358,1.0,Urban,Y,47,Employed,23,178366.69536242794,5883.43,674,Personal,Business Expansion,No
LP003267,nan,No,0,Not Graduate,No,1313294.7694958104,1122239.8751230433,53000000.0,362.37523909102146,,Urban,N,48,Employed,18,185507.98158282792,449757.4528450275,850,Personal,Wedding,No
LP003268,Male,Yes,1,Graduate,No,754669.8445294292,0.0,45349133.14427755,377.79496133779037,1.0,Urban,Y,22,Employed,10,145274.0803694055,324042.49819441064,543,Home,Home Improvement,No
LP003269,Male,Yes,2,Not Graduate,No,719202.4508775548,568935.3173901925,40496886.58636198,322.5439692087337,0.0,Semiurban,Y,38,Employed,0,138203.80689153948,302107.6316770603,787,Personal,Home Renovation,No
LP003270,Male,Yes,0,nan,No,1326656.0735357178,1053284.2844194355,45445516.32822751,356.59909362164984,1.0,Semiurban,Y,47,Employed,12,55290.30778569238,280647.3168558291,520,Personal,Home Improvement,Yes
LP003271,Female,Yes,3+,Graduate,No,1548117.7194198633,0.0,31439206.80099148,247.2609224852295,1.0,Urban,Y,52,Employed,13,332389.4956895128,137488.93623367473,813,Business,Tuition Fees,No
LP003272,Male,Yes,0,Not Graduate,No,1395532.8611227924,0.0,30067195.6291668,278.1552251617746,1.0,Semiurban,Y,40,Employed,22,223321.84358395467,405842.66861328244,696,Personal,Vehicle Repair,Yes
LP003273,Male,Yes,0,Graduate,No,682293.2501966725,829277.1491043549,27671996.046340182,396.0417708346842,0.0,Semiurban,N,23,Self-Employed,0,166397.37950558588,5883.43,805,Auto,Medical Expenses,No
LP003274,Female,Yes,1,Not Graduate,No,1524926.044396043,1022596.8531393914,33896980.862305626,350.7001316843313,0.0,Urban,N,57,Employed,8,253724.3298616653,5883.43,745,Personal,Vehicle Purchase,No
LP003275,Female,Yes,0,Graduate,No,1412547.7135507057,1551489.0455393249,30929788.122909203,368.4592058781349,1.0,Semiurban,N,53,Employed,8,147505.48641864827,206646.0289726455,469,Auto,Travel,No
LP003276,Female,No,1,Not Graduate,No,664259.0269049108,18181.729089957953,47232594.4965214,304.0088955342504,1.0,Semiurban,N,44,Employed,12,92567.8231881185,272915.5635784043,634,Business,Wedding,Yes
LP003277,Male,No,1,Graduate,nan,807431.7448498721,0.0,30396612.913178116,296.3828339986545,1.0,Urban,Y,38,Self-Employed,13,197005.05746172197,70153.09496981406,552,Personal,Debt Consolidation,No
LP003278,Male,No,0,Graduate,No,1543840.2172807832,1585500.1152773611,27122629.92775084,314.49692426811356,1.0,Semiurban,Y,50,Employed,16,178376.78582578682,5883.43,799,Personal,Home Improvement,No
LP003279,Male,No,1,Graduate,No,,0.0,53000000.0,354.17106568222613,1.0,Rural,N,38,Unemployed,0,317229.9778575705,365108.96862413274,737,Auto,Home Improvement,No
LP003280,Female,No,0,Not Graduate,No,1994165.8808182287,783720.1453204469,30636094.77918657,381.0650473385633,0.0,Rural,N,53,Employed,13,99530.05170101424,164690.18937853235,678,Auto,Vehicle Purchase,No
LP003281,Female,Yes,0,Not Graduate,No,1450156.8680322883,1956800.689502486,36685131.66250351,324.9633967070738,1.0,Urban,N,63,Employed,14,79214.11067472427,385793.6229587456,628,Auto,Home Purchase,No
LP003282,Male,Yes,2,Not Graduate,No,956276.6359053655,955516.3755243295,39663075.33743412,240.33505419113024,1.0,Semiurban,Y,38,Employed,13,354977.9200322798,508116.91204335133,703,Personal,Travel,Yes
LP003283,Male,Yes,3+,Not Graduate,No,1194489.4298045337,976909.4418557107,23782915.900791854,363.9722563510584,1.0,Rural,Y,52,Employed,11,272473.563596452,5883.43,579,Personal,Debt Consolidation,No
LP003284,Male,No,0,Graduate,No,1231283.926318859,1323266.5633357994,,355.9331293072773,1.0,Rural,N,36,Employed,0,223169.0523234064,289639.5547342358,690,Business,Medical Expenses,Yes
LP003285,Female,No,0,Graduate,Yes,835397.073379145,796027.5945197158,41521037.49411228,368.6603786933854,1.0,Rural,N,55,Employed,17,104345.30817743504,296894.549471716,654,Business,Home Purchase,No
LP003286,nan,Yes,2,Graduate,No,743298.1309111867,980269.5711220722,50733687.20880782,391.2998873349858,1.0,Semiurban,N,41,Employed,4,203461.23696523462,395861.06813341996,591,Home,Home Improvement,Yes
LP003287,Male,No,2,Graduate,No,1550287.1769047496,,28357627.717819,386.5635094359576,0.0,Urban,Y,59,Employed,17,49715.570394005874,140293.40935192403,727,Education,Vehicle Repair,Yes
LP003288,Male,Yes,2,Graduate,Yes,1622228.8785210478,1240594.0167889872,36141105.014761604,421.55885366837055,1.0,Rural,Y,40,Employed,22,119659.84778658592,258142.06868428865,834,Home,Vehicle Repair,No
LP003289,Male,No,0,Graduate,No,1501482.9647764792,718057.4211156934,35543404.63994196,341.61506380287267,1.0,Urban,Y,33,Employed,0,61154.52767664488,393709.48571580654,536,Home,Travel,Yes
LP003290,Female,Yes,0,Graduate,Yes,1957251.277161901,0.0,37788732.033500224,,1.0,Urban,N,40,Employed,17,98092.53996511847,334526.10616723594,750,Personal,Tuition Fees,Yes
LP003291,Female,Yes,0,Graduate,No,928705.611994199,598681.0286455711,20603699.604228392,402.3604504463297,1.0,Urban,Y,41,Employed,2,58642.70666647059,558765.4363664289,592,Home,Home Purchase,No
LP003292,Female,Yes,1,Graduate,No,2036727.6130355652,0.0,36258210.87692223,394.4113633205333,1.0,Urban,Y,46,Employed,12,228497.50975415687,73285.33609463397,717,Home,Vehicle Purchase,No
LP003293,Male,Yes,0,Graduate,No,749131.6707229236,928359.3659612035,20885207.975762554,325.9388983815289,1.0,Semiurban,N,40,Employed,11,326734.1146981487,288380.8211528029,609,Personal,Medical Expenses,Yes
LP003294,Male,Yes,0,Not Graduate,No,693249.4483157536,265134.20949653274,38733187.801969215,406.26314943264333,1.0,Urban,Y,46,Employed,18,253733.19329386606,229719.29962067626,638,Home,Working Capital,No
LP003295,Male,Yes,3+,Not Graduate,Yes,319612.78892537486,1762507.1570006127,13863355.844814807,344.38170839866564,0.0,Semiurban,N,46,Employed,17,233289.4960612986,205672.75524514675,647,Auto,Vehicle Purchase,No
LP003296,Male,No,0,Not Graduate,No,976694.5730865914,771362.1752831065,16633978.74709414,416.4893810193557,1.0,Urban,Y,39,Employed,14,135609.35314984716,364603.67992008966,787,Auto,Equipment Purchase,Yes
LP003297,Female,Yes,nan,Graduate,No,947731.0615852731,1075547.4037167542,43335334.254399985,443.66290859657295,1.0,Semiurban,N,47,Employed,0,183162.6742531356,270104.84455851646,656,Auto,Business Expansion,No
LP003298,Female,Yes,2,Graduate,No,1462560.8701273252,0.0,29681462.53805218,480.0,,Urban,Y,37,Employed,0,69364.81741363647,33785.873612581636,634,Business,Vehicle Purchase,Yes
LP003299,nan,No,1,Not Graduate,No,1321537.7008102254,907822.5975250931,25271266.353677593,343.64424354341855,1.0,Semiurban,N,65,Employed,19,48940.163374107346,437517.44505151734,657,Personal,Tuition Fees,Yes
LP003300,nan,No,0,Graduate,No,603105.5444904316,0.0,47858303.300755486,424.835851303249,0.0,Urban,N,47,Employed,18,35106.30080562478,365027.8330745302,835,Home,Vehicle Repair,Yes
LP003301,Male,Yes,0,Graduate,No,1003229.1107870912,,38426109.263284154,391.1407773896235,1.0,Rural,Y,50,Employed,4,56053.84067011294,541914.1172557604,715,Auto,Study Abroad,No
LP003302,Female,Yes,2,Graduate,No,1013861.2194561573,0.0,43870749.04533784,396.7276968891399,1.0,Semiurban,Y,41,Employed,15,227712.09656575855,392399.849152821,610,Home,Medical Expenses,No
LP003303,Female,Yes,1,Graduate,No,311601.1065190537,505485.436999853,33487426.3667917,365.37591212685396,0.0,Semiurban,Y,35,Employed,10,237575.1863244318,204271.47830193385,800,Personal,Medical Expenses,No
LP003304,Female,Yes,2,Graduate,No,709118.8664933152,0.0,53000000.0,396.9762735900593,0.0,Semiurban,Y,53,Employed,21,84728.68671507412,205802.57372592489,681,Personal,Travel,No
LP003305,Male,No,0,Graduate,No,814185.4146929553,516687.25743970554,29104708.484402053,257.46494418423066,1.0,Rural,N,47,Employed,13,192289.33025635203,454136.0962339842,587,Education,Home Renovation,No
LP003306,Male,Yes,2,Graduate,No,1916404.739910473,1844361.1242004067,52594802.58359888,338.17948507883835,1.0,Urban,Y,21,Employed,19,268642.3044482211,93553.5323862985,700,Home,Vehicle Purchase,No
LP003307,Male,Yes,2,Graduate,No,1295317.5879786762,933507.946179569,34536186.689000875,300.7011060264519,1.0,Urban,Y,65,Employed,7,152194.3112465394,65998.47518215334,651,Education,Travel,No
LP003308,Female,No,2,Graduate,No,1530676.6069737498,405780.3386634503,18604743.140872546,295.683004863999,0.0,Semiurban,Y,51,Employed,14,98963.81970316994,291051.09116752195,403,Home,Debt Consolidation,No
LP003309,Male,Yes,2,Not Graduate,No,450274.48142539395,0.0,39978334.54748109,253.77987432774722,1.0,Urban,N,39,Employed,9,128374.051433753,5883.43,695,Auto,Vehicle Repair,Yes
LP003310,Male,Yes,1,Graduate,No,1796699.4715069958,53639.307299503416,38297472.70455164,308.3071364174007,0.0,Rural,N,50,Employed,7,294645.2807270787,316716.9993854746,568,Education,Vehicle Repair,Yes
LP003311,Male,Yes,0,Graduate,No,1850143.2615120462,760877.8420301417,24636628.947607704,329.4609695724666,1.0,Rural,Y,48,Self-Employed,0,159607.59970607897,340912.9470016983,550,Auto,Medical Expenses,Yes
LP003312,Male,No,0,Not Graduate,No,200419.746427687,71019.91707833123,25927654.318652853,350.9685585683951,1.0,Urban,Y,49,Employed,19,358081.2681473102,197697.16283696936,490,Home,Vehicle Repair,Yes
LP003313,Male,Yes,0,Graduate,No,,1427625.463574408,34902870.65915008,339.1642912948189,1.0,Semiurban,Y,34,Employed,26,105785.1449517571,528584.2533408899,676,Home,Debt Consolidation,No
LP003314,Male,No,0,Graduate,No,1447475.016507755,478697.00371542235,38647325.242479816,403.05032253294985,1.0,Semiurban,Y,44,Employed,1,120313.77695531867,472570.39185835933,651,Education,Debt Consolidation,Yes
LP003315,Male,Yes,0,Graduate,No,1521786.456769091,1183636.8712783114,10443214.261205994,286.1498527004051,,Semiurban,Y,47,Employed,18,39385.93327539321,91333.55792153892,750,Home,Vehicle Purchase,Yes
LP003316,Male,Yes,0,Graduate,No,860344.864756389,572050.8905839871,45681061.61523803,223.2905963370267,1.0,Semiurban,Y,57,Employed,17,262381.21130946424,378128.3097837791,593,Home,Medical Expenses,No
LP003317,Female,No,0,Graduate,No,1046842.4984731735,235432.78982527516,30204867.351850227,371.7970359234762,,Semiurban,Y,44,Employed,8,174347.37705545875,443884.23318898794,621,Personal,Business Expansion,No
LP003318,Male,No,0,Not Graduate,Yes,900901.6994774286,98691.73750072508,21832372.24601824,337.106297013223,1.0,Semiurban,Y,48,Self-Employed,6,84846.37285357583,263529.6662529476,843,Business,Debt Consolidation,No
LP003319,Female,Yes,0,Graduate,No,1254801.2534730597,0.0,44560512.60451931,335.8605475829571,1.0,Semiurban,Y,33,Employed,22,133589.82014616104,160613.63722875697,487,Personal,Business Expansion,No
LP003320,Male,No,1,Graduate,No,1798181.4957309563,1196249.5184234367,34913667.29581544,297.1429072762797,0.0,Rural,Y,44,Employed,21,209557.45259178476,25218.483262283902,774,Auto,Home Renovation,No
LP003321,Male,No,3+,Graduate,Yes,814071.1514293978,129011.93756205833,47311504.857822545,394.458222172865,1.0,Urban,Y,53,Employed,16,91452.56539929284,135330.38413105067,595,Home,Travel,No
LP003322,Female,Yes,0,Graduate,No,1700002.478884207,794228.0791316142,39529369.71979756,314.7661153111886,1.0,Rural,N,36,Employed,8,196670.25479185683,29674.27368122377,850,Home,Travel,Yes
LP003323,Male,Yes,3+,Graduate,No,808756.1938265562,60598.80171236757,35134702.060519546,286.8955993666267,1.0,Urban,N,39,Employed,21,246818.6335952121,429469.1580368271,730,Auto,Study Abroad,No
LP003324,Male,No,0,Graduate,No,775778.6237515579,0.0,33622547.64019844,440.3656631216152,0.0,Semiurban,Y,33,Employed,5,126846.9281760871,195947.8730811308,608,Personal,Vehicle Purchase,No
LP003325,Male,Yes,0,Graduate,No,,817218.8574378986,39976974.69556138,381.4044421325204,0.0,Rural,Y,28,Employed,23,1500.26,351306.2861956989,539,Home,Home Improvement,Yes
LP003326,Male,No,0,Graduate,Yes,1660560.4190038084,0.0,31014534.5019067,337.5005012562707,1.0,Semiurban,N,34,Employed,25,141526.95176473336,499036.30717522313,702,Auto,Home Purchase,No
LP003327,Male,No,0,Graduate,nan,1625297.198381327,148279.2185930038,26624121.20253501,193.4354766336509,0.0,Urban,N,50,Employed,22,120519.93036979952,289411.7090538476,493,Education,Travel,Yes
LP003328,Male,Yes,1,Graduate,No,,0.0,41248938.31654644,325.78452252696167,1.0,Semiurban,Y,41,Employed,15,53781.975658332216,482390.9028134886,727,Personal,Study Abroad,No
LP003329,Male,Yes,2,Not Graduate,No,966616.7409639746,83434.01389437192,33704968.675555706,338.61299878626045,1.0,Rural,Y,34,Employed,0,218675.39154849586,176864.10661548303,539,Education,Vehicle Purchase,Yes
LP003330,Male,No,0,Graduate,Yes,1611086.5260016606,445495.30780152633,35485523.570690066,427.7309201183266,0.0,Semiurban,Y,65,Employed,11,222175.8363002431,324267.1059480292,577,Auto,Home Purchase,No
LP003331,Male,Yes,0,Graduate,No,1220363.1502819473,227376.60391282898,46043645.45154608,234.9113480330821,1.0,Semiurban,Y,36,Employed,26,185504.75757250105,288057.31824019947,413,Education,Home Improvement,No
LP003332,Male,No,0,Graduate,No,662745.8069012678,1001378.9215217305,34011081.01264259,433.52540813107424,0.0,Rural,Y,50,Employed,20,126852.5445504099,106672.78709094255,676,Home,Vehicle Repair,No
LP003333,Male,Yes,0,Not Graduate,Yes,1428751.199562721,530484.8101458589,35300186.34541791,366.12598744666076,1.0,Semiurban,Y,47,Employed,16,178027.15372523258,185108.34884848358,690,Home,Vehicle Repair,Yes
LP003334,Male,No,0,Graduate,No,842188.6005042647,2589739.9577786406,29153351.975490686,267.45502850689945,1.0,Urban,Y,46,Self-Employed,7,107358.05680978892,530013.7657601743,667,Business,Travel,Yes
LP003335,Male,Yes,0,Graduate,No,2096854.654196106,725595.7013681971,39457246.42981851,395.2189501570882,1.0,Rural,Y,23,Employed,20,227493.9607127285,178001.82804004048,510,Education,Working Capital,No
LP003336,Female,No,1,Not Graduate,No,1972012.961209129,0.0,38648126.21680088,325.2776129783605,1.0,Rural,Y,57,Employed,0,126483.46270242054,5883.43,794,Home,Medical Expenses,Yes
LP003337,Male,Yes,3+,Not Graduate,Yes,1501640.9431777836,279602.59886254865,44157598.40790558,240.19734917435892,1.0,Rural,Y,47,Employed,11,143177.44109500723,177728.65815386752,650,Personal,Study Abroad,No
LP003338,Male,Yes,0,Graduate,No,1880095.5823848867,340246.58657528844,29358558.71993124,313.2448270362729,1.0,Rural,Y,53,Employed,26,150673.90899316935,96390.04007761864,618,Home,Vehicle Repair,Yes
LP003339,Female,Yes,1,Graduate,No,1231987.9050616906,0.0,30571677.394098148,355.2044217710238,1.0,Semiurban,Y,56,Employed,6,459916.0358626633,338160.4897974096,737,Home,Vehicle Purchase,Yes
LP003340,Male,No,0,Not Graduate,No,1582310.9771875078,479447.87396535324,43071221.081454694,343.6262318345658,1.0,Rural,Y,62,Employed,17,74096.47125434232,369934.69652236905,625,Personal,Vehicle Purchase,No
LP003341,Male,No,0,nan,No,1938452.3776510374,0.0,37671977.12362864,378.51868871267254,1.0,Urban,N,32,Employed,0,123526.84377684578,318601.71391142905,704,Personal,Vehicle Purchase,No
LP003342,Female,Yes,0,Not Graduate,No,1322341.5708971564,661594.1492602366,26087665.82807306,405.7558365304623,0.0,Urban,Y,35,Employed,7,21671.886774666782,165080.71589402136,595,Education,Vehicle Repair,Yes
LP003343,Female,Yes,2,Graduate,No,1071998.644242858,0.0,48215387.76734501,273.9959400771164,1.0,Semiurban,Y,37,Employed,14,188743.19210886603,258812.69665965825,738,Personal,Vehicle Repair,Yes
LP003344,Male,Yes,3+,Graduate,No,347281.2509114421,1229531.2202543404,18165341.405997496,338.65573777224125,1.0,Urban,N,34,Employed,15,321669.77227780264,183921.620171822,736,Auto,Home Purchase,Yes
LP003345,Female,No,0,Graduate,No,1158025.467139253,0.0,42992694.622637525,303.31254247041005,0.0,Rural,Y,58,Employed,29,145249.86210898473,5883.43,624,Personal,Home Renovation,Yes
LP003346,Male,No,0,Not Graduate,nan,1611303.8222811557,244131.40358842516,22497726.730018035,264.97419493231246,1.0,Rural,Y,32,Self-Employed,8,108065.20553621431,224555.53745179766,678,Personal,Vehicle Purchase,No
LP003347,Male,Yes,2,Graduate,No,1672408.9437838148,0.0,53000000.0,336.7996482542675,0.0,Urban,Y,39,Employed,17,160394.83735782377,774308.352293853,663,Personal,Wedding,Yes
LP003348,Male,Yes,0,Graduate,Yes,1451774.7628592048,642764.339733189,19703849.820943773,365.8099710314795,1.0,Semiurban,N,25,Employed,17,258990.72696223698,41125.78937540145,653,Personal,Wedding,No
LP003349,Female,Yes,1,Not Graduate,No,928942.6825188801,300351.5124852698,46672353.608727485,369.35062627268405,1.0,Semiurban,N,51,Employed,7,290197.2934146541,5883.43,558,Auto,Home Improvement,Yes
LP003350,Male,Yes,0,Graduate,No,211181.44552620477,604775.7559757476,34333503.489887565,316.19729300478673,0.0,Rural,N,42,Employed,20,71627.83492526566,531764.6061528015,570,Education,Debt Consolidation,No
LP003351,Male,Yes,0,Not Graduate,No,951984.6809976324,1206454.978017994,31483821.391612563,279.43785991603187,1.0,Urban,Y,53,Employed,17,225101.7334368729,336706.64429032174,630,Personal,Debt Consolidation,No
LP003352,Male,No,0,Graduate,No,1047419.7944730243,966651.096366873,37003813.654677615,301.23222196582617,1.0,Urban,Y,51,Employed,10,156720.04022211334,306564.0242331218,671,Home,Tuition Fees,No
LP003353,Male,Yes,2,Graduate,nan,1043127.7464049929,454035.42921909154,41468850.481578134,227.3000784698265,1.0,Semiurban,Y,25,Employed,14,295692.36729845573,175260.5913810628,585,Home,Study Abroad,No
LP003354,Male,No,0,Graduate,No,1508870.4084889623,750275.7266470632,26105842.06669131,268.55180009184596,1.0,Urban,Y,45,Employed,4,372435.22802066506,292226.51802989,666,Education,Debt Consolidation,No
LP003355,Male,Yes,2,Not Graduate,No,2192430.43550742,,26991969.83831428,273.75262220543993,1.0,Urban,Y,31,Employed,5,329718.7716159071,257329.44792500004,459,Auto,Vehicle Repair,Yes
LP003356,Male,Yes,0,Graduate,No,1261356.8309205465,991587.0962778723,41645895.74112886,390.62829883330784,0.0,Rural,Y,45,Employed,12,77104.01514858968,509129.2635537554,665,Home,Vehicle Repair,Yes
LP003357,Male,No,2,Graduate,No,1091226.3354217692,223143.73599894778,18076417.553504005,390.57421779741117,1.0,Urban,N,37,Employed,18,90131.4717444241,430366.34501176415,672,Auto,Home Renovation,No
LP003358,Male,No,1,Not Graduate,No,1069981.3234979538,1323125.3261730908,29307556.15807915,467.6788976884665,1.0,Semiurban,Y,63,Employed,9,318365.00342111016,367423.7590265828,738,Education,Home Improvement,Yes
LP003359,Male,No,1,Graduate,No,1261784.6134538571,702537.5145736103,53000000.0,354.3296099715873,0.0,Urban,Y,65,Employed,7,156509.78762797875,110432.14008600608,793,Personal,Debt Consolidation,Yes
LP003360,Male,Yes,0,Graduate,No,785445.3498258005,0.0,25469717.444107197,310.87683847703096,1.0,Semiurban,Y,41,Employed,10,96617.57790302542,292767.8561562194,726,Home,Home Renovation,No
LP003361,Male,Yes,0,Graduate,No,1259691.5093730276,302114.686872754,46627875.00759753,340.6283108658258,1.0,Rural,N,44,Employed,19,43224.86202695248,123893.08047804784,827,Business,Vehicle Repair,No
LP003362,Female,No,0,Graduate,No,1424998.3981658998,0.0,29290339.402861882,329.7563943717611,0.0,Semiurban,N,21,Employed,1,178438.9796655306,492669.4318071019,662,Auto,Wedding,Yes
LP003363,Male,Yes,2,Graduate,No,1304435.2617872441,0.0,40240298.537971444,302.0068423402197,0.0,Urban,Y,25,Self-Employed,19,128786.01062544697,103979.438373274,669,Home,Vehicle Repair,Yes
LP003364,Male,Yes,0,Graduate,No,1428363.1970023906,0.0,41693403.99596218,359.10534287458864,1.0,Semiurban,Y,48,Employed,16,200995.9833450119,220073.79341213562,737,Home,Medical Expenses,No
LP003365,Male,Yes,0,Graduate,No,1416466.0346742678,514427.038076331,46439414.44182948,351.51131341903454,1.0,Urban,Y,43,Employed,1,182982.72829994524,29623.86103982746,655,Personal,Vehicle Repair,Yes
LP003366,Male,Yes,0,Graduate,No,313643.8888767781,516476.5021375312,33147308.821872246,334.9551198636169,1.0,Urban,N,48,Unemployed,10,56461.55789038664,147348.9103632998,635,Home,Wedding,No
LP003367,Male,No,0,Graduate,No,1518027.3091977015,0.0,53000000.0,322.2526543422559,1.0,Rural,Y,35,Employed,17,92290.92300952048,145089.9848693281,788,Auto,Vehicle Repair,No
LP003368,Male,Yes,2,Graduate,No,864084.8071687731,0.0,29256481.444148198,377.82408805880726,1.0,Semiurban,Y,47,Employed,0,250883.0792203333,216432.08258834467,730,Home,Vehicle Purchase,No
LP003369,Male,Yes,0,Graduate,No,651672.6484980211,1458154.022024502,,,0.0,Semiurban,Y,21,Employed,4,258811.49016022315,67050.18431289811,724,Auto,Home Renovation,No
LP003370,Male,Yes,2,Graduate,Yes,647366.3160725019,495325.4734121639,37602616.41217608,315.72047635512587,,Semiurban,Y,37,Employed,0,132437.16372330772,490101.6684898161,587,Education,Debt Consolidation,Yes
LP003371,Male,Yes,0,Graduate,No,1416363.0352362646,1517618.6745413742,23930165.89050585,368.41496385808466,0.0,Urban,N,48,Self-Employed,7,181710.69185270506,209562.9366655068,750,Personal,Vehicle Purchase,Yes
LP003372,Male,Yes,0,Graduate,No,1088304.7663875734,1477634.0577849923,32291124.540208798,400.5987828436903,1.0,Semiurban,Y,62,Employed,20,72199.43780446354,140252.06546931528,672,Home,Travel,No
LP003373,Male,Yes,0,Graduate,Yes,358607.8380072946,942917.0573010967,36764982.08238408,395.11826792787826,0.0,Urban,Y,42,Employed,18,161034.8702622104,400913.27871240256,576,Home,Home Renovation,No
LP003374,Male,Yes,0,Not Graduate,No,1438611.1375961418,470020.79718425474,30828636.65870581,324.33482086965654,1.0,Rural,Y,50,Employed,8,265346.3420577834,679455.7279380308,727,Auto,Study Abroad,Yes
LP003375,Male,No,0,Graduate,No,479788.1646005863,150264.7200631923,53000000.0,264.04914808229927,1.0,Rural,Y,36,Employed,20,316013.7297292502,166128.74448473804,557,Personal,Medical Expenses,Yes
LP003376,Male,Yes,2,Not Graduate,nan,1269502.9092591053,931637.8562750261,26763610.354004696,322.5405621702434,1.0,Urban,N,48,Employed,17,154560.4235391479,197945.0931754546,448,Auto,Debt Consolidation,Yes
LP003377,Male,Yes,0,Not Graduate,No,1318841.692836527,,46944091.77140428,344.3203244481196,1.0,Urban,Y,38,Employed,22,137588.46498388288,99317.22007224322,502,Education,Home Renovation,Yes
LP003378,Male,No,1,Graduate,No,1642380.7708475224,15886.806207659363,43714445.221487865,273.0565984457142,0.0,Semiurban,N,65,Employed,11,36585.92378076575,379381.61711924325,642,Home,Home Purchase,No
LP003379,Female,No,0,Graduate,No,2090434.6232334257,0.0,35011225.74495729,321.42423651857877,1.0,Urban,N,40,Employed,16,112003.80184909713,438050.2511025325,803,Business,Wedding,Yes
LP003380,Male,Yes,0,Graduate,No,517254.0670497292,370446.5741083763,26497756.551477537,412.3359427397307,1.0,Rural,Y,41,Employed,35,159702.54461323118,237700.32460925932,693,Business,Working Capital,No
LP003381,Male,Yes,2,Not Graduate,No,1173355.3019684753,1196289.911247291,27467293.886082303,348.75875473736664,,Semiurban,Y,52,Employed,10,150171.78433836543,159302.49847780546,656,Personal,Vehicle Purchase,No
LP003382,Female,Yes,0,Graduate,No,1061424.5824778914,1310141.8959265356,29970174.097834907,307.474611208108,1.0,Urban,Y,49,Employed,12,114791.91077023957,353767.97431179794,783,Personal,Equipment Purchase,No
LP003383,Female,No,0,Graduate,No,1416467.0729804812,465915.3873954089,17292434.270537373,341.64033456771335,0.0,Rural,N,39,Employed,11,272703.8590900753,394909.9366125645,711,Business,Study Abroad,No
LP003384,Male,No,0,Graduate,No,1307426.6154668094,,25115192.8320071,344.9348069738028,1.0,Rural,Y,48,Employed,11,203127.3341806128,557784.4233737163,757,Business,Home Purchase,Yes
LP003385,Male,No,0,Not Graduate,Yes,1023319.10863169,1060540.9888631601,20325081.936363578,317.50894710106576,1.0,Semiurban,Y,32,Employed,17,150967.7639322593,130469.28569434946,752,Personal,Tuition Fees,Yes
LP003386,Female,Yes,1,Not Graduate,No,979141.1356945722,417864.4766472811,48608597.12177717,386.2527901099965,0.0,Urban,Y,46,Self-Employed,13,227396.3205725251,417443.066614853,637,Personal,Home Purchase,No
LP003387,Male,No,0,Graduate,Yes,641366.8024079762,172647.55569137406,41334471.01388219,230.20588397108241,1.0,Semiurban,N,49,Employed,1,163525.74678019105,268132.32713011326,644,Personal,Debt Consolidation,No
LP003388,Male,Yes,1,Graduate,Yes,1693523.0212032546,0.0,43009588.07865461,368.2156647862349,1.0,Semiurban,Y,39,Employed,12,305580.2909227649,5883.43,590,Business,Medical Expenses,No
LP003389,Male,Yes,1,Graduate,No,1429194.3207997647,1901253.3238620558,41038166.60541948,305.5211596827005,1.0,Rural,Y,39,Employed,8,94324.83943518635,551416.8564243619,740,Personal,Vehicle Purchase,No
LP003390,Male,Yes,0,Graduate,No,1658476.3288975686,945499.2043423761,36819523.32334164,402.6522704831983,1.0,Rural,Y,36,Employed,0,195405.70846990502,306471.9987254331,554,Home,Vehicle Repair,Yes
LP003391,Male,No,1,Not Graduate,No,1044394.1617622431,1020994.24600075,49756650.411291376,263.4314668449624,1.0,Rural,Y,28,Employed,21,1500.26,368336.7416845284,585,Education,Home Renovation,Yes
LP003392,Male,Yes,0,Graduate,nan,871174.4956527848,0.0,29042220.53268263,396.22456555273203,1.0,Semiurban,N,48,Employed,8,130612.07257947608,436239.43331254384,658,Personal,Vehicle Repair,Yes
LP003393,Male,No,3+,Graduate,No,660434.6966853861,484445.0572419486,36216543.643670455,292.5539240058737,1.0,Rural,Y,38,Employed,15,179537.08565563837,366187.1718092208,675,Auto,Vehicle Repair,Yes
LP003394,Male,Yes,0,Graduate,No,1379051.0218703297,,42620435.368241236,359.22915469714695,1.0,Urban,N,49,Employed,0,136969.17071263594,53577.4160290391,718,Personal,Travel,Yes
LP003395,Male,Yes,2,Not Graduate,No,679695.6177358826,976086.5177136927,21937754.77143871,312.0100077810695,1.0,Semiurban,Y,41,Employed,16,66396.27549268471,381911.67816673464,661,Education,Working Capital,No
LP003396,Male,Yes,0,Not Graduate,No,2123923.764483275,1380423.209301364,53000000.0,407.5425839255764,1.0,Urban,Y,50,Employed,10,103382.44219001848,346302.0417400299,632,Personal,Vehicle Purchase,No
LP003397,Male,Yes,0,Graduate,No,545770.9394532797,0.0,35435504.71777587,328.4451882615932,1.0,Semiurban,Y,24,Employed,0,75285.1900887885,5883.43,730,Auto,Vehicle Repair,No
LP003398,Male,No,2,Not Graduate,No,1336422.2896062508,0.0,36569741.59575593,296.5264021172537,,Rural,Y,31,Employed,8,155121.95683023852,580183.3793795097,747,Auto,Debt Consolidation,No
LP003399,Female,Yes,2,Graduate,No,1983019.5836068932,880636.7852645335,47718627.40674922,423.8559846884545,0.0,Urban,Y,34,Employed,7,236525.13282158686,171511.02682596428,512,Personal,Home Purchase,Yes
LP003400,Male,No,0,Graduate,No,1499137.1096319044,72999.73839028686,44299400.42010224,323.1011061025778,1.0,Semiurban,Y,56,Employed,18,134657.9111467921,446089.45272266696,761,Personal,Vehicle Purchase,No
LP003401,Male,No,0,Graduate,Yes,1287429.0862458895,,35530627.2839646,371.2169223192579,0.0,Semiurban,Y,48,Self-Employed,13,328669.54536762857,179775.87358098602,635,Home,Home Purchase,No
LP003402,Male,No,2,Graduate,No,715350.4065190521,167478.74893259295,36451141.47098042,396.2526621561673,1.0,Semiurban,Y,40,Employed,0,186445.2686649362,140333.6392932366,809,Personal,Wedding,No
LP003403,Male,Yes,2,Graduate,nan,508707.63571614807,0.0,20108361.780520216,287.1404314342032,1.0,Semiurban,Y,38,Employed,16,1500.26,231191.54837429206,606,Education,Debt Consolidation,Yes
LP003404,Male,Yes,3+,Not Graduate,No,1584617.2844587928,,29585189.311500244,365.22677709902695,1.0,Urban,N,50,Employed,0,195851.0615353062,671320.8411187921,575,Education,Tuition Fees,No
LP003405,Male,Yes,2,Graduate,No,1952665.8503874731,,40321949.2515896,373.34108895206754,1.0,Rural,Y,37,Employed,3,161330.5643809538,649564.6059529949,723,Home,Vehicle Purchase,Yes
LP003406,Male,No,3+,Graduate,No,980167.2347609142,784675.6704831934,39588775.48042887,247.06133042774866,1.0,Semiurban,Y,51,Employed,12,289831.67925288767,140069.33106522553,850,Auto,Medical Expenses,Yes
LP003407,Male,No,2,Graduate,No,630061.4761918244,1107771.3095898523,47361504.59004087,359.29355780081494,1.0,Semiurban,Y,41,Employed,7,164338.69419769666,496444.3569329204,519,Auto,Vehicle Purchase,No
LP003408,Male,Yes,0,Graduate,nan,50325.0,658131.8144173208,33944836.50776676,318.67541654529794,,Urban,N,58,Employed,22,143082.07421849133,251649.39011711912,740,Education,Medical Expenses,No
LP003409,Male,No,0,Not Graduate,No,709209.8081687312,0.0,21276981.95569134,,0.0,Rural,N,33,Employed,13,352430.9547593328,650638.9108611768,715,Home,Home Improvement,Yes
LP003410,Male,Yes,1,Graduate,Yes,1142763.80875048,781024.1654928376,45717151.397756785,391.8771709311599,1.0,Semiurban,Y,42,Employed,17,1500.26,477550.1209779143,662,Personal,Vehicle Repair,No
LP003411,Male,No,2,Graduate,No,1999153.850418367,0.0,,366.25460415481194,1.0,Semiurban,N,33,Employed,17,134882.02044018547,302787.01949216257,850,Personal,Debt Consolidation,Yes
LP003412,Male,Yes,0,Not Graduate,No,1536159.0761164841,0.0,44132292.8185623,217.43030610758882,1.0,Urban,Y,61,Employed,9,189779.6961927833,263252.3410452466,493,Home,Vehicle Repair,No
LP003413,Female,No,0,Graduate,No,,0.0,33513510.38142509,,1.0,Semiurban,Y,44,Employed,4,129921.54065761075,368653.85043368366,765,Home,Home Purchase,No
LP003414,Male,Yes,3+,Graduate,No,999532.3993494345,0.0,45593707.608765796,294.2515597151301,1.0,Semiurban,N,32,Employed,12,1500.26,343677.2753362622,752,Home,Home Renovation,Yes
LP003415,Male,No,0,Graduate,No,908009.3713720217,623904.9613409542,53000000.0,392.321708324183,1.0,Rural,N,33,Employed,19,202234.0540344891,26448.79378446337,773,Personal,Home Improvement,Yes
LP003416,Female,No,0,Graduate,Yes,1902416.028753982,0.0,36301370.23440476,330.314958545534,1.0,Urban,Y,49,Employed,10,124647.04739564157,288538.6081771561,761,Auto,Travel,Yes
LP003417,Male,No,0,nan,No,1299961.5003791947,0.0,22032480.167548757,308.7648435987879,0.0,Urban,N,23,Employed,17,153604.5845141628,116639.69150184581,686,Personal,Debt Consolidation,Yes
LP003418,Male,Yes,0,Not Graduate,No,148291.88403948885,444778.07899168343,29286996.594478484,313.71292536423715,1.0,Rural,Y,41,Employed,12,279163.360016161,141037.1628430065,637,Personal,Wedding,Yes
LP003419,Male,Yes,0,Graduate,No,862822.4060513786,0.0,41404607.09304051,317.6968083281024,1.0,Urban,N,34,Employed,0,193267.84719261376,469886.36906384584,610,Home,Debt Consolidation,Yes
LP003420,Male,Yes,0,Not Graduate,No,770484.2141141866,1115369.9367150995,19101803.981019378,259.0763405611641,1.0,Semiurban,Y,42,Employed,0,110063.13597250238,287725.68563059287,718,Personal,Wedding,Yes
LP003421,Male,Yes,0,Graduate,No,926460.2254112675,1443773.8516835961,36843877.8391207,266.9489182617253,1.0,Semiurban,Y,44,Employed,25,201289.3102782874,156071.89907315938,664,Home,Wedding,No
LP003422,Male,Yes,2,Graduate,No,1481047.5601425427,276298.7249544809,38953213.59315883,319.780978913216,0.0,Semiurban,Y,42,Employed,3,127664.61333520741,5883.43,646,Home,Home Improvement,No
LP003423,Male,No,0,Graduate,No,1145869.7891028752,1392712.3605559275,50501064.488126524,433.21820068304885,1.0,Semiurban,Y,40,Employed,7,138545.5431719955,91766.6974803204,615,Home,Home Improvement,Yes
LP003424,Male,Yes,1,Graduate,No,1161159.526498169,1391533.822456685,48251795.650543004,382.7777920006556,,Urban,Y,45,Employed,19,234025.62138951343,235087.3985690821,628,Home,Tuition Fees,No
LP003425,Male,Yes,1,Graduate,No,1856328.8106626184,487845.71059906104,43795695.00751771,388.15028762931036,,Rural,Y,63,Employed,3,108110.78856516356,584147.7762673863,735,Personal,Debt Consolidation,No
LP003426,Male,Yes,0,Graduate,No,851361.6851066558,1642037.7166233612,,411.74368616738604,1.0,Rural,Y,57,Employed,7,216407.2261385902,37160.695042424166,666,Personal,Travel,No
LP003427,Male,Yes,2,Not Graduate,No,2131691.992943675,0.0,,356.77693485980296,1.0,Urban,Y,40,Employed,10,145156.94877461946,305928.78839507484,774,Education,Study Abroad,No
LP003428,Male,Yes,0,Graduate,No,863938.434314457,0.0,42204980.950602464,312.50943412537913,0.0,Semiurban,Y,51,Employed,9,120151.21248707041,328399.79008683166,543,Home,Home Improvement,No
LP003429,nan,Yes,1,Graduate,No,1244191.3283062857,0.0,37709290.860783465,315.25097344043996,,Semiurban,Y,51,Employed,4,120464.0172313666,491503.78038579365,721,Home,Wedding,No
LP003430,Male,No,0,Graduate,No,1058990.4322986165,0.0,17847625.82854515,290.3656703326052,1.0,Rural,Y,39,Employed,11,110607.4630097466,271951.4616915133,574,Personal,Wedding,Yes
LP003431,Male,Yes,2,Graduate,No,1261301.7967504805,802631.7248111162,27382107.9981294,388.5704862128613,0.0,Urban,N,43,Employed,18,173899.97459317485,328571.43898371205,774,Home,Vehicle Purchase,No
LP003432,Male,No,0,Graduate,No,1421888.2275365645,0.0,23481619.39465934,283.7353354543762,0.0,Urban,N,49,Employed,11,141139.6228224209,483395.67893305665,776,Home,Wedding,No
LP003433,Male,No,0,Graduate,No,1416509.8500444381,0.0,14999762.694929097,465.3306189241621,1.0,Rural,N,35,Employed,7,289122.1328167453,91563.18939412016,538,Home,Home Renovation,No
LP003434,Male,Yes,0,Not Graduate,No,823033.56468971,0.0,35120695.57585206,285.735498048936,1.0,Urban,Y,41,Employed,20,86024.67994847341,405217.03997056664,596,Auto,Vehicle Purchase,No
LP003435,Male,No,2,Graduate,No,638134.8912762146,0.0,27171625.87557221,,0.0,Rural,N,41,Employed,26,214746.75881242118,5883.43,600,Personal,Wedding,No
LP003436,Male,Yes,2,Graduate,No,2451178.1254528556,1368516.8972608661,53000000.0,413.6080398246446,1.0,Semiurban,Y,40,Employed,20,268761.27618333703,259814.69769136747,778,Personal,Home Purchase,Yes
LP003437,Male,No,0,Graduate,No,957600.0601997235,678923.413580511,33462127.69562091,377.3712309902974,1.0,Rural,Y,40,Employed,3,321577.55961174966,199506.23435890922,611,Education,Home Renovation,No
LP003438,Male,Yes,2,Graduate,No,1549198.4493359933,24727.803385483567,48087378.64865961,437.1443251739011,1.0,Rural,Y,48,Employed,3,92806.5449496947,102555.83658428775,727,Business,Medical Expenses,Yes
LP003439,Female,No,0,Graduate,Yes,395771.57473840157,1282950.076230706,19458856.843067758,328.1359054832355,1.0,Semiurban,N,44,Employed,16,258060.92465771805,441454.5718849476,605,Personal,Home Purchase,No
LP003440,Male,No,2,Not Graduate,No,1059785.8700476615,446585.95659830526,29848951.229951307,347.6060464131605,1.0,Urban,Y,50,Employed,13,184397.28361203114,452678.31166698184,762,Home,Vehicle Repair,No
LP003441,Male,No,0,Graduate,No,1135992.5380087786,522179.1407393729,36118825.85034315,353.375591669248,0.0,Semiurban,Y,65,Employed,2,260567.94698495255,460781.4090739653,770,Personal,Debt Consolidation,No
LP003442,Male,No,1,Graduate,No,1435999.7649639163,1228562.9766672864,26068307.6039233,375.31722215326135,1.0,Rural,Y,37,Employed,14,107846.01153790823,322924.0600683964,815,Personal,Vehicle Repair,No
LP003443,Female,Yes,0,Graduate,Yes,50325.0,188785.49910660088,30927840.24195256,230.77199933751183,1.0,Semiurban,N,46,Employed,13,155402.84482860775,5883.43,649,Personal,Home Improvement,Yes
LP003444,Male,Yes,0,Graduate,No,1282662.5365391653,1069988.6140789525,32970338.027564615,333.54180851784827,1.0,Urban,Y,49,Employed,24,133134.9055129897,181180.88057025266,665,Personal,Business Expansion,Yes
LP003445,Male,Yes,0,Graduate,nan,624721.5023160536,1020070.3392359095,32810767.23555106,391.4041629092788,1.0,Semiurban,Y,55,Self-Employed,9,125293.29390799395,448152.0304647321,652,Auto,Vehicle Purchase,Yes
LP003446,Female,Yes,0,Not Graduate,No,1361765.085597462,326738.8084521605,53000000.0,317.5950543506182,1.0,Rural,Y,48,Employed,23,169568.6884886068,445513.6316251933,667,Home,Home Improvement,No
LP003447,Female,No,0,Graduate,No,681427.6315809186,,38932109.944315106,457.4845895536799,1.0,Semiurban,Y,31,Employed,24,390407.047163428,486314.8865588838,626,Personal,Vehicle Repair,No
LP003448,Female,Yes,0,Not Graduate,No,771850.8820372093,437504.52487889596,39944952.719413035,347.59187301667197,1.0,Semiurban,Y,36,Self-Employed,7,226065.4704271784,309794.1362401068,760,Personal,Home Improvement,No
LP003449,Male,No,1,Graduate,No,1062778.424803366,1224697.5626491779,40546394.833450705,370.7813024595341,1.0,Urban,Y,45,Employed,15,134265.1732763795,210590.47729406293,596,Education,Vehicle Purchase,Yes
LP003450,Male,No,0,Not Graduate,nan,673427.4951984023,1002457.9386328415,41276110.86337113,432.9697813247055,1.0,Rural,N,36,Employed,10,139590.01440972608,5883.43,652,Personal,Vehicle Repair,No
LP003451,Male,No,0,Graduate,No,961825.0066323226,1625795.56378212,34320977.25125135,347.6759762352934,1.0,Semiurban,Y,27,Employed,10,216495.88981474162,419505.38688905217,682,Auto,Study Abroad,Yes
LP003452,Female,Yes,0,Graduate,No,602904.3457283423,85340.14539878623,31942383.37521154,431.98939172111176,,Semiurban,Y,34,Employed,14,149111.93661611664,227146.84482289015,709,Personal,Home Improvement,No
LP003453,Male,No,0,Graduate,No,283007.00415063626,974130.6209125649,36818007.68518278,374.898770236517,1.0,Rural,Y,35,Employed,6,149429.95649952054,5883.43,558,Home,Medical Expenses,No
LP003454,Male,No,0,Not Graduate,No,1708570.7562146797,0.0,46717886.57913473,375.01484653384784,1.0,Urban,Y,32,Employed,0,66039.8342036606,399521.5390749294,643,Personal,Wedding,No
LP003455,Male,Yes,0,Graduate,No,551567.8835880358,569729.0624482539,46412228.97436384,286.56033021033534,1.0,Rural,Y,65,Employed,8,161630.7125335946,530886.6219295771,667,Personal,Wedding,No
LP003456,Female,No,0,Graduate,No,1110251.7861960083,1202408.9736504878,32745862.33311589,406.29761216886897,1.0,Semiurban,Y,47,Employed,22,1500.26,420429.95913000393,737,Personal,Vehicle Repair,Yes
LP003457,Male,No,0,Graduate,nan,1576037.7707468923,1063117.5011807296,42828284.036681116,303.5265586316347,1.0,Urban,Y,45,Employed,10,6709.428647937137,381960.43688857474,646,Personal,Study Abroad,No
LP003458,Male,Yes,0,Not Graduate,No,892120.1787419785,500771.4193468613,33204000.459603325,328.72694411945815,1.0,Semiurban,N,53,Employed,12,134338.46342789783,433656.7909043099,656,Home,Business Expansion,Yes
LP003459,Male,Yes,0,Graduate,No,787009.280127231,240983.77620709655,35488552.58435245,415.4619068401611,1.0,Semiurban,Y,63,Employed,18,225290.91912061977,5883.43,677,Auto,Medical Expenses,No
LP003460,Male,Yes,0,Not Graduate,No,1312711.2743337108,0.0,30414613.27445803,317.90552361523777,1.0,Urban,Y,48,Employed,0,310888.601398854,591208.1789368227,759,Personal,Vehicle Repair,Yes
LP003461,Male,Yes,0,Graduate,No,1758559.141363576,270578.9990989384,33333395.70093767,360.7773687764931,,Urban,N,55,Employed,16,201989.2955330016,88628.5487719072,480,Personal,Study Abroad,No
LP003462,Male,Yes,3+,Graduate,No,614934.5974567656,0.0,48563147.7854968,336.677657248783,1.0,Rural,Y,38,Self-Employed,25,213947.1762794054,106177.16752547948,674,Home,Medical Expenses,Yes
LP003463,Male,Yes,0,Graduate,Yes,1124518.3139912805,188384.45621490496,36074058.56339236,338.7700679634114,1.0,Semiurban,N,33,Employed,13,176022.57684914974,152755.41739736538,770,Auto,Home Improvement,Yes
LP003464,Male,Yes,2,Not Graduate,No,333344.9325163363,0.0,36502672.175523184,330.9424068849018,1.0,Urban,Y,53,Employed,0,241323.39945687016,175623.00076186802,590,Business,Wedding,Yes
LP003465,Male,Yes,0,Graduate,No,1002991.7281589049,0.0,20677669.29742042,277.7394158934523,,Urban,Y,53,Employed,11,185070.73989248765,547057.4760390599,597,Home,Home Renovation,No
LP003466,Male,No,2,Not Graduate,No,1216694.5722690376,1025584.4203897424,32057408.013672706,372.6185900008048,0.0,Rural,N,52,Employed,17,199401.3612968501,355742.5633486061,775,Home,Home Improvement,Yes
LP003467,Male,Yes,2,Graduate,nan,772279.9091224672,947596.1540513919,32736698.052552715,377.95730807450894,1.0,Semiurban,Y,45,Employed,13,25138.980436067708,111275.09524491473,633,Home,Study Abroad,No
LP003468,Male,No,0,Graduate,No,971096.3130873842,226426.8028876215,26858412.235565953,304.9907552280646,1.0,Semiurban,Y,35,Unemployed,14,189532.74598207747,141545.4384815222,636,Business,Home Renovation,No
LP003469,Male,Yes,3+,Graduate,No,495478.845846275,473958.4427337423,35366501.20703564,313.37267932213376,1.0,Semiurban,N,38,Employed,15,167960.19572312915,745849.8715106462,690,Education,Wedding,No
LP003470,Male,Yes,0,Graduate,No,1238131.5356907467,567847.2606444227,30858024.18772346,394.6894742330555,1.0,Urban,Y,56,Employed,5,128413.55177910329,317582.9952221799,403,Personal,Home Purchase,No
LP003471,Male,Yes,0,Not Graduate,No,1727439.3544415748,750850.1630078274,35949805.64243583,324.08273609897526,1.0,Semiurban,Y,37,Employed,6,135039.41359794344,160611.07391028103,501,Personal,Study Abroad,Yes
LP003472,Male,Yes,2,Not Graduate,No,651020.2951147682,675941.9850761854,36364877.18818935,345.4658289130761,1.0,Rural,Y,45,Employed,9,45819.637339750465,5883.43,717,Personal,Vehicle Repair,No
LP003473,nan,Yes,1,Not Graduate,No,888256.3467238086,0.0,25592303.51177356,287.01416556484907,1.0,Semiurban,N,35,Employed,15,214384.0271292162,5883.43,643,Home,Debt Consolidation,No
LP003474,Male,No,0,Not Graduate,No,1450865.3532270908,0.0,31162829.265168108,336.10163729658615,,Rural,N,41,Employed,3,187015.33801596222,23598.475244018395,650,Auto,Vehicle Purchase,Yes
LP003475,Female,Yes,0,Graduate,No,,0.0,35923589.917608336,287.3392792716677,,Semiurban,Y,31,Employed,29,172094.96241801293,266143.5055930849,606,Home,Medical Expenses,No
LP003476,Male,No,0,Graduate,No,452997.32389553427,320589.0268842026,46992841.40156726,303.6114545976733,1.0,Urban,Y,42,Employed,0,186566.31488890137,468858.72642983356,640,Personal,Vehicle Repair,Yes
LP003477,Male,No,0,Not Graduate,No,1115199.8612920253,1100748.8585620443,37717038.81795741,294.0591500995921,1.0,Rural,N,38,Employed,0,53706.905353098584,370190.8190183477,772,Auto,Home Improvement,No
LP003478,Male,Yes,2,Graduate,No,1341157.6411597624,592672.0735102876,28530495.290825725,391.70701753993757,0.0,Semiurban,Y,25,Employed,17,324565.2781873252,481788.13928431494,677,Education,Debt Consolidation,No
LP003479,Male,Yes,0,Not Graduate,No,1148564.034685576,802683.8839880332,39139894.68243853,260.13475500607285,1.0,Rural,Y,51,Employed,16,250744.29614429415,360130.84363831277,760,Personal,Study Abroad,No
LP003480,Male,No,0,Graduate,No,50325.0,0.0,52225335.98321761,,1.0,Urban,Y,50,Employed,12,221721.57141547734,5883.43,651,Auto,Wedding,Yes
LP003481,Male,Yes,0,Graduate,No,1450137.234654386,379110.06033529434,44316911.81589019,326.5225337308597,1.0,Rural,N,44,Employed,17,299472.79534217226,331947.1454764639,666,Home,Wedding,Yes
LP003482,Male,Yes,0,nan,No,1959260.405545322,474459.69162004814,40625112.394356206,423.6857495882881,1.0,Urban,N,31,Employed,17,184866.77139487877,340500.5308862939,694,Education,Medical Expenses,Yes
LP003483,Female,No,0,Graduate,No,1257923.1055847518,,42405748.84482322,386.6781990747894,1.0,Semiurban,Y,31,Self-Employed,12,140442.45861838313,222956.23941833986,712,Education,Medical Expenses,No
LP003484,Female,Yes,2,Graduate,No,684039.2033528683,0.0,49549387.50428631,265.5120328836498,1.0,Semiurban,Y,65,Employed,14,190510.2837239856,185780.80714367007,588,Home,Wedding,No
LP003485,Female,No,3+,Graduate,nan,943028.6068178584,269945.8460327733,45906115.0301766,306.2786316076519,1.0,Semiurban,Y,21,Self-Employed,0,303290.28380302194,217322.42554292319,662,Auto,Wedding,No
LP003486,Male,No,1,Graduate,No,2084548.7638277966,891485.733680401,40817450.90117658,339.07521561822676,1.0,Semiurban,Y,31,Employed,11,85362.63844098826,5883.43,604,Education,Debt Consolidation,No
LP003487,Male,Yes,0,Graduate,Yes,1654573.5004302794,,45836269.28590085,306.26643282076316,1.0,Semiurban,Y,65,Self-Employed,12,302215.5216688673,5883.43,801,Home,Home Purchase,No
LP003488,Female,Yes,1,Graduate,No,1519605.5391921645,282885.37705348356,24333336.127359398,394.40639995724865,1.0,Semiurban,N,65,Employed,27,44166.59843227443,755328.9999741758,510,Personal,Home Renovation,Yes
LP003489,Male,Yes,1,Not Graduate,No,1377798.521767188,1377113.0340391253,20127194.566597193,350.10651547311375,0.0,Urban,Y,62,Self-Employed,5,213843.48663378588,5883.43,717,Auto,Medical Expenses,No
LP003490,Male,Yes,1,Not Graduate,No,869023.6739045137,65081.37238320883,36720833.5964383,328.30924301723684,1.0,Rural,N,49,Employed,12,256785.2889370522,5883.43,595,Personal,Home Purchase,No
LP003491,Male,Yes,0,Graduate,No,1099306.6396721157,433718.3809352934,35836654.186505385,398.7638421030108,1.0,Semiurban,Y,36,Employed,23,223865.3252425966,102909.22393442885,563,Home,Home Renovation,Yes
LP003492,Male,No,0,Graduate,No,1160630.862160742,354624.6333170184,29710746.554867428,269.26849673195846,1.0,Semiurban,Y,25,Self-Employed,17,260146.0600501419,338801.6226746571,638,Education,Debt Consolidation,Yes
LP003493,Female,Yes,0,Not Graduate,No,1474379.388032222,297166.150290703,43408373.7882771,323.97923948023293,1.0,Urban,Y,48,Employed,12,154390.42636981243,359212.9783882415,781,Auto,Business Expansion,No
LP003494,Male,Yes,0,Graduate,Yes,1954051.6771334517,1596555.0050338062,16521211.225487646,,1.0,Semiurban,Y,35,Employed,20,51284.41336595619,42185.340890690626,607,Home,Study Abroad,No
LP003495,Female,No,0,Graduate,No,1758761.298396564,642647.6063238422,29802124.529421967,331.4311281786659,1.0,Semiurban,Y,59,Employed,6,260389.14189452172,266292.3969384159,502,Personal,Debt Consolidation,No
LP003496,Male,No,0,Graduate,No,489900.05210197973,0.0,30300291.641223855,153.63368489643162,1.0,Semiurban,N,23,Self-Employed,26,332241.5878128164,138054.76584686444,580,Personal,Debt Consolidation,No
LP003497,Male,No,0,Graduate,No,1311589.7144505244,1498514.1826011636,18786829.23900541,360.25141662153544,1.0,Rural,N,46,Employed,17,151048.32457097262,285034.3857984238,676,Personal,Debt Consolidation,Yes
LP003498,Male,Yes,2,Graduate,No,,620989.7128382414,50097157.162693046,370.0736557786527,1.0,Rural,Y,54,Employed,0,227240.7492280403,188324.2206408652,519,Personal,Debt Consolidation,No
LP003499,Female,No,0,Not Graduate,No,1509022.3950723177,167118.235442922,21557834.403366774,279.15712196265827,1.0,Semiurban,Y,54,Employed,7,91491.07964999366,108167.43073180458,730,Auto,Home Renovation,Yes
LP003500,Male,Yes,0,Graduate,No,884975.3483062903,1373230.043947178,29266446.516923144,208.9314828129394,1.0,Urban,N,52,Employed,0,84702.32413852676,117149.60923347408,522,Personal,Medical Expenses,Yes
LP003501,Male,Yes,3+,Graduate,Yes,2656646.8378841807,0.0,44229644.66805134,299.24586502732996,1.0,Urban,Y,47,Employed,18,175527.67546629888,5883.43,621,Home,Home Renovation,Yes
LP003502,Male,Yes,3+,Graduate,No,561049.9488344406,1629610.3550164227,41610300.52428732,327.70108408896976,1.0,Urban,Y,45,Employed,17,100376.9500068051,202669.26958215807,738,Home,Home Renovation,No
LP003503,Female,No,1,Graduate,No,657998.006666975,493932.13979729236,24068100.125152536,333.2781334139357,1.0,Urban,Y,53,Employed,8,174526.0378603386,231688.80599233691,620,Business,Travel,No
LP003504,Male,Yes,nan,Graduate,No,1316389.770630788,1132511.4829043248,41974739.18260637,221.88361255231797,1.0,Urban,N,47,Self-Employed,22,438594.8531891677,5883.43,544,Home,Home Purchase,Yes
LP003505,Female,Yes,0,Not Graduate,No,2257993.757481927,2575871.7681106552,38047691.87658222,352.1031019696808,1.0,Semiurban,Y,47,Employed,11,102336.83643765765,179634.86582414256,657,Personal,Vehicle Purchase,No
LP003506,Male,Yes,3+,Not Graduate,No,781494.8046479146,554684.3671677599,53000000.0,401.6426043716208,1.0,Semiurban,Y,44,Employed,33,196606.19829880973,195924.50480950827,620,Personal,Vehicle Repair,No
LP003507,Male,Yes,0,Graduate,No,1066678.0471765038,360837.9599718783,39189251.25068305,397.3183976485517,1.0,Urban,N,39,Employed,2,7607.885161697515,5883.43,774,Home,Travel,No
LP003508,Male,No,0,Not Graduate,No,1738239.0665078463,0.0,33737428.87931468,413.2206008617601,1.0,Rural,Y,28,Employed,17,212963.18128591825,92669.25422165883,739,Auto,Vehicle Purchase,No
LP003509,Male,No,0,Not Graduate,No,1190661.1525561332,344220.97026154975,26584827.51880578,,1.0,Urban,Y,30,Employed,9,102379.36798613376,86372.84217664419,710,Home,Vehicle Purchase,Yes
LP003510,Male,No,0,Not Graduate,No,1032290.3027348522,0.0,27707413.42044429,392.653738490151,1.0,Rural,Y,39,Employed,7,192203.71976066908,282923.6909471445,667,Home,Study Abroad,No
LP003511,Male,Yes,0,Graduate,nan,1482408.68094336,297742.3893724397,,283.8807653325665,,Rural,N,42,Employed,11,189796.5038666964,496020.7884532687,645,Personal,Home Purchase,No
LP003512,Male,Yes,0,Graduate,No,1335851.2251147965,2454899.1813313337,48860835.22911923,387.26439721977954,0.0,Semiurban,Y,33,Employed,15,178386.2388468088,256418.74683972058,645,Home,Wedding,No
LP003513,Female,Yes,1,Graduate,No,1714811.6228183957,512338.8582024012,35329546.24016471,295.6689185453362,1.0,Urban,N,32,Employed,13,80596.26027844004,478893.44475004065,511,Home,Home Purchase,No
LP003514,Male,Yes,0,Graduate,No,1845326.6745326817,41039.02885312785,40802318.329747304,361.0313875557765,1.0,Urban,Y,39,Employed,18,140320.58483869294,202481.40153406488,665,Personal,Home Renovation,Yes
LP003515,Male,Yes,0,Graduate,No,1353093.7600026808,281817.6362240175,50292323.089808874,432.0212207120541,1.0,Rural,Y,53,Employed,17,187080.82307212634,321224.3718363215,593,Personal,Wedding,Yes
LP003516,Female,No,1,Graduate,No,1345458.5926891544,140310.31052980566,11565205.667925354,395.886179738102,1.0,Rural,N,21,Employed,24,144028.83910928853,260335.35915650084,657,Personal,Vehicle Purchase,No
LP003517,Male,Yes,2,Not Graduate,No,1306647.7211430667,1162501.6011991387,47938584.73700375,284.57341855818385,1.0,Urban,Y,33,Employed,2,292163.90264441894,729263.7128081147,669,Personal,Tuition Fees,No
LP003518,Male,Yes,0,Not Graduate,No,1444157.5083246438,365463.0714698888,35703816.20783334,271.5769566857938,1.0,Semiurban,Y,45,Employed,0,169557.68730691302,216505.72801176514,621,Auto,Vehicle Repair,No
LP003519,Female,Yes,2,Not Graduate,No,1227177.5489357319,1554841.9553891965,39500330.80640445,386.49042207500537,0.0,Rural,Y,57,Employed,12,76507.88700826046,403471.6493714117,749,Personal,Vehicle Purchase,No
LP003520,Male,Yes,0,Graduate,No,1199287.9888388552,207350.7911642641,26865814.872517493,419.07807063731593,1.0,Semiurban,Y,65,Employed,6,204695.1377743409,287520.7305726756,568,Personal,Medical Expenses,No
LP003521,Male,Yes,0,Graduate,No,1797905.790413621,252514.79608117213,,,1.0,Rural,Y,40,Employed,19,1500.26,472098.7604142766,620,Personal,Home Renovation,Yes
LP003522,Male,No,3+,Graduate,Yes,1957650.3201775216,0.0,40038305.988129884,309.2396219236476,1.0,Rural,Y,39,Employed,4,342405.60509196075,373405.41700825765,635,Business,Wedding,No
LP003523,Female,No,0,Graduate,Yes,445815.7576832896,160252.95841711177,53000000.0,342.4222030160131,1.0,Semiurban,Y,42,Employed,8,10995.6818120284,315123.89875880885,769,Education,Wedding,Yes
LP003524,Male,No,0,Graduate,No,1204602.8058702846,0.0,45182980.21814902,365.8566478886497,0.0,Urban,N,46,Employed,9,246547.70281532186,18645.997397530038,668,Personal,Wedding,No
LP003525,Male,Yes,1,Graduate,No,855245.0132773826,0.0,47805076.304185405,334.5366609199236,0.0,Urban,Y,43,Employed,26,232537.13939447375,36265.89469390901,663,Personal,Equipment Purchase,Yes
LP003526,Female,Yes,2,Graduate,No,1044106.4967569638,865891.6375892624,33229834.387385804,284.6331616304076,0.0,Urban,N,45,Employed,29,64117.65121369838,123749.18066384073,743,Personal,Debt Consolidation,No
LP003527,Female,Yes,0,Not Graduate,nan,1400850.3348676607,0.0,29147804.844143722,403.73431396978526,1.0,Semiurban,Y,29,Employed,3,216217.50018903526,188473.06533791346,618,Home,Home Improvement,Yes
LP003528,Male,Yes,0,Graduate,No,1534311.4157712343,712796.139428114,27341797.57421007,452.6071689387057,1.0,Rural,Y,25,Employed,0,103812.86458588988,269205.1797855559,744,Personal,Tuition Fees,No
LP003529,Male,No,0,Not Graduate,nan,,78272.49510865001,30267109.843033124,425.5032891110902,1.0,Rural,Y,51,Employed,7,150977.64908211355,124229.65738929465,701,Auto,Debt Consolidation,No
LP003530,Male,Yes,2,Graduate,No,242922.0626385986,1086290.5705143928,14622022.75829475,209.64007721877937,1.0,Rural,Y,41,Employed,12,208202.06479605375,5883.43,776,Home,Business Expansion,Yes
LP003531,Male,Yes,0,Graduate,No,717069.4397119102,0.0,27900653.661083985,409.26892246724196,1.0,Semiurban,Y,52,Employed,12,161516.31120556456,452450.9822356816,631,Education,Business Expansion,No
LP003532,Male,Yes,0,Graduate,No,1647842.065100083,847395.8595769561,29546315.52940157,374.6019839920094,1.0,Rural,N,46,Employed,11,75861.48823237696,336436.87866304035,638,Personal,Working Capital,Yes
LP003533,Male,Yes,3+,Graduate,nan,50325.0,660740.2579953428,33396265.346051592,300.473123666703,1.0,Rural,N,28,Employed,19,202799.91001930117,259026.12711272843,678,Education,Wedding,Yes
LP003534,Male,No,0,Graduate,Yes,1793305.8058409998,682381.6476972369,36467348.187472925,222.17904232386877,1.0,Semiurban,N,60,Employed,9,147136.1151172157,497747.59390288225,659,Auto,Travel,No
LP003535,Female,Yes,0,Graduate,No,1460207.2253222708,1215349.4968239372,38774355.77625611,333.09178886307416,1.0,Semiurban,Y,44,Employed,14,155911.46033095772,86243.70523237446,734,Personal,Home Renovation,No
LP003536,Male,Yes,0,Graduate,No,1857680.270765011,477821.23696239386,35000593.3655704,361.7308938320576,1.0,Semiurban,N,35,Employed,17,161230.92115980005,220795.94707586805,645,Home,Equipment Purchase,No
LP003537,Female,Yes,2,Graduate,No,1100307.6365595197,0.0,29335416.22657243,273.49870657160625,1.0,Rural,Y,37,Employed,14,44788.46381218065,278884.47602096625,569,Personal,Debt Consolidation,No
LP003538,Male,Yes,0,Graduate,No,168889.51798854757,,15516260.6573448,,1.0,Urban,Y,30,Employed,17,64681.40277558725,163942.06036729325,787,Personal,Home Renovation,No
LP003539,Female,No,0,Not Graduate,No,1414773.5507532489,652391.1188032362,29396761.00598207,412.3911662724404,1.0,Rural,N,47,Employed,0,112838.58329521274,87843.15637436378,837,Personal,Vehicle Repair,Yes
LP003540,Male,No,1,Graduate,No,1836918.7920191707,257382.7318711073,25425340.713129953,367.9849555403671,1.0,Semiurban,Y,42,Employed,13,202795.92778910347,421929.9280257848,524,Home,Debt Consolidation,No
LP003541,Male,No,0,Not Graduate,No,1661953.1327567105,0.0,39810514.57278604,257.54109797231587,1.0,Rural,Y,65,Employed,14,82243.9741155459,303777.69382643106,708,Home,Medical Expenses,No
LP003542,Female,No,0,Graduate,No,868246.4882559823,175976.76390470107,44242721.05693694,324.1854719470435,,Semiurban,Y,49,Employed,11,272899.64305601176,371779.1510866866,732,Business,Home Renovation,No
LP003543,Male,Yes,0,Not Graduate,No,1242972.7677313234,1449262.1336543723,44535557.7605994,383.33157312765417,1.0,Semiurban,Y,65,Employed,7,184016.14592141894,82250.1940449654,687,Personal,Medical Expenses,No
LP003544,Male,No,0,Not Graduate,No,933174.095610038,,42719374.4512782,379.3744589025725,1.0,Urban,N,33,Employed,16,198660.2707164007,412971.69977579685,806,Business,Home Improvement,No
LP003545,Male,Yes,0,Graduate,No,789958.997905314,0.0,33814589.73547512,297.9682517032655,1.0,Semiurban,Y,40,Employed,13,136016.06208863357,122321.6767099694,544,Personal,Equipment Purchase,Yes
LP003546,Male,Yes,0,Graduate,No,1677286.5155899255,0.0,29930291.435241036,306.76655812595686,0.0,Rural,N,53,Employed,12,22221.579384372337,296419.83445212175,614,Auto,Vehicle Repair,Yes
LP003547,Male,No,0,Not Graduate,No,600826.0743674189,403913.1479679237,27678819.55332934,296.4210422633727,1.0,Semiurban,Y,50,Employed,9,213738.9006684647,642893.5319546206,674,Personal,Travel,No
LP003548,Male,Yes,0,Graduate,No,752684.0147091937,1598215.6606105624,20074857.9239825,322.93669514302127,1.0,Urban,Y,43,Employed,10,100867.92469907171,417391.54326880525,748,Personal,Vehicle Repair,Yes
LP003549,Male,No,1,Graduate,No,647579.4132638072,1972015.795454706,45068384.09507858,310.7086452551847,1.0,Urban,Y,31,Employed,6,31595.90232042779,314819.793603147,773,Education,Vehicle Repair,No
LP003550,Male,Yes,3+,Graduate,No,454468.4683504767,883782.346614682,33402736.71070026,299.77418690068083,1.0,Urban,Y,21,Employed,8,90737.65085922743,517075.0801227996,556,Personal,Home Purchase,Yes
LP003551,Male,No,1,Not Graduate,No,1272799.3759213018,0.0,22686444.153791264,331.6529392210633,1.0,Semiurban,Y,41,Employed,5,158691.07833966173,133043.68039624565,505,Auto,Tuition Fees,Yes
LP003552,Male,No,1,Not Graduate,No,1780343.7542409878,0.0,26884933.332897656,342.3094939651134,1.0,Semiurban,N,41,Self-Employed,9,1500.26,345105.0380745966,735,Home,Home Improvement,Yes
LP003553,Female,No,0,Graduate,No,1107153.8518773671,1041706.4201359926,26480112.52567448,405.1331693428328,0.0,Rural,N,45,Employed,15,135615.3661797938,80605.61724301544,675,Home,Home Renovation,No
LP003554,Male,No,3+,Graduate,Yes,446718.3297179168,1360765.0909774874,35580091.940151274,233.0336646941304,0.0,Semiurban,N,27,Employed,19,256615.37127456447,174626.57936719898,680,Home,Vehicle Purchase,No
LP003555,Male,No,0,Graduate,Yes,1619564.4998710137,0.0,45824525.60070686,413.06579878706503,1.0,Rural,N,34,Self-Employed,12,168743.87879447834,565119.1693712316,737,Auto,Wedding,No
LP003556,Male,Yes,3+,Graduate,No,2042443.1070174857,1425735.6364350913,31669951.59404417,295.07105595760146,1.0,Rural,N,48,Employed,11,273809.9326572367,301708.82029859297,592,Personal,Home Improvement,Yes
LP003557,Female,Yes,nan,Not Graduate,No,876471.0679267028,267928.1688973957,12624511.942163512,451.5404035201815,1.0,Semiurban,Y,50,Employed,13,129582.37238418632,528409.1910966076,643,Auto,Vehicle Purchase,No
LP003558,Male,Yes,2,Graduate,No,960315.0966411409,928619.0732709623,33258043.7384108,380.30182205699316,0.0,Semiurban,N,46,Employed,20,269649.7988803209,226454.3926152151,712,Education,Wedding,Yes
LP003559,Male,No,3+,Graduate,nan,1457422.545041697,1230447.1805915383,33587908.089028046,372.7502896346098,1.0,Urban,Y,40,Employed,10,45118.53211118921,491136.4495480515,579,Personal,Home Improvement,No
LP003560,Male,Yes,0,Graduate,No,,0.0,32900644.780644786,333.6691206003512,,Rural,Y,30,Employed,16,219855.00785400253,257321.3322725061,616,Personal,Vehicle Purchase,Yes
LP003561,Male,No,0,Not Graduate,No,939675.157137387,744627.426573433,28875235.425242987,463.69144541278206,1.0,Rural,Y,54,Employed,15,156121.76531768902,273732.6830615205,674,Auto,Wedding,No
LP003562,Male,Yes,0,Graduate,No,533367.3395008974,1428670.0708101885,37324237.89725843,338.0736943597843,1.0,Urban,Y,51,Employed,7,287804.3739844708,251814.2291073024,712,Home,Home Improvement,No
LP003563,Female,Yes,0,Graduate,No,1515301.5331362032,36154.77574753703,35811258.24149002,430.6118452432769,0.0,Rural,Y,37,Employed,18,128750.77901939998,319090.7604642965,535,Home,Home Improvement,No
LP003564,Female,No,0,Graduate,No,1599126.2665711497,0.0,34901543.94873353,305.438026758974,1.0,Semiurban,N,52,Self-Employed,0,71133.4193687592,195202.09892850046,725,Personal,Tuition Fees,No
LP003565,Male,Yes,0,Graduate,No,1202657.9552176134,774970.0947310687,39276260.70442966,382.9056191307486,1.0,Rural,Y,43,Employed,21,211467.67630632664,5883.43,704,Home,Travel,No
LP003566,Male,Yes,3+,Graduate,No,,522030.5853307864,30851518.85852147,453.8008465139387,1.0,Rural,Y,36,Employed,3,314112.97705856885,239833.93649512212,589,Personal,Medical Expenses,Yes
LP003567,Female,Yes,0,Graduate,No,1696781.595496023,199507.46810793394,30283990.392993473,289.031589159672,1.0,Semiurban,Y,54,Employed,11,187122.41746721478,273457.4377285567,850,Home,Tuition Fees,No
LP003568,Male,No,1,Graduate,No,1463610.2322739821,427071.3930281708,,369.3856101124697,1.0,Semiurban,Y,44,Employed,19,162077.1588716854,573949.2170870181,579,Auto,Home Renovation,No
LP003569,Male,No,1,Not Graduate,No,815374.4715482536,0.0,40743401.18715437,297.52750457244787,1.0,Semiurban,Y,39,Employed,9,56519.93394807124,5883.43,731,Personal,Debt Consolidation,Yes
LP003570,Male,Yes,3+,Not Graduate,Yes,1224139.5956528357,711753.0159953786,43419307.699428,365.6897546501892,1.0,Semiurban,Y,29,Self-Employed,14,251087.64255793777,570446.6101686202,690,Home,Debt Consolidation,No
LP003571,Male,Yes,3+,nan,No,523738.46398767666,1543438.7887382477,47410892.94334069,453.5493110818209,,Rural,Y,30,Employed,19,161221.60958262256,456629.13778213086,628,Business,Home Purchase,Yes
LP003572,Male,Yes,0,Graduate,No,1542537.45821896,0.0,40409288.896248005,283.9048521522967,,Semiurban,Y,53,Employed,27,228939.1217183639,384099.1784425705,673,Auto,Home Improvement,Yes
LP003573,Male,No,3+,Not Graduate,No,1068475.4453085721,0.0,44433733.881361715,349.2704807270624,1.0,Semiurban,N,48,Employed,12,183616.62577687786,277825.8426371671,713,Education,Home Renovation,No
LP003574,Female,No,2,Graduate,No,981736.8138076314,549413.5107936189,19356395.4692974,289.8417245197492,1.0,Semiurban,N,30,Employed,14,349467.00228954677,42915.759219397354,850,Home,Home Renovation,No
LP003575,Female,Yes,0,Graduate,nan,1183154.987423783,2420734.5052023022,37191385.809960276,332.15312119493416,1.0,Rural,Y,30,Employed,12,115698.81141386516,637139.2317389748,534,Auto,Travel,No
LP003576,Male,Yes,0,Graduate,No,1219746.079665124,1198538.5814874284,33322662.47185673,377.18358110731987,1.0,Urban,Y,65,Employed,10,118991.45166231586,493904.3124433567,421,Personal,Equipment Purchase,Yes
LP003577,Male,Yes,2,Graduate,Yes,1647057.2607827801,362697.94068949076,51926687.9989981,322.01990257291624,1.0,Urban,Y,48,Employed,1,257074.0849204543,297131.50334582455,574,Personal,Home Improvement,No
LP003578,Female,No,0,Graduate,No,1495137.4956626107,456339.46263649635,44426302.408033006,434.3448389437352,,Semiurban,N,57,Employed,3,259281.92084635596,304108.95862101763,662,Personal,Debt Consolidation,Yes
LP003579,Female,No,2,Graduate,Yes,1121387.5906035986,1267813.102931724,28845395.182068206,368.91061791828776,,Rural,Y,60,Employed,12,262130.98443314555,225212.8913854845,725,Home,Study Abroad,Yes
LP003580,Male,Yes,2,Graduate,No,1581426.3048594976,0.0,38877788.67529206,260.5053041529921,1.0,Rural,Y,33,Employed,15,164725.7448586743,365855.6586042148,673,Education,Wedding,No
LP003581,Female,Yes,0,Graduate,No,1399960.8568458066,856840.1146650829,36826660.424492404,359.0976720959895,1.0,Semiurban,N,62,Employed,22,184555.369572874,238105.02118148567,651,Personal,Home Renovation,Yes
LP003582,Female,Yes,0,Graduate,No,986292.4118569815,0.0,39693161.42152229,427.57707108530974,1.0,Semiurban,Y,31,Employed,10,44604.329615925904,308556.24422202323,803,Auto,Business Expansion,Yes
LP003583,Male,No,2,Graduate,Yes,1137233.150881757,1076060.5584529806,24961422.396253485,372.4548527066946,1.0,Semiurban,Y,51,Employed,24,151388.03184013825,334575.6482863707,594,Auto,Home Purchase,No
LP003584,Male,Yes,0,Graduate,Yes,1125480.7855784395,222852.2154500485,38750011.74238226,355.5556626763599,1.0,Semiurban,Y,42,Employed,2,190777.89954105238,733036.61270626,814,Home,Travel,Yes
LP003585,Male,No,0,Not Graduate,No,1452222.9015871007,569106.1776700474,32868333.59711766,322.0580796386,1.0,Urban,N,51,Self-Employed,14,190826.50651829716,64939.24973695984,721,Personal,Medical Expenses,Yes
LP003586,Male,No,0,Not Graduate,Yes,1016080.922639179,177407.0305923068,37974344.73055601,334.08839674054707,1.0,Rural,N,41,Self-Employed,10,97669.62758298982,278970.8280504019,800,Home,Vehicle Repair,No
LP003587,Male,Yes,0,Graduate,No,1004387.6367891834,917700.9865473204,27905995.438778304,340.5605046572192,1.0,Urban,N,49,Employed,2,66925.22284923033,492464.9718229225,580,Personal,Vehicle Repair,No
LP003588,Female,Yes,3+,Graduate,No,2183970.884716979,306342.9483873525,29299215.37603401,193.15364655693327,0.0,Rural,Y,58,Employed,0,259843.47771935805,412311.250244046,633,Personal,Travel,No
LP003589,Male,Yes,0,Graduate,No,1669459.9708735521,1939200.4702197816,46888267.29366703,367.73191168105154,1.0,Urban,Y,56,Employed,9,245727.85803940537,382465.08741443325,533,Business,Home Renovation,No
LP003590,Male,No,2,Not Graduate,No,819291.8977874304,1421827.6028615483,24634371.506598394,399.71187061268154,1.0,Urban,N,43,Employed,9,144961.91381351158,849240.0507090525,692,Personal,Home Purchase,Yes
LP003591,Male,No,0,Graduate,No,1485062.7269710992,0.0,25372303.079579517,295.03421974138973,0.0,Rural,N,33,Employed,5,258788.36548200948,464557.6287294843,694,Personal,Debt Consolidation,No
LP003592,Male,No,0,Graduate,No,1258767.2628275887,562639.5853049544,34634034.51784422,353.85901735080034,0.0,Semiurban,Y,40,Employed,18,250419.2687712526,122022.48813820655,846,Education,Medical Expenses,Yes
LP003593,Female,Yes,1,Graduate,No,1395367.817630047,943228.9523924759,27430943.338140458,361.1266962235039,1.0,Semiurban,N,48,Employed,9,14811.147532251372,99062.15398410356,672,Personal,Home Renovation,No
LP003594,Male,Yes,2,Graduate,No,1268262.8922825523,107908.7599847503,,388.52783234659864,1.0,Urban,Y,50,Self-Employed,4,156514.0559379091,239309.2355623046,528,Auto,Medical Expenses,No
LP003595,Male,No,0,Graduate,No,1794413.552742618,1277353.9827734067,36200606.802082956,340.65060424725897,,Semiurban,Y,55,Employed,10,286344.95626059675,159729.6640101379,750,Personal,Home Improvement,Yes
LP003596,Male,No,0,Not Graduate,No,1372402.4023257229,1194875.861137191,20099188.520962954,372.2882143889396,1.0,Semiurban,Y,35,Employed,7,22743.548617997003,262844.0825531698,583,Home,Home Renovation,Yes
LP003597,Male,Yes,0,Graduate,No,1168547.8808928563,370126.50276499597,25070224.740863625,270.21427418850465,1.0,Urban,Y,33,Employed,25,35302.36906656221,314575.55413918715,550,Personal,Home Purchase,No
LP003598,Male,No,0,Graduate,No,1720687.5184915087,1115471.408851368,53000000.0,279.0546194943107,1.0,Rural,N,32,Employed,10,222261.64193086902,301652.6167141113,728,Personal,Medical Expenses,No
LP003599,Male,Yes,2,Not Graduate,No,1316234.750543936,0.0,39744597.67969009,365.7788205092957,0.0,Urban,Y,41,Employed,5,282177.2260227862,5883.43,596,Home,Working Capital,No
LP003600,Male,Yes,0,Not Graduate,No,1260331.5196645288,1378932.0364937896,27684213.567300893,326.1343491760557,1.0,Rural,Y,46,Employed,25,140674.27334404076,95852.96797211771,611,Auto,Debt Consolidation,No
LP003601,Male,No,0,Graduate,No,1356603.5312430572,1049176.4514528676,39331997.87266198,245.06734882769578,0.0,Urban,N,47,Employed,18,123620.38567237764,390178.39410299936,791,Home,Equipment Purchase,No
LP003602,Male,No,0,Graduate,No,1152787.7183168167,0.0,40823151.8598663,360.75980825628164,1.0,Rural,N,28,Employed,13,12946.20065551583,575702.2010693494,711,Business,Debt Consolidation,No
LP003603,Male,No,3+,Graduate,No,1204205.7264977344,604936.5420649988,45093991.29090239,263.4248791727781,1.0,Urban,Y,33,Employed,6,139019.8681385667,166234.7747762084,718,Personal,Vehicle Purchase,Yes
LP003604,Female,Yes,nan,Not Graduate,No,906244.9356190637,0.0,33878286.7954327,480.0,1.0,Rural,Y,36,Employed,18,33389.602105711005,167207.10518450756,541,Home,Working Capital,No
LP003605,Male,Yes,0,Graduate,No,824008.6201880606,0.0,44914824.1177289,209.34235246921997,0.0,Urban,Y,63,Employed,0,133948.13192750062,229146.1071382013,728,Home,Wedding,Yes
LP003606,Male,No,2,Not Graduate,No,700307.0367587802,1195567.8266576892,14765381.841178276,343.07069285507015,1.0,Urban,Y,39,Employed,18,283836.1241243779,591906.8651280173,640,Business,Home Purchase,Yes
LP003607,Male,Yes,0,Graduate,No,503600.586601462,419634.979116394,24586765.78524247,272.94109875500664,1.0,Urban,N,27,Employed,14,49366.04135319393,257719.1648678467,625,Personal,Study Abroad,No
LP003608,Male,Yes,0,Graduate,nan,,380878.20923351386,36788561.10736456,394.8621135307377,1.0,Urban,N,48,Employed,20,143160.35896294366,5883.43,702,Home,Study Abroad,Yes
LP003609,Male,Yes,2,Graduate,nan,1112458.7127665372,460278.62345259043,38446182.418077916,315.7369477080439,1.0,Semiurban,Y,42,Employed,0,243355.55604255298,604503.7109433985,665,Education,Equipment Purchase,No
LP003610,Male,Yes,3+,Graduate,No,1251151.0212228184,378619.5376337464,26032024.213313587,400.67996846676994,0.0,Semiurban,Y,30,Employed,5,96005.17804653387,385303.6710075736,533,Personal,Wedding,Yes
LP003611,Female,No,3+,Graduate,No,1063943.9484261798,1119863.0918781094,37744047.0026316,385.95024479795404,1.0,Semiurban,Y,38,Employed,4,202576.66684104654,5883.43,750,Education,Home Purchase,No
LP003612,Male,No,0,Graduate,No,50325.0,0.0,28911444.603127398,275.84487387022375,,Rural,N,40,Employed,3,238783.7345511912,144737.40304580913,759,Personal,Debt Consolidation,No
LP003613,Male,Yes,0,Graduate,No,1986885.4088811711,722162.541562941,32380256.147728346,296.2700885813763,1.0,Semiurban,Y,42,Employed,15,172924.1181994643,87859.15665538757,612,Auto,Vehicle Repair,Yes
LP003614,Male,Yes,1,Not Graduate,nan,1742832.291445191,0.0,45397585.09665011,319.23882499022653,0.0,Semiurban,Y,54,Employed,10,174771.9689529624,205186.7754224561,720,Business,Study Abroad,No
LP003615,nan,Yes,0,Graduate,No,1422472.1556085644,947389.749786698,44239222.058886,335.858114492643,0.0,Rural,Y,49,Employed,5,67050.57597089656,544397.517586679,747,Auto,Vehicle Repair,Yes
LP003616,Male,No,0,Not Graduate,No,2153337.566276634,203660.51870346582,25179243.81636738,328.12277305563197,1.0,Semiurban,Y,45,Employed,3,129932.60188888268,5883.43,497,Home,Travel,Yes
LP003617,Male,No,0,Graduate,No,710910.1712581447,399929.0170087701,24577332.469798967,383.59664982085076,,Urban,Y,54,Employed,4,180463.46098147897,178294.24131783884,618,Personal,Home Improvement,No
LP003618,Male,Yes,2,Graduate,nan,2143404.790313002,175100.63279908322,31038113.13446684,353.94711991892956,1.0,Semiurban,Y,39,Employed,19,1500.26,269205.9856697612,469,Business,Travel,No
LP003619,Male,No,0,Graduate,No,716985.1916247259,263662.90963935835,34882384.078270756,303.15099871137386,0.0,Rural,N,35,Employed,12,1500.26,233093.69966867118,722,Home,Business Expansion,No
LP003620,Male,No,0,Graduate,No,1318961.1926456783,0.0,28570862.204252593,285.16283273217533,0.0,Rural,N,47,Employed,19,152078.7166655448,87636.48070205402,705,Personal,Vehicle Purchase,Yes
LP003621,Female,No,3+,Not Graduate,No,562673.5674328979,659095.3335115336,45556271.51799668,290.9563544946079,1.0,Rural,N,46,Employed,33,199959.5532807769,484962.13911035564,606,Auto,Home Improvement,Yes
LP003622,Male,No,0,Graduate,No,1206939.2777721833,816885.1581581782,38623745.507085554,359.7095816691193,1.0,Urban,Y,27,Employed,12,173796.1345182211,215218.2740859571,651,Home,Study Abroad,No
LP003623,Male,Yes,0,Graduate,No,1392675.4789991942,0.0,39210698.18874429,328.3256540659996,1.0,Rural,Y,60,Employed,1,19960.889642685273,189534.35404278914,632,Personal,Medical Expenses,No
LP003624,Male,No,0,Graduate,No,1122247.0644327225,11140.355814134877,22484458.800550286,464.72885548654807,1.0,Semiurban,Y,32,Employed,11,265185.2760772116,316205.79231000954,481,Personal,Vehicle Purchase,Yes
LP003625,Male,Yes,0,Graduate,Yes,1556530.9520450686,,46822754.2638378,339.89539926264877,1.0,Semiurban,Y,49,Employed,27,175184.94701803077,190919.00840411408,782,Personal,Home Improvement,No
LP003626,Male,No,0,Graduate,Yes,1249099.4547436286,9566.593260464433,6948158.867593095,351.23382396629376,0.0,Semiurban,N,49,Employed,21,253228.681347674,136237.78391718632,688,Home,Vehicle Repair,Yes
LP003627,Male,No,0,Not Graduate,Yes,938384.8658112454,272645.16006929264,43490401.60849369,231.84782905872405,1.0,Urban,Y,21,Employed,7,108387.6016422023,61872.100314421376,652,Auto,Debt Consolidation,No
LP003628,Female,No,1,Not Graduate,No,916185.5710988303,1559891.5083430104,44492964.466707714,259.6264299733309,0.0,Urban,Y,46,Employed,10,189716.87448851616,684988.1818083924,652,Home,Study Abroad,Yes
LP003629,Male,No,0,Graduate,No,1605049.1163078481,0.0,30825835.21722039,272.6259147665235,1.0,Urban,N,61,Employed,18,212701.14023591476,405625.40624966007,728,Education,Home Improvement,No
LP003630,Male,Yes,3+,Graduate,No,872721.2150965163,0.0,47878949.26247424,307.92816039166144,0.0,Semiurban,N,36,Employed,16,256273.21573118534,170512.06093820714,522,Education,Tuition Fees,No
LP003631,Male,Yes,0,Graduate,No,1657293.7152424685,9502.421385579684,34518871.56045654,250.97576667745648,,Urban,Y,22,Employed,18,248664.1178175703,501245.9814317624,586,Auto,Study Abroad,No
LP003632,Male,No,0,Graduate,No,1810948.1264159654,198908.5105142155,35774164.12327443,270.61424109779387,0.0,Rural,Y,42,Employed,10,93862.55875679213,351671.7408187563,684,Personal,Home Purchase,No
LP003633,Male,No,0,Graduate,No,365235.298826935,85627.32578310271,38545134.964042164,379.8062390782401,1.0,Urban,Y,48,Self-Employed,15,155446.05497119695,254678.55325705535,765,Auto,Vehicle Purchase,Yes
LP003634,Male,Yes,0,Graduate,No,1766055.4236505174,616788.1280274293,53000000.0,288.3182518509644,1.0,Rural,Y,42,Employed,10,118777.2708915619,41165.39224520096,448,Home,Medical Expenses,No
LP003635,Male,Yes,2,Graduate,No,2229803.5792223494,0.0,48594186.17083005,337.4492429204867,1.0,Semiurban,Y,33,Employed,23,178732.76850062664,81417.64670667701,754,Home,Debt Consolidation,Yes
LP003636,Female,Yes,0,Graduate,No,1325594.1106009642,0.0,42161159.09712918,375.4384188551171,1.0,Rural,Y,32,Employed,0,36485.39549140769,440670.8146334536,601,Auto,Tuition Fees,No
LP003637,Female,No,0,Graduate,No,1499134.3226474111,0.0,26021802.223988056,396.7071969470347,1.0,Urban,N,25,Employed,0,22774.949692004593,397424.21156052407,639,Personal,Debt Consolidation,No
LP003638,Male,No,1,Graduate,No,1718094.8921845793,0.0,36585745.34479493,357.46144783222286,,Semiurban,Y,23,Employed,6,380574.25732721546,5883.43,668,Business,Wedding,No
LP003639,Male,Yes,3+,Graduate,No,1061851.072410489,1913208.953564383,27018606.151536137,361.0744737752159,1.0,Semiurban,Y,40,Employed,7,340047.3028182234,165444.53630736188,565,Personal,Home Improvement,Yes
LP003640,Male,Yes,1,Graduate,No,1290732.3417689349,1515333.573549819,43370955.56282813,398.5466214562309,1.0,Urban,Y,48,Self-Employed,0,270798.35595716705,382967.8398792405,553,Auto,Wedding,No
LP003641,Male,No,0,Not Graduate,No,542492.4651884454,0.0,36554516.84734857,364.7659471998084,1.0,Rural,Y,45,Employed,0,209446.12431171292,469455.72665252874,683,Personal,Wedding,No
LP003642,Male,No,1,Graduate,No,1268909.7442652255,0.0,23904630.29386105,402.0355260647867,0.0,Urban,N,46,Employed,21,235658.12588996405,349861.42100453604,835,Business,Travel,Yes
LP003643,Male,Yes,0,Graduate,No,1448648.2278222707,368593.2266656731,35961092.92418503,211.30644925634223,,Semiurban,Y,50,Employed,11,235902.85879894457,155710.3194129782,580,Personal,Vehicle Purchase,No
LP003644,Male,Yes,0,Graduate,No,1457673.7414632346,1766736.7984030517,26655672.39283695,334.88922694175193,0.0,Rural,Y,58,Employed,10,314788.1339896156,294176.53625607956,579,Personal,Vehicle Purchase,No
LP003645,Male,Yes,0,Not Graduate,No,1732304.5917987903,894883.1092785408,36662009.303375475,343.25124868489365,1.0,Urban,Y,44,Employed,13,121540.14984912923,204820.76975062187,555,Personal,Vehicle Repair,No
LP003646,Male,Yes,0,Graduate,No,812191.1409322354,405600.30055804405,26559073.92634744,332.83694412788844,1.0,Urban,N,47,Employed,25,97679.97754021981,323374.96458069363,644,Home,Home Purchase,No
LP003647,Male,Yes,0,Graduate,No,933288.8516632518,109368.29910185863,35424723.42360813,347.3020295947857,0.0,Urban,Y,47,Employed,13,164498.82550419113,542594.8937675144,576,Personal,Home Improvement,Yes
LP003648,Male,No,0,Graduate,No,2147345.9029956777,1182634.0235085632,42654545.70935095,315.41003653785407,1.0,Semiurban,N,45,Employed,11,219463.34452158964,90529.2264711374,578,Home,Medical Expenses,No
LP003649,Male,No,1,Not Graduate,No,1124428.043118145,553212.8557223128,34619327.17074894,387.2486511669265,1.0,Urban,Y,44,Employed,7,142930.41707445076,303174.3321398801,684,Home,Home Improvement,No
LP003650,Male,No,0,Not Graduate,No,1299609.123656164,1640851.158226246,31240964.418276116,307.7758783646305,1.0,Semiurban,Y,44,Employed,17,116128.71189290978,227629.28376602856,535,Personal,Vehicle Repair,No
LP003651,Male,No,0,Graduate,No,1166087.2091373894,0.0,37182609.30057463,326.84542077066874,1.0,Rural,Y,60,Employed,12,295217.4540742745,194413.14666809977,811,Personal,Tuition Fees,No
LP003652,Female,Yes,0,Not Graduate,No,788751.8168474887,725172.3419732316,42121673.297928534,426.552259854153,1.0,Urban,N,59,Employed,25,90528.69876358153,219008.92270123842,559,Education,Vehicle Purchase,No
LP003653,Male,Yes,3+,Not Graduate,Yes,2011356.8354459032,34311.92271788197,24078014.3911824,418.1763423209271,1.0,Urban,N,25,Employed,11,298045.2972384894,509694.30669679644,767,Auto,Home Purchase,Yes
LP003654,Male,Yes,0,Not Graduate,No,935741.5240396971,718612.942259521,37756408.63705203,349.36806613231937,1.0,Urban,Y,46,Employed,20,252551.53960741876,362880.0382736564,842,Auto,Working Capital,No
LP003655,Male,Yes,0,Graduate,No,635949.468146535,604219.6661174784,48325255.280174,301.69670728472556,1.0,Rural,Y,43,Employed,6,337941.891213701,151146.08779153344,773,Auto,Study Abroad,No
LP003656,Male,No,1,Graduate,No,974222.0913486242,785386.6363000162,40886416.72276716,241.85361749442532,1.0,Rural,Y,57,Employed,6,362345.65605533577,376902.80150620686,761,Personal,Debt Consolidation,Yes
LP003657,Male,No,1,Graduate,No,,1112927.7927433325,35727388.55667228,332.02896573004847,1.0,Urban,Y,43,Employed,0,199187.20515119616,135218.99571425805,736,Personal,Wedding,No
LP003658,Male,Yes,0,Not Graduate,No,873948.4975084091,1401475.0958332792,41547222.15698895,370.40076626918034,1.0,Rural,Y,46,Employed,18,352929.18565564114,5883.43,684,Personal,Home Purchase,Yes
LP003659,Female,Yes,2,Graduate,No,715527.9310738367,1794826.5092825314,39674811.65102683,296.6403123184599,1.0,Urban,N,36,Employed,12,211337.34430554783,5883.43,771,Education,Vehicle Purchase,No
LP003660,Female,No,2,Graduate,No,1508306.5454636621,439676.3007401609,42685858.18159814,340.2657248486633,1.0,Urban,N,52,Employed,17,201521.08719253624,347132.3813033981,641,Business,Study Abroad,Yes
LP003661,Male,Yes,2,Graduate,No,862885.1102200637,48975.308472780394,14910530.98017056,319.00365968756955,1.0,Semiurban,Y,30,Employed,26,183308.3257691289,190091.68430036335,743,Home,Home Purchase,No
LP003662,Male,Yes,0,Not Graduate,No,1643494.197789424,0.0,19615285.75336735,236.57830455376526,1.0,Urban,Y,40,Employed,5,126767.46953182644,446464.7619347792,764,Personal,Home Purchase,Yes
LP003663,Male,No,1,Not Graduate,No,1898834.2265346607,733040.7282545092,45198138.58483237,346.93997314287583,1.0,Semiurban,N,32,Employed,4,234236.7078050114,324400.4137242509,711,Personal,Vehicle Purchase,No
LP003664,Male,No,0,Graduate,No,1590179.8981437995,1013062.4331987277,20097055.3283856,366.01538840392664,1.0,Rural,N,40,Employed,6,269421.34832366253,299082.25290831336,641,Personal,Home Purchase,No
LP003665,Female,Yes,0,Not Graduate,No,1091898.0855699617,0.0,39165233.44719206,349.4751628869444,0.0,Semiurban,Y,37,Employed,0,40013.37914012054,156796.9142146431,709,Home,Home Purchase,No
LP003666,Male,Yes,0,Graduate,No,1270149.4783527965,1229885.7789741177,31629350.529677086,436.65986601634046,1.0,Rural,Y,53,Employed,11,396252.0735853662,351304.76663153793,632,Personal,Study Abroad,No
LP003667,Male,No,0,Not Graduate,Yes,437099.7599279701,357675.07273133163,25187954.634040035,320.5979758594516,1.0,Urban,Y,41,Employed,19,312072.0236228048,557330.4295486176,616,Business,Vehicle Purchase,No
LP003668,Male,Yes,0,Graduate,No,1132702.54373938,0.0,38646344.66147474,315.8310222243411,1.0,Urban,Y,60,Employed,12,113469.04331122132,5883.43,736,Personal,Vehicle Purchase,No
LP003669,Male,Yes,2,Graduate,No,769372.9959665835,0.0,37160182.12716571,469.8976113827939,,Urban,Y,41,Employed,0,216477.10203015694,217017.5450419533,678,Business,Vehicle Repair,No
LP003670,Male,No,0,Not Graduate,No,1546755.4205746495,0.0,53000000.0,264.98542279349823,1.0,Semiurban,Y,31,Employed,9,161979.94121955681,516012.40825801017,735,Auto,Debt Consolidation,Yes
LP003671,Male,Yes,0,Graduate,No,2485968.4246222368,0.0,28901735.04464111,302.72078049416683,1.0,Semiurban,Y,41,Employed,13,195821.87593990762,17878.866820006777,678,Auto,Home Improvement,Yes
LP003672,Male,No,0,Not Graduate,Yes,1449503.0479869046,827551.2675098493,49550948.29069174,361.5689950616711,1.0,Semiurban,Y,49,Employed,20,153632.19369136196,273677.964370978,711,Auto,Tuition Fees,No
LP003673,Female,Yes,0,Graduate,No,204022.15552266676,,38674076.23384315,407.42625708540135,1.0,Urban,Y,62,Self-Employed,18,212950.40565705308,110310.06323445373,791,Auto,Vehicle Repair,No
LP003674,Female,No,3+,Graduate,nan,1018977.1335428135,1618022.1970662412,28539628.27457288,396.00014338077375,0.0,Urban,Y,36,Employed,9,69645.93974140147,193452.78178300435,650,Auto,Study Abroad,No
LP003675,Male,Yes,0,Graduate,No,1260837.6926872274,0.0,43142311.66517246,277.51715808085527,1.0,Rural,N,62,Employed,9,362972.91774880706,5883.43,628,Auto,Vehicle Purchase,No
LP003676,Male,Yes,0,Graduate,No,1243270.9426301317,668689.677218714,40807232.134539515,437.5687132468936,1.0,Semiurban,N,41,Employed,17,76467.16749478763,443922.3627654641,703,Home,Debt Consolidation,Yes
LP003677,Male,Yes,0,Graduate,No,834185.6671956235,0.0,35508280.0385805,367.75361602823915,1.0,Semiurban,Y,38,Employed,7,215580.71544744942,277095.32332305785,433,Business,Vehicle Purchase,No
LP003678,Male,Yes,0,Graduate,Yes,1322238.1013184676,442707.0220969951,37812800.654406235,290.74778469524665,,Urban,Y,52,Employed,19,104788.67795116417,5883.43,729,Auto,Vehicle Repair,No
LP003679,Male,No,0,Graduate,No,578341.8115403063,0.0,29179976.77954469,295.7979725707904,1.0,Rural,N,59,Employed,7,151804.35830960269,330700.2223108179,587,Auto,Tuition Fees,Yes
LP003680,Male,No,2,Graduate,No,727137.8686574665,0.0,26891975.837454937,,1.0,Urban,Y,49,Employed,24,207379.6378424631,288576.1086391157,816,Education,Vehicle Purchase,No
LP003681,Male,Yes,3+,Not Graduate,No,1522491.0508018557,990762.6320611446,42744268.828225836,469.0494348366075,0.0,Urban,Y,28,Employed,14,174668.22173653438,109210.89059978453,736,Personal,Travel,Yes
LP003682,Male,Yes,0,Not Graduate,No,691760.614560087,0.0,32910452.846867263,352.6568834500689,0.0,Urban,Y,47,Employed,0,177510.05524253377,640615.756470841,747,Personal,Medical Expenses,Yes
LP003683,Male,No,2,Graduate,Yes,1468698.0327461285,859001.9673743823,34349017.10750908,468.4996910813112,,Semiurban,Y,65,Employed,17,132743.44288632786,350195.13859258604,749,Home,Tuition Fees,No
LP003684,Male,No,2,Not Graduate,No,514860.34267197095,0.0,37948063.049442776,392.59524310472204,0.0,Rural,Y,21,Employed,14,103628.7004250979,505019.9930410213,623,Home,Debt Consolidation,No
LP003685,Female,Yes,1,Graduate,No,2082005.1718958681,0.0,37802730.53783809,264.1720916666967,,Urban,N,47,Employed,16,225545.26372178318,214750.03415470902,641,Education,Wedding,No
LP003686,Male,Yes,0,Graduate,No,812457.2687979727,0.0,20856582.380259357,424.36062485333474,1.0,Semiurban,Y,40,Employed,30,88980.66188389291,5883.43,512,Home,Vehicle Purchase,Yes
LP003687,Male,Yes,0,Not Graduate,No,1087758.944098278,1453043.23258734,48012367.95454859,283.2609158788029,0.0,Urban,Y,33,Employed,10,107400.38958254493,5883.43,799,Home,Medical Expenses,No
LP003688,Female,No,0,Not Graduate,nan,1364898.8605452029,0.0,,303.0032901333856,0.0,Semiurban,N,55,Employed,0,108456.40876410826,44200.376122248184,549,Home,Wedding,Yes
LP003689,Male,Yes,2,Graduate,No,916917.2537494528,383559.4587901584,33123314.46177851,356.45518411722213,1.0,Rural,Y,24,Employed,22,136038.10494279693,516550.34293852927,663,Personal,Working Capital,No
LP003690,Female,No,1,Not Graduate,No,1271295.2105356522,676385.8460638874,39458307.14169747,338.2038907028531,1.0,Semiurban,Y,39,Employed,0,38043.02655749109,145007.13214028307,775,Auto,Travel,No
LP003691,Female,Yes,0,Graduate,Yes,1487270.5922600627,0.0,37515269.02614863,,,Urban,Y,54,Employed,6,39426.55123723853,455215.5171506563,803,Education,Travel,No
LP003692,Male,No,0,nan,No,1679898.8462517427,41152.53215251112,42820473.984897025,370.0133159598294,1.0,Semiurban,Y,53,Self-Employed,12,214741.7891867638,13687.021310323209,642,Personal,Home Improvement,Yes
LP003693,Male,Yes,1,Graduate,No,1595340.9479864785,763797.027005469,40529683.811509416,332.8343025518817,0.0,Rural,Y,50,Employed,5,215766.39240155887,114459.27135459083,511,Auto,Vehicle Purchase,No
LP003694,Male,Yes,1,Graduate,No,1113686.998098663,633941.6193743317,42328309.37996267,441.8455692776055,1.0,Rural,Y,45,Employed,12,193827.7468807501,143277.76925619415,686,Home,Medical Expenses,Yes
LP003695,Male,Yes,3+,Graduate,No,1126276.3429781988,106217.39346802176,48659786.147275165,311.4376828512509,1.0,Urban,Y,42,Employed,11,289633.2860534604,292007.34645279794,695,Personal,Equipment Purchase,No
LP003696,Male,No,2,Graduate,No,2374146.5090125166,594453.5307727254,43986092.57970972,279.9085215786294,1.0,Urban,Y,38,Employed,24,86466.57729636246,5883.43,703,Personal,Study Abroad,No
LP003697,Male,Yes,0,Graduate,Yes,1674536.764124646,357056.02507009584,33544984.886714377,367.7079475559373,1.0,Rural,Y,33,Employed,0,10590.92197619984,88101.83002579317,637,Business,Working Capital,Yes
LP003698,Male,Yes,0,Not Graduate,No,738680.4018398931,0.0,23920835.529231675,338.81899724251883,1.0,Semiurban,Y,52,Employed,13,236543.86234031356,200345.75737926608,652,Home,Study Abroad,Yes
LP003699,Female,Yes,2,Graduate,No,1249586.311882776,1268963.6097416119,51827826.42004515,354.6325757067451,1.0,Semiurban,Y,46,Employed,5,8637.01479017787,5883.43,602,Personal,Vehicle Purchase,No
LP003700,Female,Yes,0,Graduate,nan,1032020.6606109038,573814.6994730032,,384.1996869044859,1.0,Semiurban,Y,53,Employed,8,153546.3797439337,5883.43,679,Personal,Wedding,No
LP003701,Male,Yes,0,Graduate,No,1131925.1130384451,0.0,30418772.95639478,328.8044302196847,1.0,Rural,Y,35,Employed,18,190904.5136812954,252688.356732932,737,Auto,Vehicle Purchase,Yes
LP003702,Male,No,2,Graduate,No,584844.651145956,793792.5444202225,17782578.91235561,451.42653380071084,1.0,Urban,N,34,Employed,16,351337.4159789275,5883.43,688,Auto,Wedding,No
LP003703,Male,No,0,Graduate,No,993630.6128070235,0.0,38534578.143121116,355.8091917887965,1.0,Rural,Y,49,Employed,15,116665.90004346304,489896.88323164324,661,Auto,Debt Consolidation,No
LP003704,Male,Yes,1,Graduate,Yes,2105370.1165969567,226014.95654633507,36638713.1295377,312.8863821381173,0.0,Urban,Y,21,Employed,2,123290.30879897882,495395.95300817105,766,Personal,Medical Expenses,Yes
LP003705,Female,No,0,Graduate,No,1489130.3804377515,434356.673937718,19998697.727505196,375.28475469763913,1.0,Semiurban,N,21,Employed,22,225362.44256204643,130288.20026499392,688,Education,Home Purchase,No
LP003706,Male,Yes,3+,Graduate,No,,0.0,39682587.51133176,334.7811243371793,1.0,Semiurban,Y,54,Employed,5,220046.12572521588,367379.6245115006,668,Home,Working Capital,No
LP003707,Male,Yes,0,Graduate,No,,1690746.7940260465,30167927.882985614,346.70780917804353,1.0,Semiurban,Y,36,Employed,23,134960.36590385757,260782.93017823642,672,Personal,Home Renovation,No
LP003708,Male,Yes,0,Not Graduate,No,1744406.9914545806,0.0,53000000.0,,1.0,Urban,N,45,Employed,7,182529.98665543424,460536.59996443643,556,Home,Tuition Fees,Yes
LP003709,Male,Yes,0,Not Graduate,No,1019949.5778467917,468301.5241089067,29456235.16909132,280.34239148826083,1.0,Semiurban,N,47,Employed,20,99534.88246119714,155322.42749455775,567,Home,Vehicle Purchase,Yes
LP003710,Male,No,0,Graduate,No,1558224.0018916074,695566.3968084413,30797913.76802207,403.6054202148035,1.0,Semiurban,Y,55,Employed,13,206066.21239711632,349062.79655387317,654,Education,Vehicle Purchase,No
LP003711,Female,No,2,Graduate,No,769892.6245913997,457469.2325196014,26402084.84745633,265.84855292624076,0.0,Rural,Y,38,Employed,0,22435.638741980918,309333.2407835294,598,Business,Home Purchase,No
LP003712,Male,No,2,Graduate,No,964464.3718668213,294930.2240654199,47928612.300419725,332.56742601948207,,Rural,Y,39,Employed,9,427569.64509672805,299137.9003827195,661,Personal,Wedding,No
LP003713,Male,Yes,0,Graduate,Yes,1948865.4103349268,164710.99190924654,31422089.14535247,359.4610382711584,0.0,Semiurban,N,37,Employed,26,230762.11485862004,123795.10010205733,742,Education,Wedding,Yes
LP003714,Male,Yes,0,Graduate,No,1063727.2100651457,0.0,27900705.552345037,424.6915609073444,1.0,Semiurban,Y,50,Employed,19,66721.8101050294,484117.3849114443,728,Auto,Vehicle Repair,No
LP003715,Female,Yes,0,Graduate,No,264726.39902250445,0.0,42219397.18920543,311.03334327445845,1.0,Semiurban,Y,51,Employed,9,141753.8502727006,165383.5861861391,700,Business,Wedding,Yes
LP003716,Female,Yes,0,Graduate,No,1167940.6186093315,1239600.7058874466,21346317.735868152,385.4439672925313,1.0,Urban,N,57,Self-Employed,23,71081.62803852266,164151.59599693533,741,Personal,Home Improvement,No
LP003717,Male,Yes,3+,Graduate,No,1160298.0335428216,119397.58355215285,41400952.552489474,332.6785151157451,1.0,Rural,Y,30,Employed,14,92187.6331298723,102943.98309718844,757,Home,Medical Expenses,Yes
LP003718,Male,Yes,1,Graduate,No,1798776.5146867298,1921150.2567644652,52963844.25600858,209.10280578037833,,Semiurban,N,65,Self-Employed,25,184916.09443339932,115020.81809098605,754,Personal,Home Improvement,No
LP003719,Male,Yes,2,Not Graduate,No,1206760.44108788,896878.5131570377,40815925.41835089,342.6745472701529,1.0,Semiurban,Y,40,Employed,11,291109.46472834365,199030.70128199027,752,Education,Home Purchase,Yes
LP003720,Male,Yes,2,Not Graduate,No,988801.0742798536,0.0,41528830.252599254,335.89555037965374,1.0,Rural,Y,43,Employed,10,156760.82529449236,336925.804236221,557,Personal,Vehicle Repair,No
LP003721,Female,No,0,Graduate,No,1722120.302615603,,43850449.259074844,365.4173003452614,1.0,Urban,Y,45,Employed,20,1500.26,403646.59956425097,495,Home,Wedding,No
LP003722,Male,No,3+,Graduate,No,1259987.346250555,391408.4259941925,52246927.37675519,301.35101632178174,0.0,Semiurban,N,33,Employed,14,110615.1783741304,272703.79983650724,595,Personal,Debt Consolidation,Yes
LP003723,Male,No,2,Not Graduate,No,824580.8892171414,0.0,47248786.690191045,307.74850462610925,0.0,Urban,Y,39,Employed,17,116535.17073720598,530230.3110967714,624,Personal,Vehicle Repair,Yes
LP003724,Male,No,2,Not Graduate,No,1777091.0102708088,1341598.9298781739,39546544.31273024,411.9741674863051,1.0,Semiurban,Y,59,Employed,5,173869.4997462216,270510.2095558318,748,Auto,Home Renovation,No
LP003725,Male,Yes,1,Graduate,No,1296423.1122583996,123478.43658253032,44188761.09636001,319.7412040902093,,Semiurban,Y,60,Employed,21,153176.60119252684,5883.43,656,Education,Home Renovation,Yes
LP003726,Male,No,0,Graduate,No,1201055.2133397188,63967.63780275156,26290497.835348897,225.10417766427403,1.0,Rural,Y,46,Employed,20,1500.26,16083.765734149056,622,Auto,Home Purchase,No
LP003727,Male,No,1,Graduate,No,1288546.4257058273,691253.3018596052,42912782.997473225,369.33666690056015,0.0,Rural,N,55,Employed,23,82621.47706110084,386980.1553317952,679,Education,Wedding,Yes
LP003728,Male,Yes,0,Graduate,No,,1228601.527689364,25094287.378162526,391.6638757998293,,Urban,Y,48,Employed,1,66192.19193620438,181904.4286871904,713,Personal,Travel,No
LP003729,Male,Yes,0,Graduate,No,935765.3419108314,508010.92873871065,31479622.903683737,391.13581708731675,0.0,Rural,Y,43,Employed,3,246634.92948949966,168227.82540382392,735,Home,Home Improvement,No
LP003730,Male,No,0,Graduate,No,1201383.5309163916,457893.8335267372,4324225.338567629,302.99002326105114,1.0,Urban,N,35,Employed,6,140214.99373373293,54082.89131740661,628,Home,Medical Expenses,No
LP003731,Male,Yes,3+,Graduate,No,1102260.38248766,0.0,39164143.683674626,339.92373651117776,1.0,Rural,Y,34,Employed,10,1500.26,166924.8037426336,579,Personal,Home Improvement,No
LP003732,Male,Yes,1,Graduate,No,1835806.4214082977,1216650.084322471,28711126.978916477,371.78665540580863,1.0,Urban,Y,35,Employed,1,87710.16830233863,169893.72745465254,595,Home,Medical Expenses,Yes
LP003733,Male,Yes,2,Not Graduate,No,,514755.8405911457,46261299.24204463,397.7447608406225,1.0,Rural,Y,61,Employed,17,271588.25723904336,345095.50135915,676,Auto,Home Improvement,No
LP003734,Male,Yes,2,Graduate,nan,1627044.1913182011,270810.10080809984,39051773.196054034,370.03482308519847,0.0,Rural,N,53,Employed,9,111944.84404130552,198049.2236633415,570,Home,Home Purchase,No
LP003735,Male,Yes,0,Graduate,No,1204289.9072879248,183965.47612886073,46390806.03701626,386.44742116379416,1.0,Semiurban,Y,59,Employed,22,104722.87206361027,502276.1307735364,750,Auto,Debt Consolidation,No
LP003736,Male,Yes,3+,Graduate,nan,1727736.4718730615,1147398.2069109392,24313881.643274628,295.98115059400646,1.0,Rural,Y,48,Employed,29,150539.46458206934,115985.98923927377,571,Home,Home Renovation,Yes
LP003737,Male,Yes,0,Graduate,No,1398356.108286577,244993.77259061043,45533707.46159633,202.50418830069142,1.0,Rural,Y,34,Employed,7,186170.62148155487,287862.351974266,525,Personal,Debt Consolidation,No
LP003738,Male,Yes,0,Not Graduate,No,1206302.47269423,1149198.622694725,53000000.0,403.1317121386653,1.0,Rural,Y,50,Self-Employed,6,153021.31146832163,5883.43,679,Personal,Vehicle Purchase,No
LP003739,Female,No,0,Graduate,Yes,1192950.6855204902,98517.99765042472,42791430.089318946,283.14892740882397,1.0,Semiurban,Y,57,Employed,18,257949.75850102,378773.1283557175,640,Auto,Equipment Purchase,Yes
LP003740,Male,Yes,1,Graduate,No,722372.9168545183,934234.1286479178,43053337.176922895,329.62474517734574,1.0,Rural,Y,50,Employed,13,153027.09430733437,5883.43,707,Personal,Business Expansion,No
LP003741,Male,Yes,2,Graduate,No,1453050.0900681554,573587.6162396536,36845823.85394935,388.3805768637031,1.0,Rural,Y,29,Self-Employed,15,226550.05626412327,360981.0200094048,620,Personal,Vehicle Purchase,Yes
LP003742,Male,Yes,0,Graduate,No,1179489.8627318104,0.0,29903159.28434636,341.511163034473,1.0,Semiurban,Y,27,Employed,23,183568.09757129248,5883.43,701,Home,Medical Expenses,Yes
LP003743,Male,No,0,Not Graduate,No,948596.2499093977,367737.02166129305,42761770.81701509,382.070211503908,0.0,Rural,Y,50,Employed,10,49496.13061410237,40268.73291939884,755,Home,Debt Consolidation,No
LP003744,Male,Yes,1,Graduate,No,1752823.115406036,0.0,20089017.98597932,480.0,1.0,Semiurban,N,40,Self-Employed,4,326543.28894754674,414550.575649078,609,Personal,Medical Expenses,Yes
LP003745,Male,Yes,0,Graduate,No,574484.2170525994,0.0,30972295.84079184,373.0009521388047,0.0,Semiurban,N,47,Employed,2,269877.6772344621,559840.7979429618,711,Auto,Study Abroad,Yes
LP003746,Male,No,2,Graduate,No,988344.282283783,0.0,17439279.06662818,296.1918657063354,1.0,Urban,N,35,Employed,11,114856.12135674758,5883.43,826,Auto,Business Expansion,No
LP003747,Male,No,3+,Graduate,No,1713451.6043897667,1826870.355225772,28113283.316849176,253.07719234622445,1.0,Urban,Y,45,Employed,9,155864.94722469553,29010.003803543485,734,Personal,Travel,No
LP003748,Male,Yes,0,Not Graduate,nan,1357353.7004601266,0.0,41570298.008935615,,1.0,Urban,Y,31,Employed,19,221233.57401133623,612883.9093580907,593,Auto,Vehicle Repair,Yes
LP003749,Female,No,0,Not Graduate,No,1175662.7661736214,2238673.7290525846,40203780.852204636,344.80042246482566,1.0,Semiurban,Y,46,Employed,23,182068.6640217373,275379.8622602106,695,Auto,Travel,No
LP003750,Male,Yes,2,Graduate,No,1325094.0015750732,,35658984.04535473,257.1724163668532,1.0,Rural,N,51,Employed,23,175501.43460905514,40548.4327460693,548,Auto,Vehicle Repair,Yes
LP003751,Male,Yes,1,Graduate,No,1289299.3155244207,65413.27243288525,36853857.03062011,410.65422120257347,1.0,Semiurban,N,52,Employed,6,211370.25924978682,542381.8027771459,561,Home,Tuition Fees,No
LP003752,Male,Yes,0,Not Graduate,No,441260.95685703936,993072.3604345785,16291200.91135791,383.35891713445835,1.0,Semiurban,N,29,Employed,6,197678.06291421212,364060.01820142276,799,Personal,Working Capital,No
LP003753,Male,Yes,3+,Not Graduate,No,1024961.2873260193,0.0,31424224.284290854,339.21486492217963,1.0,Semiurban,Y,48,Employed,0,198087.7010239876,268979.6730085082,701,Auto,Home Improvement,No
LP003754,Male,No,0,Graduate,No,2007853.0572568744,0.0,28336331.025647905,471.1183896194828,1.0,Urban,Y,37,Employed,12,174088.1106287687,5883.43,803,Home,Vehicle Repair,No
LP003755,Male,Yes,0,Graduate,No,869930.1626114162,483969.4777461796,28559250.184854597,401.3001981498648,1.0,Rural,Y,60,Employed,19,223367.19547568448,666173.3880937586,703,Business,Wedding,No
LP003756,Male,Yes,2,Graduate,No,1040441.7229478329,,41145633.36813754,280.4713629792228,1.0,Urban,Y,54,Employed,6,184737.9833450447,299452.1225720128,616,Education,Vehicle Purchase,Yes
LP003757,Female,No,1,Not Graduate,No,928781.8483454062,1323507.9166833214,,410.2679236309704,,Rural,Y,44,Employed,0,186999.2803589828,185043.99426908133,669,Home,Study Abroad,Yes
LP003758,Female,No,0,Graduate,nan,1156084.6183409314,777031.3666912944,29103038.588725895,355.2053089175419,1.0,Semiurban,N,65,Employed,27,289604.0872885166,539324.354216293,689,Personal,Medical Expenses,Yes
LP003759,Male,Yes,1,Graduate,No,908030.814337851,58078.423431468254,14279154.632904839,453.50851406798745,1.0,Urban,Y,35,Employed,6,204876.3571272495,63638.712766322045,850,Personal,Vehicle Repair,Yes
LP003760,Male,No,0,Not Graduate,No,1442962.98107903,1399013.547456576,32208615.28623831,396.4890372556434,,Urban,Y,43,Employed,11,195615.84145646082,28264.83481393807,728,Personal,Medical Expenses,Yes
LP003761,Male,Yes,0,Graduate,No,1298248.9361451333,,24271471.61286381,368.9683174127593,1.0,Urban,Y,49,Employed,8,85875.20642051956,52332.176326915855,598,Home,Study Abroad,No
LP003762,Male,No,0,Graduate,No,1586366.037553509,616932.5594400787,35941876.37689644,365.5526862708347,,Semiurban,N,65,Employed,1,90408.66383199066,170993.95021296391,647,Personal,Debt Consolidation,Yes
LP003763,Male,No,1,Graduate,Yes,674121.6469055198,1276164.7127764462,25638766.622575358,268.6008988931802,1.0,Urban,Y,59,Employed,19,268619.5961071333,252330.07655100708,707,Home,Study Abroad,No
LP003764,Female,No,0,Graduate,No,1029421.9885585484,1957987.5076893654,36195269.545492165,309.18861230028966,0.0,Urban,Y,52,Employed,0,217224.08133160157,375004.16479845945,567,Personal,Working Capital,Yes
LP003765,Male,Yes,0,Graduate,No,1086730.9141939324,48111.531934386876,33702989.48257657,352.411160329667,1.0,Rural,N,34,Employed,21,248446.729285115,5883.43,663,Business,Business Expansion,Yes
LP003766,Female,Yes,0,Graduate,No,1427415.6850442975,0.0,51870264.82042321,257.60501016752335,,Urban,Y,34,Self-Employed,14,183656.45011644534,307632.99746604543,646,Personal,Vehicle Repair,No
LP003767,Male,Yes,1,Graduate,No,802981.6313964827,27737.856700424512,40122026.89453194,367.94133662526673,1.0,Semiurban,Y,51,Employed,10,201640.03319025208,126463.89451058366,708,Business,Wedding,No
